Story Title (English),Story Title (Hindi),Complete Story Text (English),Complete Story Text (Hindi)
The Divine Butter Thief,माखन चोर की लीला,"There was not a single home in Gokul whose butter was safe. Every morning, some mother or another would arrive at Yashoda's door with a broken pot and an indignant expression. ""Your Kanhaiya again!"" The complaints were always the same — and always delivered with that particular mixture of genuine annoyance and helpless adoration that only Krishna could inspire. Yashoda would fold her hands and apologize — while inside, her heart burst with laughter. Her boy.

Krishna's gang of butter thieves operated with the tactical sophistication of a seasoned raiding party. When the pots were hung high from the ceiling — as the mothers started doing when they realized how capable these children were — Krishna simply recruited more friends. One boy bent down, another climbed on his back, a third on his, and Krishna scrambled to the top of this human ladder with the agility of a squirrel, plunged his hand into the pot, and distributed the spoils with the generosity of a king. The butter went to friends, to monkeys, to stray animals. Krishna himself ate the least — the joy was in the taking, the sharing, the laughter.

One day Yashoda caught him in the act — butter smeared from his chin to his nose, his little hand still in the pot, surrounded by his gleeful companions. She stood in the doorway with her hands on her hips. ""Kanhaiya. Did you eat the butter?"" Krishna looked up at her with the most innocent eyes in the universe. He wiped his mouth with the back of his hand. ""Maiya, I didn't eat anything. Balarama must have put this on my face while I was sleeping."" Yashoda's stern face cracked. She laughed — then quickly rearranged her expression into something more disciplinary.

Yashoda decided enough was enough. She brought a rope and tied Krishna to the heavy grinding stone — the Ukhala — as punishment. But every time she tied the rope, it was exactly two finger-widths too short. She added more rope. Still two fingers short. She called the neighbor women for more rope. Still two fingers short. The universe itself, it seemed, was collaborating with this child's freedom. Finally, exhausted and sweating, Yashoda sat down and wept — not from anger but from helplessness. And in that moment, when he saw his mother's genuine tears, Krishna did what no Brahmastra could accomplish: he allowed himself to be bound.

This is why Krishna bears the name ""Damodara"" — ""the one whose belly was bound by a rope."" But the deeper teaching of this story is not about butter or punishment or childhood mischief. It is about the nature of the divine relationship with devotion. Krishna — who is Brahman itself, the infinite, the boundless — could not be held by any force in any world. But Yashoda's love bound him completely. The butter was never the point. The point was always the love — the wild, unconditional, slightly exasperated, completely devoted love of a mother. And for that love, the infinite willingly became finite.

This divine leela is celebrated every year on Janmashtami through the tradition of Dahi Handi — teams of young men forming human pyramids to break a pot of buttermilk hung high above the street, just as Krishna once did. It is joyful, competitive, communal — and quietly sacred. This story endures not because it teaches a moral lesson, but because it shows the most intimate face of God: not the cosmic, terrifying infinite, but the small, mischievous, butter-smeared child who needs his mother's scolding and his friends' laughter. The Lord, in his greatest act of love, chose to be small. Chose to be hungry. Chose to be caught.","गोकुल की हर माँ एक ही शिकायत लेकर यशोदा के पास आती थी — ""तुम्हारे कन्हैया ने फिर मेरा मटका तोड़ा!"" यशोदा सुनती, माफी माँगती, पर मन-ही-मन मुस्कुराती। उनका लाला था ही ऐसा — माखन के लिए कुछ भी।

कृष्ण की टोली की योजना बड़ी सोची-समझी होती थी। जहाँ माखन ऊँचे मटके में छुपाया जाता, वहाँ एक के कंधे पर दूसरा, दूसरे पर तीसरा — मानव-सीढ़ी बनाते। कृष्ण सबसे ऊपर, हाथ मटके में, माखन मुँह में और आँखों में शरारत।

एक दिन यशोदा ने रंगे हाथों पकड़ लिया। कृष्ण के मुख पर माखन लगा था। यशोदा ने पूछा — ""कन्हैया, क्या तूने माखन खाया?"" कृष्ण ने मुँह पोंछते हुए कहा — ""माँ, मैंने नहीं खाया। यह सब बलराम ने लगाया होगा!"" यशोदा हँस पड़ीं — पर फिर नाराज़गी का भाव लाया।

यशोदा ने कृष्ण को बाँधने का निश्चय किया। ऊखल से बाँधा — पर रस्सी हमेशा दो अंगुल छोटी रहती। जितनी रस्सी जोड़ो, उतनी कम। अंत में यशोदा हार गईं — थक गईं। तब कृष्ण ने अनुभव किया — माँ थक गईं, उन्हें चोट पहुँची। और उन्होंने बँध जाना स्वीकार किया।

इसीलिए कृष्ण को ""दामोदर"" कहते हैं — जिसका उदर रस्सी से बँधा। यह केवल बचपन की कहानी नहीं है। इसमें एक गहरा सत्य है — ईश्वर ब्रह्मांड की शक्ति से नहीं बँधता, पर भक्त के प्रेम से बँध जाता है। माखन तो बहाना था — असली बात थी यशोदा का वात्सल्य।

यह लीला आज भी जन्माष्टमी पर मटकी-फोड़ के रूप में मनाई जाती है। लोग एक-दूसरे के कंधों पर चढ़कर ऊँचाई पर टंगी मटकी तोड़ते हैं — कृष्ण की याद में। यह सिखाती है — ईश्वर का सबसे प्रिय रूप वह है जब वह हमारे बीच आकर हमारी तरह खाता है, हँसता है, और हमें प्रेम करता है।"
Test mythology,,,
Test leela,,,
Test moral,,,
Krishna Subdues the Serpent Kaliya,कालिया नाग दमन,"In a deep pool of the river Yamuna lived Kaliya — a great black serpent of immense size, whose venom was so potent that the water around him had turned dark and dead. Trees on the banks had withered. Birds would not fly over that stretch of the river. Fish floated belly-up near his pool. The villagers of Gokul warned their children with fear in their voices: never go near that part of the river. The river that was their life, their sacred mother — Kaliya had made her into a place of death.

One afternoon, Krishna and his friends were playing on the banks of the Yamuna. Their ball flew wide and landed with a splash directly in Kaliya's pool. The other boys froze, eyes wide. Everyone knew the rule: nothing that goes into that pool comes back. Before anyone could speak, Krishna had already climbed the nearest Kadamba tree — the tallest one on the bank — and stood for a single moment at the top, arms wide, looking down at the dark water below. Then he jumped. The sound his friends made was not a word. It was just pure terror.

Kaliya coiled around Krishna with the full force of his enormous body — coil upon coil, crushing. On the bank, Yashoda screamed and tried to run into the river. Nanda held her back, his own face grey with fear. The water churned black and red. Then — the churning stopped. And something rose from the surface of the pool: Krishna, standing atop Kaliya's great hoods, his feet moving in a dance. He had expanded his body until the serpent's grip became impossible to maintain. Now he stood on the serpent's heads as though they were a stage, and he danced — the Kaliya Mardana, the dance of subduing.

Kaliya's hoods began to bow under Krishna's dancing feet, blood flowing from the marks of those sacred feet. His many heads drooped one by one. His fearsome body, which had terrorized the river for years, was completely subdued. Then from the depths of the pool emerged Kaliya's wives — the Naga women — their hands folded, their faces full of compassion for their husband and reverence for the child above them. ""Lord,"" they pleaded, ""he did not know your glory. He is proud and foolish, but he has a right to live. Please grant him his life."" Krishna paused his dance and looked at Kaliya. The serpent's eyes, once full of venom and power, now held only defeat and pain.

Krishna stepped down from Kaliya's hoods and spoke: ""You cannot remain in this Yamuna. Go to the island of Ramanaka and live there. And carry my footprints on your hoods forever — Garuda, who would normally hunt you, will see my marks and leave you in peace."" Kaliya bowed his great head low and accepted the exile without resistance. The transformation was immediate and total: as the serpent departed the pool, the dark water began to clear. The color returned to the Yamuna. The dead trees on the banks began to stir. Birds returned. Flowers opened. The river breathed again.

The story of Kaliya is not merely a story about a snake. The river Yamuna represents the flow of the soul. Kaliya represents ego — the great serpent within each of us whose venom slowly poisons everything it touches. Krishna's dance on Kaliya's hoods is the dance of consciousness subduing the ego — not by destroying it, but by standing on it, mastering it, redirecting it. And when Kaliya finally bowed, he was not destroyed. He was given a new home, a new purpose, and the Lord's own footprints to protect him. This is what the divine does with our ego when we truly surrender: it does not annihilate us. It puts its own marks on us and sends us to do better.","यमुना नदी के एक कुंड में कालिया नाग रहता था — जिसके विष से यमुना का पानी काला और जहरीला हो गया था। कुंड के पास के वृक्ष मर चुके थे। पक्षी उस दिशा में उड़ते नहीं थे। गोकुल के लोग भयभीत थे — ""न जाओ उस तट पर।""

एक दिन कृष्ण और उनके साथी यमुना के तट पर खेल रहे थे। गेंद कालिया के कुंड में जा गिरी। कृष्ण ने एक पल भी नहीं सोचा — एक ऊँचे कदंब के वृक्ष पर चढ़े और कुंड में छलाँग लगा दी। साथियों के मुँह से चीख निकल गई।

कालिया ने कृष्ण को अपनी कुंडलियों में जकड़ लिया। तट पर खड़े साथी और यशोदा-नंद रोने लगे। पर कृष्ण के होंठों पर मुस्कान थी। अचानक उनका शरीर विशाल होने लगा — कालिया की पकड़ ढीली पड़ने लगी। कृष्ण कालिया के फनों पर चढ़ गए।

कालिया के फनों से रक्त बहने लगा। उसकी पत्नियाँ — नाग-कन्याएँ — बाहर आईं और कृष्ण के चरणों में गिर पड़ीं: ""प्रभु, इसे क्षमा करें। यह अज्ञानी है। इसे जीवनदान दें।"" कृष्ण रुके। उन्होंने कालिया को देखा — अब उसमें अहंकार नहीं था, केवल पीड़ा थी।

कृष्ण ने कालिया को क्षमा किया और आदेश दिया — ""अब तुम इस यमुना में नहीं रह सकते। रमणक द्वीप जाओ। और मेरे पदचिह्न तुम्हारे फनों पर सदा रहेंगे — गरुड़ तुम्हें नहीं छुएगा।"" कालिया ने सिर झुकाया और यमुना छोड़ दी। नदी फिर से स्वच्छ, नीली, पवित्र हो गई।

यह कथा केवल नाग के दमन की नहीं है। यह सिखाती है — भीतर का कालिया हमारा अहंकार है। वह हमारी आत्मा की नदी को विषाक्त करता है। कृष्ण हमारे अंदर आकर उस पर नृत्य करते हैं — और जब हम झुक जाते हैं, हमें निष्कासित नहीं करते, क्षमा करते हैं।"
Krishna Lifts Govardhan Mountain,कृष्ण ने गोवर्धन पर्वत उठाया,"Every year in Gokul, the villagers performed an elaborate ceremony in honor of Indra, the king of the gods and lord of rain, to ensure the monsoon would come and their cattle would be fed. It had been done this way for generations. Nobody questioned it. Then one afternoon, the young Krishna approached Nanda Baba with a quiet but revolutionary question: ""Father, why do we worship Indra? It is Govardhan mountain that gives our cows their grass. It is Govardhan's streams that water our fields. It is Govardhan's forests that shelter us. Should we not honor what actually sustains us?""

Nanda Baba was startled — but he could find no argument against his son's wisdom. Gokul abandoned the Indra puja and performed Govardhan puja instead, circling the mountain and offering it their reverence. Word reached the heavens. Indra's pride was wounded to its core. How dare a village of cowherds replace him with a hill? He summoned his most destructive storm clouds — clouds capable of flooding entire kingdoms — and aimed them at Gokul. The sky turned black at midday. Lightning struck the earth in sheets. Rain fell not in drops but in rivers. The river Yamuna began to rise. Gokul had never seen anything like this.

The people of Gokul ran in every direction, clutching their children, driving their cattle, looking for shelter that did not exist. The flood was coming. There was nowhere to go. Then Krishna walked calmly to the base of Govardhan mountain, reached down, and lifted it. On the little finger of his left hand. He held the entire mountain — with all its forests, its streams, its boulders — aloft as easily as a child holds an umbrella. He turned to the terrified villagers with a smile: ""Come. All of you. Come under.""

Seven days. Seven nights. The storm raged with everything Indra possessed. Every thunderbolt. Every cloud. Every torrent of rain. And not a single drop reached the people of Gokul. They huddled under the mountain — warm, dry, their cattle calm, their children sleeping — while the most powerful god in the heavens exhausted himself trying to break a boy's single raised finger. On the seventh morning, the clouds thinned. The rain slowed. The sky lightened. Indra, for the first time in his divine existence, accepted defeat at the hands of a cowherd.

Indra descended from his white elephant Airavata and stood before Krishna with folded hands — the king of the gods bowing before a seven-year-old cowherd. ""Lord,"" he said, his voice stripped of all its thunder, ""I did not know who you were. I acted from pride, not wisdom. Forgive me."" Krishna placed his hand briefly on Indra's head in blessing, then gently lowered Govardhan mountain back to its place — slowly, carefully, making sure every root and stone settled back where it belonged. He turned to the villagers. ""Everything is alright. Go home.""

Govardhan mountain still exists in Mathura, Uttar Pradesh. Pilgrims still walk its circumference as an act of devotion. And on its surface, there is said to be an imprint — the handprint of the child who once held it aloft for seven days. This story's teaching is simple but absolute: the one who surrenders completely to the Lord needs no other protection. Not rain, not flood, not the anger of heaven can reach them. And the Lord who holds the mountain is not separate from the mountain — He is the shelter, the hand, the smile, and the child who says: ""Come. All of you. Come under.""","गोकुल में इंद्र की पूजा की परंपरा थी। हर वर्ष वर्षा के लिए इंद्र को प्रसन्न करने हेतु बड़ा यज्ञ होता। एक बार कृष्ण ने नंद बाबा से पूछा — ""हम गोवर्धन पर्वत की पूजा क्यों नहीं करते? वही हमें चारा देता है, जल देता है, छाया देता है।""

नंद बाबा चौंके। पर कृष्ण के तर्क में दम था। गोकुल ने इंद्र यज्ञ छोड़ गोवर्धन पूजा आरंभ की। इंद्र को यह अपमान लगा। उन्होंने अपने बादलों को आदेश दिया — ""गोकुल को डुबो दो।"" मूसलाधार वर्षा शुरू हुई — ऐसी जो पहले कभी नहीं देखी थी।

गोकुल के लोग घबराए। पशु, बच्चे, बूढ़े — सब भीग रहे थे। तब कृष्ण आगे आए। उन्होंने एक हाथ से गोवर्धन पर्वत उठा लिया — जैसे कोई छाता उठाता हो — और गोकुलवासियों से कहा: ""आओ, इसके नीचे आ जाओ।""

सात दिन और सात रात कृष्ण ने गोवर्धन थामे रखा। सारे गोकुलवासी, उनके पशु, सब उसके नीचे सुरक्षित थे। इंद्र की वर्षा जारी रही — पर एक बूँद भी नीचे नहीं आई। सातवें दिन इंद्र थक गए। उन्होंने बादल वापस बुलाए।

इंद्र अपने ऐरावत पर उतरे और कृष्ण के चरणों में झुके। ""प्रभु, मैंने अपनी भूल की। मैं नहीं जानता था आप कौन हैं।"" कृष्ण ने इंद्र को क्षमा किया और गोवर्धन को धीरे-धीरे वापस उसी स्थान पर रख दिया। फिर गोकुलवासियों से कहा — ""अब सब सामान्य है। घर जाओ।""

यह कथा हमें सिखाती है — अहंकार, चाहे इंद्र जैसे शक्तिशाली का हो, टिकता नहीं। और जो ईश्वर की शरण में है — उसे किसी और की शरण की ज़रूरत नहीं। गोवर्धन आज भी है। उस पर कृष्ण के हाथ की छाप आज भी है — जो याद दिलाती है: जब आप उनकी शरण लेते हैं, वे पर्वत बनकर आपकी रक्षा करते हैं।"
Test Story,परीक्षण कथा,,
The Abduction of Sita,सीता हरण,"Panchavati — a forest grove on the banks of the Godavari near present-day Nashik. Here Rama had built a simple hermitage, and here the three of them had lived for thirteen years of exile with a quietness that had its own beauty. The forest provided food. The river provided peace. Lakshmana kept watch. And Sita transformed even forest bark into grace. But into this peace came Shurpanakha — Ravana's sister — who saw Rama and was consumed by a desire that would change the course of history. Rama gently refused her. She turned her fury on Sita. Lakshmana intervened and cut off her nose. Shurpanakha fled — bleeding, humiliated, and certain of one thing: her brother would hear of this.

Ravana listened to Shurpanakha's account with two things growing simultaneously in his chest: rage at the insult to his sister, and an obsession with Sita that he dressed up as revenge but was really something darker. He sent for his uncle Maricha — the master of illusions. ""Become a golden deer. Lure Rama away from the hermitage."" Maricha, who had once felt the sting of Rama's arrow, went pale. ""This is the road to destruction, nephew. Rama is no ordinary man."" Ravana's eyes turned cold: ""Do this or I kill you now."" Maricha made his calculation — death by Rama's arrow was at least an honorable end. He agreed.

The golden deer appeared at the edge of the forest — shimmering, impossibly beautiful, unlike anything any of them had seen. Sita was enchanted: ""Rama, I must have that deer — as a pet, or its skin for our return to Ayodhya."" Rama's eyes narrowed. He had seen enough of the forest's deceptions to feel something wrong in this creature's beauty. But he could not refuse Sita. He told Lakshmana: ""Stay. Guard her with your life. Something is not right about this animal."" He went into the forest. When his arrow finally found Maricha, the demon died crying out in Rama's own voice — ""Ha Sita! Ha Lakshmana!"" — a final, perfect trap.

Sita heard the voice — Rama's voice, calling in distress. She begged Lakshmana to go. He refused — steadily, firmly, because he knew. She accused him of wanting harm to come to Rama. The words cut, and still he held his ground. Until she said she would take her own life if Rama died alone in the forest. Lakshmana, torn beyond bearing, drew a line around the hermitage — the Lakshman Rekha — a boundary of protection. ""Do not cross this line under any circumstance,"" he said. And he left. The moment Lakshmana disappeared into the trees, a brahmin arrived — old, frail, carrying a begging bowl. ""Bhiksham dehi."" Sita moved to offer food. She stepped across the line.

The disguise fell away. Ravana stood in his full terrible glory — ten heads, twenty arms, the golden crown of Lanka's king. Sita screamed for Rama. But Rama was deep in the forest, already turning back with a fear he could not name. The old vulture king Jatayu saw Ravana's chariot streak through the sky and hurled himself at it — this ancient bird who had been Dasharatha's friend, now fighting Ravana alone in the sky. He fought until his wings were severed, until he fell from the sky like a broken lamp. Ravana flew south toward Lanka. And Sita, weeping in his chariot, tore flowers and ornaments from herself and dropped them through the air — a trail for Rama to follow.

Rama returned to an empty hermitage. What followed was grief so raw, so human, that generations of listeners have wept with it — Rama calling Sita's name through the empty forest, asking the trees if they had seen her, the river if she had crossed it. The avatar wept as a man weeps. He found Jatayu — the great vulture broken on the ground, barely breathing. Jatayu used his last breath to tell Rama: south. Ravana went south. Rama performed Jatayu's last rites with the full ceremony due a father. Then he turned south. He had no army. No plan. Only love pulling him forward like a compass needle. This story teaches us: the deepest losses do not end the story. They begin the most important chapter of it.","पंचवटी का वन — नासिक के पास, गोदावरी के तट पर। राम, सीता और लक्ष्मण की वन-कुटिया यहाँ थी। वनवास के तेरह वर्ष बीत चुके थे — शांत, साधारण, संतुष्ट। पर उसी वन में रावण की बहन शूर्पणखा विचरती थी। उसने राम को देखा और मोहित हो गई। राम ने अस्वीकार किया। तब उसने सीता पर आक्रमण किया। लक्ष्मण ने उसकी नाक काटी।

रावण ने अपनी बहन की दशा देखी और प्रतिशोध की आग भड़क उठी। पर उसके मन में सीता की छवि भी बस गई — जो शूर्पणखा ने बताई थी। उसने मारीच को बुलाया — ""तुम सोने का हिरण बनो।"" मारीच ने मना किया — ""यह विनाश का मार्ग है।"" रावण ने धमकाया। और मारीच मर जाना पसंद करता था रावण के हाथों नहीं — तो वह सहमत हो गया।

सोने का हिरण आया — अद्भुत, चमकता, लुभावना। सीता मोहित हो गईं: ""राम, यह हिरण चाहिए।"" राम जानते थे — कुछ गड़बड़ है। पर सीता की इच्छा। वे गए। लक्ष्मण को आदेश: ""सीता की रक्षा करो।"" दूर जाकर राम ने बाण चलाया। मारीच मरते हुए चिल्लाया — ""हा सीते! हा लक्ष्मण!"" राम की आवाज़ में।

सीता ने आवाज़ सुनी — राम की। घबराकर लक्ष्मण को भेजा। लक्ष्मण ने मना किया — ""यह माया है।"" सीता ने कहा: ""जाओ — वरना मैं प्राण दे दूँगी।"" लक्ष्मण ने लक्ष्मण रेखा खींची। ""इसे पार मत करना।"" और चले गए। तब रावण आया — एक भिक्षु के वेश में। ""भिक्षां देहि।"" सीता ने भिक्षा देने के लिए कदम आगे बढ़ाया।

भिक्षु का रूप हटा — रावण खड़ा था। दस सिर, बीस भुजाएँ, सोने का मुकुट। सीता ने पुकारा — पर राम दूर थे। जटायु — गिद्धराज — ने रावण का मार्ग रोका। बूढ़ा पक्षी रावण से लड़ा — जब तक उसके पंख न कट गए। रावण सीता को लेकर आकाश में उड़ा — और सीता फूल गिराती गईं — राम के लिए।

राम वापस आए — कुटिया खाली थी। उनका विलाप उस वन में गूंजा जैसे किसी साधारण मनुष्य का — ""सीता... सीता...!"" यह अवतार का दर्द था। उन्होंने जटायु को मरते हुए पाया। जटायु ने बताया — दक्षिण की ओर। राम ने उन्हें अपने पिता की तरह अंत्येष्टि दी। और फिर दक्षिण की ओर चले। यह कथा कहती है — सबसे बड़ा परीक्षण तब आता है जब सबसे प्रिय खो जाता है। और सबसे बड़ी शक्ति तब दिखती है जब हम फिर भी चलते रहते हैं।"
Rama Slays Ravana,रावण वध,"The army of Rama stood at the gates of Lanka — a million warriors who had crossed the impossible ocean on a bridge of floating stones and devotion. Inside the golden city, Ravana prepared his defense. His armies were vast, his generals legendary, his city protected by walls that had never been breached. But Ravana had made one crucial error: he had driven away his wisest brother, Vibhishana, who had urged him to return Sita. Vibhishana arrived at Rama's camp, alone, unarmed, asking for refuge. Sugriva was suspicious. Rama listened to the debate and then spoke with a finality that ended it: ""He who comes to me having set aside all fear — I will never turn him away. Not for any reason.""

The war of Lanka became the greatest battle in the history of creation. Ravana's generals fell one by one — Dhumraksha, Akampana, Prahasta — each mightier than the last. Indrajit, Ravana's brilliant son, struck Lakshmana with the Brahmastra and left him near death. Rama's grief was so complete that the battlefield fell silent around it. Hanuman's mountain-lifting mission saved Lakshmana. Then Kumbhakarna woke — Ravana's enormous brother, who had slept for six months and woken to learn his king had abducted another man's wife. He went to war anyway, out of loyalty. Rama's arrows ended him. Lakshmana faced Indrajit in single combat and killed him with the Aindrastra. Now there was no one left between Rama and Ravana.

Ravana descended onto the battlefield in his personal chariot — ten heads blazing, twenty arms each holding a weapon, his roar shaking Lanka's own walls. Rama met him. For a time, the battle seemed impossible — Rama's arrows severed head after head, and each one regrew. The source of Ravana's immortality lay hidden. Then the sage Agastya appeared beside Rama in the midst of battle — perhaps real, perhaps something Rama's deepest mind produced. ""Recite the Aditya Hridayam,"" he said. ""The hymn to the sun. Three times."" Rama paused in the battle, closed his eyes, and recited. Something changed in him — a clarity, a stillness beneath the war's noise. He opened his eyes and knew exactly what to do.

Vibhishana had told Rama the secret: Ravana's nectar of immortality resided in his navel. Only a weapon that struck there would kill him. Rama reached for the divine arrow that Agastya had given him — the Brahmastra that carried within it the wind, the fire, the sun's brilliance, and the weight of mountains. He notched it to his bow. The air around him became very still. The battlefield sounds seemed to recede. Every being in Lanka and on the field held their breath. Even the clouds seemed to pause. Rama drew the bowstring back to his ear. He looked not at Ravana with hatred, not with triumph — but with the sorrow of a righteous man who has been left with no other choice.

The arrow flew. It struck Ravana in the navel — and the king of Lanka fell. The ten heads stilled. The twenty arms went quiet. The earth received him as the sea receives a great ship finally reaching harbor. And from Ravana's fallen form, something extraordinary happened: his accumulated tapas, his vast knowledge, his lifetime of learning — all of it rose as a column of light and moved toward Rama, as if even in death, that brilliance recognized its rightful master. The gods rained flowers from the sky. Vibhishana wept over his brother. Rama told him: ""Grieve not. He was a great man who made a great error. Honor him."" And he went to the Ashoka grove where Sita waited.

The fall of Ravana raises a question that has occupied scholars for centuries: he was a great scholar, a master of the Vedas, a devoted worshipper of Shiva, a king who had brought prosperity to Lanka. Why did he fall? Because knowledge without humility becomes arrogance. Power without restraint becomes destruction. Devotion without surrender remains incomplete. Ravana had extraordinary gifts — and one fatal flaw: he could not hear the word ""no."" Not from his brother Vibhishana, not from his wise counselors, not from the universe when it spoke through Sita's refusal. The Ramayana's deepest teaching is this: the distance between Ravana and Rama is not intelligence or strength or devotion. It is one quality alone — the willingness to be righteous even when righteousness costs you everything you want.

The victory of Rama over Ravana is celebrated as Vijayadashami — Dussehra — across India on the tenth day of Navratri. Enormous effigies of Ravana are burned in every city and village, the flames visible for miles. But this celebration is not simply the burning of a villain. It is a personal ritual — an annual reminder that the Ravana we need to defeat is the one that lives within us. Ego, arrogance, the inability to accept ""no,"" the willingness to take what belongs to another, the silencing of the inner Vibhishana who always knows better — these are the ten heads of the Ravana that each of us carries. Dussehra asks: which of your inner demons will you burn today?","रामसेतु पार करके राम की सेना लंका के द्वार पर खड़ी थी। रावण ने विभीषण को राज्य से निकाला था — और विभीषण राम की शरण में आ गए थे। सुग्रीव ने पूछा: ""क्या इस पर विश्वास करें?"" राम ने कहा: ""जो भय छोड़कर मेरी शरण आए — मैं उसे कभी नहीं लौटाता।""

युद्ध आरंभ हुआ। रावण के महायोद्धा एक-एक गिरे। इंद्रजीत ने ब्रह्मास्त्र से लक्ष्मण को घायल किया — लक्ष्मण मूर्छित हो गए। राम विलाप करने लगे। हनुमान ने संजीवनी पर्वत उठाया, लक्ष्मण जीवित हुए। कुंभकर्ण जागा — विशाल, भयंकर। पर राम के बाण से वह भी गिरा। इंद्रजीत का अंत लक्ष्मण ने किया।

रावण स्वयं रणभूमि में उतरा। दस सिर, बीस भुजाएँ, चमकता कवच। राम के बाण उसके सिर काटते — नए सिर उग आते। राम ने सोचा। तब अगस्त्य मुनि प्रकट हुए — ""आदित्य हृदयम्।"" सूर्य स्तोत्र। राम ने तीन बार पाठ किया। उनके भीतर एक अलग ऊर्जा जागी। वे जानते थे अब — कहाँ प्रहार करना है।

विभीषण ने बताया था — रावण की नाभि में अमृत है। वहाँ बाण लगे तो ही वह मरेगा। राम ने ब्रह्मास्त्र उठाया — अगस्त्य मुनि द्वारा दिया गया दिव्य बाण। उस बाण में वायु था, अग्नि था, सूर्य का तेज था, पर्वतों का भार था। राम ने प्रत्यंचा खींची। पूरा आकाश स्तब्ध हो गया।

बाण छूटा। सीधा रावण की नाभि में। रावण गिरा — जैसे कोई महापर्वत धराशायी होता है। उसके दस सिर शांत हो गए। उसका तेज — वह ज्ञान, वह शक्ति, वह अभिमान — एक प्रकाश बनकर राम के चरणों में समा गया। देवता फूल बरसाने लगे। सीता अशोक वाटिका से मुक्त हुईं। राम ने विभीषण को लंका का राजा बनाया।

रावण के पतन से एक प्रश्न उठता है — वह तो महापंडित था, वेदों का ज्ञाता, शिव भक्त। फिर क्यों मारा गया? क्योंकि ज्ञान बिना विनम्रता के अहंकार बन जाता है। शक्ति बिना संयम के विनाश बन जाती है। रावण के पास सब कुछ था — पर वह ""नहीं"" सुनना नहीं जानता था। और जो ""नहीं"" नहीं सुनता, वह एक दिन राम का सामना करता है।

रावण वध विजयादशमी पर मनाया जाता है — दशहरा। पूरे भारत में रावण के पुतले जलाए जाते हैं। पर यह उत्सव केवल एक दानव के अंत का नहीं — यह हमारे भीतर के अहंकार, क्रोध, और अधर्म को जलाने का संकल्प है। जब रावण का पुतला जले — तो उसके साथ अपने भीतर का एक दोष भी जलाएँ। यही दशहरे का असली अर्थ है।"
The Marriage of Shiva and Parvati,शिव-पार्वती विवाह,"When Sati — Shiva's first beloved — died in the fire of her father Daksha's yajna, something in Shiva broke beyond what we can name. He carried her body across the three worlds, howling a grief that shook the mountains. When Vishnu finally released him from that devastation, Shiva retreated to the highest Himalayan peaks and sealed himself in meditation. Years became centuries. Centuries became ages. He neither ate, nor spoke, nor opened his eyes. Meanwhile, the demon Tarakasura grew drunk on his own power. He had obtained a boon from Brahma — only the son of Shiva could defeat him. He laughed. The ascetic Shiva, he believed, would never love again. The world was his.

In the kingdom of Himavat, the mountain king, a daughter was born who carried spring in her eyes and mountains in her patience. Parvati — for that was her name — was Sati reborn, though she did not know the full story of her past life. What she knew was simpler and more certain: she loved Shiva. Not for his power, not for his position, not for what he could give her. She loved him as the ocean loves the shore — because it is simply in her nature. She began making the journey to his cave each day. She swept the ground around him, placed fresh flowers at his feet, chanted his name into the cold mountain air. The meditating Shiva gave no sign of knowing she was there.

The gods, desperate, sent Kamadeva — the god of love — to awaken Shiva's heart with one of his flower-tipped arrows. Kamadeva approached the meditating form of Shiva with all the stealth of a divine archer. He drew back his bow of sugarcane, tipped with a blossom of the Ashoka flower, and fired. The arrow struck. Shiva's eyes opened. But it was his third eye — the eye of cosmic fire — that opened first. A beam of absolute heat shot from it, and Kamadeva was reduced to ash in an instant. The mountains trembled. The gods cowered. Then Shiva's gaze fell on Parvati — standing quietly among the smoke and chaos, looking at him with eyes that held no fear. Only love. Only patience. Only the certainty of someone who has always known how this story ends.

Parvati resolved that if she could not win Shiva's heart through service, she would win it through tapas — through the fierce discipline of one who has decided that nothing else matters. She gave up fruit. Then leaves. Then water. She sat motionless through blazing summers and bone-cracking winters, her body thinning to light, her mind burning with one name: Shiva. She became known as ""Aparna"" — the one who gave up even leaves. Her austerities heated the three worlds until the gods begged her to stop. Then one day, an old brahmin arrived at her meditation site and began insulting Shiva — calling him ugly, uncouth, unsuitable. Parvati's eyes opened. Her voice was calm but absolute: ""Leave my presence. I will not hear a word against him."" The old man smiled — and revealed himself.

The old brahmin's form dissolved — and Shiva stood before her in his full glory, his matted locks carrying the Ganga, the crescent moon at his brow, the cobra at his throat, ash smeared across his skin. Not the ornate ideal of a king — but exactly, entirely himself. ""I am satisfied,"" he said. ""Will you have me as I am?"" Parvati's answer needed no words. The wedding of Shiva and Parvati became the greatest celebration the universe had ever witnessed. Gods came from every direction. Celestial musicians played. Flowers rained from the sky. Shiva arrived on his bull Nandi, accompanied by his unusual entourage of ghosts and wanderers and sages. Parvati arrived in her radiance. And for the second time across two lifetimes, these two souls found each other.

The marriage of Shiva and Parvati is the eternal love story of Sanatana Dharma — not because it is romantic in the modern sense, but because it is true in the deepest sense. Parvati's love was not desperate or clinging. It was grounded, patient, unconditional. She did not try to change Shiva, fix him, or make him more presentable. She loved him completely — the ash, the serpents, the three eyes, the untamed grief, all of it. And Shiva — closed off behind centuries of sorrow — opened. This story lives in every human heart that has ever loved someone who seemed unreachable, and waited anyway. It says: the love that is real enough, patient enough, and pure enough — always finds its way home.","देवी सती की मृत्यु के बाद शिव वैरागी हो गए। वे हिमालय की गुफाओं में समाधि में लीन हो गए — न खाना, न पानी, न संसार की चिंता। तब असुर तारकासुर ने ब्रह्मा से वरदान माँगा — ""केवल शिव-पुत्र ही मुझे मार सके।"" उसे विश्वास था — वैरागी शिव का पुत्र कभी नहीं होगा।

हिमालय-पुत्री पार्वती, देवी सती का ही पुनर्जन्म थीं — पवित्र, दिव्य, अनंत प्रेम से भरी। उन्होंने शिव को प्रेम किया — न शक्ति के लिए, न वरदान के लिए, केवल इसलिए कि वे शिव थे। उन्होंने उनकी सेवा का निश्चय किया। वे प्रतिदिन उनकी गुफा के पास फूल चढ़ातीं, साफ़ करतीं, प्रार्थना करतीं। शिव की समाधि न टूटी।

देवताओं ने कामदेव को भेजा — प्रेम के देवता — शिव की समाधि तोड़ने के लिए। कामदेव ने फूलों का बाण चलाया। शिव की आँखें खुलीं — तीसरा नेत्र। एक ज्वाला निकली और कामदेव भस्म हो गए। देवता भयभीत हुए। पर शिव ने पार्वती को देखा — शांत, समर्पित, निष्काम। उनका क्रोध शांत हुआ।

पार्वती ने तब कठोर तपस्या का संकल्प लिया। उन्होंने फल-फूल खाना छोड़ा, पत्ते खाए, फिर वे भी छोड़ दिए। ""अपर्णा"" — बिना पत्तों वाली — वे कहलाईं। उनकी तपस्या से तीनों लोक गर्म होने लगे। तब शिव प्रकट हुए — एक वृद्ध ब्राह्मण के रूप में — पार्वती की परीक्षा लेने।

वृद्ध ब्राह्मण का रूप विलुप्त हुआ — और सामने खड़े थे स्वयं महादेव। पार्वती की तपस्या पूरी हुई। शिव ने उनका हाथ माँगा। हिमालय और मेनका की सहर्ष स्वीकृति मिली। विवाह का उत्सव तीनों लोकों में मनाया गया। शिव का दुकूल-वेश, जटाओं में गंगा, गले में नाग, माथे पर चंद्रमा — पार्वती ने उन्हें वैसे ही स्वीकार किया।

शिव-पार्वती का विवाह केवल एक कथा नहीं — यह एक संदेश है। पार्वती ने सिखाया: प्रेम में कोई शर्त नहीं होती। प्रतीक्षा में शक्ति होती है। निष्काम भक्ति कभी व्यर्थ नहीं जाती। और शिव ने सिखाया: कितने भी घाव हों, प्रेम की वापसी संभव है। जो जोड़ी कैलाश पर विराजमान है — वह संसार को सिखाती है कि प्रेम, शक्ति, और वैराग्य एक साथ हो सकते हैं।"
The Cosmic Dance of Nataraja,नटराज का ब्रह्मांडीय नृत्य,"In the ancient forest of Tillai — what we now call Chidambaram — lived a community of powerful sages who had mastered every Vedic rite and ritual. They were brilliant men. They were also deeply arrogant. They believed that spiritual power came from knowledge and correct performance of ceremony — that God was a force to be commanded by the right combination of words and fire. Their wives, meanwhile, could not help but be drawn to the wandering ascetic who had appeared at the forest's edge — wild-haired, ash-smeared, barefoot, radiating something their husbands' learned rituals had never produced. The sages, enraged, decided to destroy this intruder.

The sages performed their most powerful rituals. From the sacred fire, they conjured a ferocious tiger and unleashed it on the wanderer. The ascetic caught the beast with one hand, stripped it of its skin with the ease of one removing a cloth, and draped the tiger's pelt across his shoulders. The sages stared. They conjured a monstrous serpent. The wanderer lifted it, draped it around his neck like a garland, and smiled at them. Desperate, they called upon their darkest power — the demon Apasmara, spirit of ignorance and ego, who could make even the wisest man forget himself. Apasmara charged at the wanderer with a roar that shook the trees.

The wanderer stepped on Apasmara — pinning the demon of ignorance beneath his raised foot with complete effortlessness. And then — he began to dance. It was not a performance. It was not entertainment. It was the dance from which all of creation was born and to which it will one day return. His upper right hand held a small drum — the damaru — whose rhythm was the heartbeat of time. His upper left hand held fire — the fire of destruction and transformation. His lower right hand made the gesture of ""fear not."" His lower left pointed toward his raised foot — freedom. A circle of flames surrounded him. The forest shook. The stars froze. The sages fell to the earth, their arrogance dissolving like morning frost.

The Nataraja form is not merely a beautiful sculpture — it is a complete philosophy compressed into a single image. The damaru in his upper right hand makes the sound from which language and creation emerge. The fire in his upper left hand is the cosmic dissolution. His lower right hand in the abhaya mudra says: ""Do not fear."" His lower left points down to his raised left foot: ""Here is liberation — anyone can reach it."" His right foot stands upon Apasmara — the demon of ego and forgetfulness that keeps us trapped in suffering. And the ring of fire surrounding him is the endless cycle of time through which all things pass. In one image, every human question about existence is answered.

The sages lay on the forest floor, their faces pressed into the earth, their arrogance completely gone. They had spent lifetimes accumulating knowledge — and in one moment of that cosmic dance, they understood what they had been missing. Knowledge without devotion is a lamp without flame. Ritual without surrender is a door without a house behind it. They wept. Shiva did not gloat. He raised them one by one, placed his hand on their heads, and spoke gently: ""The rites were never wrong. Only the pride that surrounded them. Use them as a bridge — not as a destination."" That day, the sages of Tillai became the first Shaivite devotees.

The Nataraja temple at Chidambaram stands to this day at the place where this cosmic dance unfolded. And perhaps the most remarkable testament to the enduring truth of this image is found at CERN — the world's most advanced particle physics laboratory in Geneva — where a bronze Nataraja stands outside the main building. Scientists placed it there because they saw in this ancient image something their own equations confirm: the universe is not static. It dances. Particles appear and disappear. Energy becomes matter and returns. Everything is in constant creation and dissolution. What Shiva's foot showed those arrogant sages in an ancient forest — the modern physicist writes in equations and calls it the dance of subatomic particles.","एक बार तिलवनम के जंगल में कुछ अहंकारी ऋषि रहते थे जो समझते थे कि वेद-मंत्रों से ही सारी शक्ति मिलती है — ईश्वर की कृपा बिना भी। उन्होंने यज्ञ और तंत्र से जो चाहा प्राप्त किया। उनका अहंकार बढ़ता गया। तब एक दिन उनके जंगल में एक भिखारी आया — रूखे बाल, राख लिपा शरीर, मुस्कुराता चेहरा।

ऋषियों ने यज्ञकुण्ड से एक भयंकर व्याघ्र उत्पन्न किया और उस भिखारी पर छोड़ा। भिखारी ने मुस्कुराते हुए बाघ को पकड़ा और उसकी खाल उतारकर अपने कंधे पर ओढ़ ली। ऋषियों ने एक विषधर सर्प उत्पन्न किया — भिखारी ने उसे गले में माला की तरह पहन लिया। तब उन्होंने एक बौना राक्षस — अपस्मार — भेजा।

भिखारी के पैर ने अपस्मार को एक क्षण में दबा दिया — और फिर वह नृत्य करने लगा। पर यह कोई साधारण नृत्य नहीं था। आकाश में तारे थमे, देवता झुके, पृथ्वी काँपी — और उस भिखारी के चारों ओर ज्वाला का एक वृत्त प्रकट हुआ। तब ऋषियों ने देखा — यह भिखारी नहीं, स्वयं महादेव थे।

नटराज के नृत्य के पाँच अर्थ हैं — पाँच कार्य: सृष्टि (दमरू की ध्वनि), स्थिति (अभय मुद्रा), संहार (अग्नि), तिरोभाव (माया का आवरण), और अनुग्रह (मुक्ति का मार्ग)। उनके पैर के नीचे अपस्मार — अज्ञान और अहंकार का दानव — दबा है। यह मुद्रा कहती है — ज्ञान के प्रकाश में अज्ञान का कोई स्थान नहीं।

ऋषि अब जान चुके थे — शक्ति केवल मंत्रों में नहीं, भक्ति में है। वे शिव के चरणों में गिरे। महादेव ने उन्हें उठाया। उनका क्रोध नहीं था — केवल करुणा। उन्होंने ज्ञान दिया: ""मंत्र साधन है, प्रेम साध्य है। अनुष्ठान रास्ता है, अनुभव मंज़िल है।""

आज चिदंबरम का नटराज मंदिर उसी स्थान पर है जहाँ यह नृत्य हुआ था। नटराज की मूर्ति संसार की सबसे प्रसिद्ध मूर्तियों में से एक है — CERN के भवन के बाहर भी नटराज की मूर्ति है, क्योंकि वैज्ञानिक उसमें ब्रह्माण्ड की गति का सत्य देखते हैं। जो शिव ने उस जंगल में सिखाया — विज्ञान भी आज वही खोज रहा है।"
The Return to Ayodhya — Diwali,अयोध्या वापसी,"Fourteen years. Three spent learning the depths of the forest. Ten navigating loss, grief, and the relentless forward motion of duty. One consumed by the war that changed everything. And now — aboard the Pushpaka Vimana, the divine flying chariot of Lanka's treasury — Rama was going home. Beside him sat Sita, her face turned toward the passing clouds. Behind them, Lakshmana. And Hanuman, who had made all of this possible, who had leaped the ocean and burned Lanka and carried mountains — Hanuman sat quietly, needing nothing, complete. As the vimana descended toward Ayodhya, Rama saw the Sarayu River gleaming below, the familiar streets, the palace rooftops. His eyes filled.

Ayodhya had been waiting. Bharata had marked every single day of the fourteen years — living as an ascetic in Nandigrama, sleeping on the ground, eating simply, governing the kingdom not as king but as regent, with Rama's sandals on the throne above him. The moment word arrived that Rama was returning, Bharata ran. Citizens ran. Women who had lit a lamp every evening for fourteen years ran to their doorways. The Pushpaka Vimana descended and the sight of Rama — alive, returned, exactly as he had left except that his eyes now held everything those fourteen years had given him — broke open a grief that the city had been carefully holding for a very long time. Ayodhya wept and laughed in the same breath.

That night, Ayodhya lit lamps. Every home, every street corner, every rooftop, every window — lamps of earthen clay filled with mustard oil and cotton wicks, burning in their millions until the city glowed like a second constellation fallen to earth. There were no instructions needed, no coordination. Every citizen simply reached for what they had and lit it. The message was too important to be left in the darkness: Rama has come home. Dharma has returned. The long night is over. This was the first Diwali — and every Diwali since has been its echo, its annual retelling, its reminder that light always returns.

The coronation that had been stolen fourteen years ago was finally performed — with every rite completed, every mantra recited, every blessing given. Rama was crowned king of Ayodhya. Sita was crowned queen. The three mothers who had wept the longest wept again — but differently now. Hanuman sat in the court, not at the throne, not demanding recognition. He was simply present — which was all he had ever wanted. And Ram Rajya began. The reign that would become the eternal ideal of governance: where no subject went hungry, where no injustice went unaddressed, where the king felt the rain on his skin as his citizens felt it, where dharma was not a policy but a way of breathing.

When we light lamps on Diwali, we are lighting them for all of them. For Bharata, who gave up the pleasure of a throne to honor his brother's right to it. For Lakshmana, who chose exile over comfort without being asked twice. For Sita, who kept her dignity intact through captivity and never stopped believing that Rama would come. For Hanuman, who asked for nothing and gave everything. For Jatayu, who fought with his last strength for someone else's wife and someone else's honor. And for Rama himself — who walked through exile and war and grief and never, not once, stepped off the path of dharma. Each lamp is a name. Each flame is a memory.

The name ""Rama"" — just two syllables, the most widely spoken name in the Indian subcontinent across thousands of years. It is whispered at births and deaths. It is the greeting between pilgrims on the road. It is what the dying say when words fail them. It is what Hanuman said when he tore open his chest. Two syllables that carry an entire philosophy of living: that dharma is not a burden but a direction; that love is not weakness but the greatest strength; that the path through the forest always leads home. Light your lamp tonight. Open the door. Rama is always returning — to every heart that keeps its lamp burning.","चौदह वर्ष। तीन वर्ष वन में, दस वर्ष कठिनाइयों में, एक वर्ष युद्ध में। और अब — पुष्पक विमान पर, सीता के साथ, लक्ष्मण के साथ, हनुमान के साथ — राम अयोध्या लौट रहे थे। नीचे से वे देख सकते थे — सरयू नदी, वे राजपथ, वे महल। राम की आँखें भर आईं।

अयोध्या को पता था। भरत ने हर दिन प्रतीक्षा की थी — राम की खड़ाऊँ सिंहासन पर रखकर, स्वयं तपस्वी की भाँति। जिस दिन उन्हें संदेश मिला — भरत दौड़े। नंदिग्राम से अयोध्या की ओर। नगरवासी दौड़े। माताएँ दौड़ीं। और जब पुष्पक विमान उतरा — पूरी अयोध्या एक साथ रोई और हँसी।

उस रात अयोध्या में दीप जले — हर घर में, हर गली में, हर छत पर। जहाँ तक दृष्टि जाए — प्रकाश ही प्रकाश। राम आए हैं — यह समाचार दीपों की भाषा में पूरी धरती को बताया गया। यही दीपावली का जन्म था — प्रकाश का वह उत्सव जो तब से हर वर्ष, उसी स्मृति में मनाया जाता है।

राज्याभिषेक हुआ — वह जो चौदह वर्ष पहले नहीं हो सका था। राम राजा बने। सीता रानी। लक्ष्मण युवराज। हनुमान... हनुमान ने कोई पद नहीं माँगा। वे बस वहाँ थे — राम के पास। और राम राज्य आरंभ हुआ — वह शासन जिसे आज भी न्याय का आदर्श कहा जाता है।

दीपावली पर आज भी जब दीप जलाए जाते हैं — तो वे सिर्फ रोशनी के लिए नहीं। वे एक स्मृति हैं। उन नागरिकों की जिन्होंने अपने राजा की राह देखी। उस भरत की जिसने राज-सत्ता खड़ाऊँ को सौंप दी। उस हनुमान की जो पूरे रास्ते साथ रहे बिना कुछ माँगे। उस सीता की जो संकट में भी अपनी गरिमा न खोईं। और राम की — जिन्होंने वन को भी राजपथ की तरह चला।

""राम"" — यह केवल एक नाम नहीं। यह एक जीवन जीने का तरीका है। जब ""र"" और ""म"" के बीच ""आ"" आता है — वह खुला स्वर है, निर्बाध, मुक्त। राम का नाम लेते ही हृदय खुलता है। इसीलिए यह सबसे सरल मंत्र भी है और सबसे गहरा भी। अयोध्या के दीप आज भी जलते हैं। राम आज भी लौटते हैं — हर उस हृदय में जो उनके लिए दरवाज़ा खोलता है।"
Ganesha and the Moon's Laughter,गणेश और चंद्रमा का उपहास,"One moonlit evening, Ganesha was returning home after a grand feast, his belly magnificently full of modaks, riding his small mouse at a leisurely pace. Suddenly a serpent crossed their path. The mouse startled and bolted — and Ganesha, round-bellied and off-balance, tumbled to the ground. His modaks scattered across the earth. Ganesha calmly gathered them back, pressed his hand against his belly to keep everything inside, and — with great presence of mind — tied the serpent around his middle as a belt to hold himself together. He stood up, dusted himself off, and prepared to continue home. Up in the sky, the moon watched all of this.

The moon laughed. Not a polite chuckle — a full, unrestrained, rolling laugh that echoed across the night sky. He laughed at the elephant-headed god who had fallen, at the scattered sweets, at the improvised snake-belt, at the whole undignified scene. He was beautiful, the moon, and he knew it — and in his beauty he had developed the habit of mocking what did not match his standard of elegance. Ganesha looked up. His eyes were not angry. They were something quieter and more final — the eyes of one who has been laughed at not for something he did wrong, but for who he is.

Ganesha spoke the curse quietly and completely: ""You laughed at the form that Brahma and my parents created. From this day, whoever looks upon you on Ganesh Chaturthi will be falsely accused — a shadow will fall on their reputation. And you yourself shall wax and wane forever, never remaining full, never finding the completeness you were so proud of."" The moonlight dimmed instantly. The night, which had been silver, went dark. Across the three worlds, creatures looked up in confusion and alarm. The moon, who had laughed so freely moments ago, found himself shrinking.

The gods pleaded with Ganesha for mercy. Finally, the moon himself descended, stripped of all his pride and radiance, and bowed before Ganesha with genuine remorse: ""I laughed at you. I was wrong. I ask for your forgiveness."" Ganesha's expression softened. He did not fully remove the curse — some lessons must leave a lasting mark — but he shaped it into something livable: ""On the night of Ganesh Chaturthi, no one should look at you. That night the old curse holds. But for the rest of the year, let your light return and illuminate the world."" The moon accepted.

This is why, on the night of Ganesh Chaturthi, Hindus traditionally avoid looking at the moon. If seen accidentally, the remedy is to recite or hear the story of the Syamantaka jewel from the Bhagavata Purana, which dissolves the ill effect. But the deeper teaching of this story reaches far beyond ritual. The moon was beautiful — genuinely radiant. And yet his beauty became a source of cruelty. Ganesha was unusual in form — and yet his form was deliberate, meaningful, sacred. The lesson: never mistake the unconventional for the inferior. The most extraordinary beings in the universe rarely look the way you expect.

Chandra — the Moon — came before Ganesha with genuine remorse. He had not meant cruelty; he had simply not thought before laughing. He bowed low and admitted his arrogance: ""I believed my beauty made me superior to everyone I saw. I was wrong. Forgive me."" Ganesha looked at the diminished, darkened moon — and felt compassion. The lesson had been effective. ""I forgive you,"" Ganesha said. ""Your light will return. But remember this one night — the night of my festival — as the night you forgot your place. Let it remind you, and all who observe it, that beauty without humility is incomplete.""

To this day, on the night of Ganesha Chaturthi, devout Hindus do not look at the moon. If someone accidentally sees it — while going out to fetch water or simply glancing at the sky — tradition says they should recite a verse connected to Lord Krishna, who was himself falsely accused (of stealing the Syamantaka jewel) and thus exists within the protective power of this story. The deeper teaching beneath the tradition: never mock the divine form — in temple, in story, in another human being. The divine wears many forms. What appears strange, incongruous, or imperfect to our limited eyes may be the very face of wisdom. Ganesha — elephant-headed, large-bellied, riding a mouse — is the proof.","एक रात गणेश बहुत सारे मोदक खाकर अपने मूषक पर सवार होकर घर लौट रहे थे। रास्ते में एक सर्प देखकर मूषक डर गया, और गणेश गिर पड़े। उनके पेट से मोदक बिखर गए। गणेश ने उन्हें वापस उठाया और पेट दबाकर उस सर्प को कमरबंद बना लिया। आकाश में चंद्रमा यह देख रहा था।

चंद्रमा ने यह दृश्य देखा और ठहाका लगाया। वे हँसते रहे — हाथी के सिर वाला देवता, गिरा, मोदक बिखरे, सर्प को बेल्ट बनाया। उन्हें बड़ा मज़ा आया। उनकी हँसी आकाश में गूँजती रही। गणेश ने ऊपर देखा। उनकी आँखों में आहत गरिमा थी — पर वे क्रोध से नहीं, दुःख से देख रहे थे।

गणेश ने चंद्रमा को श्राप दिया: ""तुमने मेरे रूप का उपहास किया। आज से तुम्हारी चाँदनी देखने वाले पर कलंक लगेगा। तुम्हारी कलाएँ घटेंगी और बढ़ेंगी — कभी पूर्ण नहीं रहोगे।"" चंद्रमा का प्रकाश तत्काल फीका पड़ गया। सम्पूर्ण सृष्टि अंधकार में डूब गई।

देवताओं ने गणेश से विनती की। चंद्रमा ने अपनी भूल स्वीकार की और क्षमा माँगी। गणेश ने श्राप को पूरी तरह नहीं हटाया — पर नरम किया: ""गणेश चतुर्थी की रात तुम्हें देखना वर्जित है। बाकी समय तुम्हारी चाँदनी से जगत आलोकित होगा।""

यही कारण है कि गणेश चतुर्थी पर चंद्रमा नहीं देखते। यदि भूल से देख लिया तो श्रीमद्भागवत की कथा सुनने से दोष कटता है। इस कथा का गहरा संदेश है — किसी के रूप, आकार या परिस्थिति का उपहास करना सबसे निम्न कार्य है। गणेश का स्वरूप असाधारण है — और इसीलिए वे विघ्नहर्ता हैं, क्योंकि उन्होंने स्वयं विघ्न झेले हैं।

चंद्रमा ने गणेश से क्षमा माँगी। उसने माना — सुंदरता की जो प्रतिभा उसे मिली है, वह किसी की हँसी उड़ाने के लिए नहीं। गणेश ने उसे क्षमा किया और शाप में संशोधन किया। पर वह एक रात — गणेश चतुर्थी — आज भी याद करने के लिए बची।

आज भी गणेश चतुर्थी की रात को चंद्रमा देखना वर्जित है। यदि भूलवश देख लें तो श्री कृष्ण की शरण लें — वे इस शाप से रक्षा करते हैं। इस कथा का सार है: ईश्वर के स्वरूप में कभी दोष न देखें — क्योंकि जो देखता है, वह केवल अपनी संकुचित दृष्टि को दर्शाता है।"
Why Lakshmi Visits on Diwali Night,दीवाली पर लक्ष्मी,"Diwali night — the night when millions of lamps are lit, when the sky lights up, when Lakshmi is worshipped — do you know the true secret of this night? It is not only the joy of Rama's return. This night holds another, even deeper message. On this night, Lakshmi herself sets out on a special journey — to the mortal world, among all of us. She peeks into each home. And wherever she goes, she has a reason for going.

The puranic story says — on the night of Kartik Amavasya, when there is no moon, Lakshmi descends to earth. She comes to the door of every home. But she does not enter every home. She observes — the cleanliness of the house, the atmosphere, and most importantly — the attitude of the people within. The home that has cleanliness, love, and the fragrance of honest effort — there Lakshmi enters and blesses. This is why homes are cleaned before Diwali — so the Goddess receives an invitation.

There is a small story that mothers tell their children. A washerman's home — small, made of clay, simple. But his wife cleaned the house on Diwali night and lit lamps. They had no silver or gold lamps — they had clay lamps. They had no expensive oil — they had mustard oil. But their intention was pure. That night, Lakshmi came to their home. When the washerman woke in the morning, he found gold coins in a corner of the house. The grand palace of the neighbor had nothing.

But Diwali night has another dimension — often forgotten. This night is not only Lakshmi's — it also belongs to Kali. In Bengal, Kali puja is performed on this same night. This is not a contradiction — it is truth. Where Lakshmi represents prosperity, Kali destroys fear and ignorance. On the dark Amavasya night, on one side are Lakshmi's lamps, on the other is Kali's destruction of darkness. Both are two faces of the same truth — light is meaningful only when there is darkness.

Diwali has yet another profound dimension — on this night, Rama returned to Ayodhya. After fourteen years of exile. The people of Ayodhya welcomed him with lamps. But this means more than a king's return. Rama is the symbol of dharma — and when dharma returns, Lakshmi's arrival is natural. Where there is dharma, there is prosperity. This is why on Diwali night — Rama, Sita, Lakshmi, and Kali are all present together. This night is the night of completeness.

So this Diwali, when you light a lamp — remember that you are not merely following a tradition. You are inviting Lakshmi. You are witnessing Kali's destruction of darkness. You are celebrating dharma's return. That small clay lamp — the flame within it is the light of Brahman. And the home that keeps that flame alive — there Lakshmi stays. Not forever — but as long as the intention remains pure.","दीपावली की रात — वह रात जब करोड़ों घरों में दीप जलते हैं, जब आकाश रोशन हो जाता है, जब लक्ष्मी की पूजा होती है — क्या आप जानते हैं इस रात का असली रहस्य क्या है? यह केवल राम के लौटने की खुशी नहीं है। इस रात का एक और, और भी गहरा सन्देश है। लक्ष्मी स्वयं इस रात विशेष यात्रा पर निकलती हैं — मृत्युलोक में, हम सबके बीच। वे एक-एक घर में झाँकती हैं। और जहाँ जाती हैं, वहाँ जाने का कारण उनके पास होता है।

पुराणों की कथा है — कार्तिक अमावस्या की रात, जब चाँद भी नहीं होता, लक्ष्मी पृथ्वी पर उतरती हैं। वे हर घर के द्वार पर आती हैं। लेकिन वे हर घर में प्रवेश नहीं करतीं। वे देखती हैं — घर की साफ-सफाई, घर का वातावरण, और सबसे महत्वपूर्ण — घर के लोगों का भाव। जिस घर में स्वच्छता है, जिसमें प्रेम है, जिसमें परिश्रम की खुशबू है — वहाँ लक्ष्मी प्रवेश करती हैं और आशीर्वाद देती हैं। इसीलिए दीपावली से पहले घर साफ किए जाते हैं — ताकि देवी को निमंत्रण मिले।

एक छोटी सी कहानी है जो माताएँ बच्चों को सुनाती हैं। एक धोबी का घर था — छोटा, मिट्टी का, सादा। लेकिन उसकी पत्नी ने दीपावली की रात घर को साफ करके दीप जलाए। उनके पास चाँदी-सोने के दीपक नहीं थे — मिट्टी के दीपक थे। उनके पास महंगा तेल नहीं था — सरसों का तेल था। लेकिन उनका भाव शुद्ध था। उस रात लक्ष्मी उनके घर आईं। सुबह जब धोबी उठा, तो घर के एक कोने में सोने के सिक्के मिले। पड़ोसी के बड़े महल में कुछ नहीं था।

लेकिन दीपावली की रात का एक और पहलू है — जो अक्सर भुला दिया जाता है। यह रात केवल लक्ष्मी की नहीं, काली की भी है। इसी रात बंगाल में काली पूजा होती है। यह विरोधाभास नहीं है — यह सत्य है। लक्ष्मी जहाँ समृद्धि का प्रतीक हैं, काली वहाँ भय और अज्ञान का नाश करती हैं। अमावस्या की अंधेरी रात में एक तरफ लक्ष्मी के दीप हैं, दूसरी तरफ काली का अंधकार-नाश। दोनों एक ही सच्चाई के दो रूप हैं — प्रकाश तभी अर्थपूर्ण है जब अंधकार हो।

दीपावली का एक और गहरा आयाम है — इस रात राम अयोध्या लौटे थे। चौदह साल के वनवास के बाद। अयोध्यावासियों ने उनका स्वागत दीपों से किया। लेकिन इसका अर्थ केवल एक राजा का लौटना नहीं है। राम धर्म के प्रतीक हैं — और धर्म के लौटने पर लक्ष्मी का आगमन स्वाभाविक है। जहाँ धर्म है, वहाँ समृद्धि है। यही कारण है कि दीपावली की रात में राम, सीता, लक्ष्मी, और काली — सब एक साथ हैं। यह रात सम्पूर्णता की रात है।

तो इस दीपावली, जब आप दीप जलाएँ — याद रखें कि आप केवल एक परंपरा नहीं निभा रहे। आप लक्ष्मी को निमंत्रण दे रहे हैं। आप काली के अंधकार-नाश की साक्षी बन रहे हैं। आप राम के धर्म की वापसी का उत्सव मना रहे हैं। वह छोटा मिट्टी का दीपक — उसमें जो लौ है, वह ब्रह्म की ज्योति है। और जो घर उस लौ को जलाए रखता है — वहाँ लक्ष्मी रुकती हैं। सदा के लिए नहीं — लेकिन उतनी देर जितनी देर भाव शुद्ध रहे।"
Saraswati and the Four Vedas,वेदों की माता,"What is the most sacred form of knowledge? When the sages asked this question, the answer came — the Vedas. And who is the mother of the Vedas? Saraswati. This story begins in an age when knowledge existed only in meditation — not in any language, not in any script. Sages would sit, meditate, and sometimes something would be heard — a sound, a truth, an experience. But how to translate it into words? This was the question that made Saraswati the mother of the Vedas.

Saraswati first created Vak — the power through which thought can become word. Sanskrit was born — a language in which every sound has a meaning, every letter holds a power. Saraswati taught this language to the sages. And then the sages translated what they had heard in meditation into this language. This process is called Shruti — that which was heard. The Vedas were not written by humans — the Vedas were heard. Saraswati was the power of that hearing.

There are four Vedas — Rigveda, Samaveda, Yajurveda, and Atharvaveda. Saraswati gave each a distinct form. Rigveda — collection of mantras, praise of the divine. Samaveda — the Veda of music, the method of singing mantras in melody. Yajurveda — the ritual of yajna, knowledge of action. Atharvaveda — the Veda of practical life knowledge, the foundation of Ayurveda and astrology. These four Vedas are four dimensions of life — devotion, art, action, and science.

Once a young student asked his teacher — ""Guruji, I have read, understood, and memorized the Vedas. Yet I have found no peace. Why?"" The teacher said — ""Because you have read the Vedas — you have not heard them."" The student asked — ""What is the difference?"" The teacher said — ""Reading goes from outside to inside. Hearing awakens from within. When you become so still that the voice within you can be heard — then you will have understood the Vedas."" This is the meaning of Saraswati — the power that makes you hear from within.

Saraswati's greatest gift is not the Vedas — Saraswati's greatest gift is viveka, discernment. The intellect that distinguishes between right and wrong. The intellect that understands the difference between information and knowledge. Information comes from outside — from books, from teachers, from experience. Knowledge comes from within — when information descends into the soul. Saraswati is the goddess of that journey — from information to knowledge, from word to silence, from reading to living.

In today's age where there is a flood of information — data everywhere, news everywhere, opinions everywhere — the need for Saraswati is greater than ever before. That power which can decide — what to hear, what to release. What is truth, what is merely noise. When we worship Saraswati on Vasant Panchami — we do not merely worship a goddess, we worship the discernment that makes us human. Without knowledge, intelligence is empty. Without intelligence, knowledge is dangerous. When both are present — Saraswati is there.","ज्ञान का सबसे पवित्र रूप क्या है? यह प्रश्न जब ऋषियों ने पूछा, तो उत्तर आया — वेद। और वेदों की माता कौन? सरस्वती। इस कथा का आरंभ उस युग से होता है जब ज्ञान केवल ध्यान में था — किसी भाषा में नहीं, किसी लिपि में नहीं। ऋषि बैठते, ध्यान करते, और कभी-कभी कुछ सुनाई देता — एक ध्वनि, एक सत्य, एक अनुभव। लेकिन उसे शब्दों में कैसे उतारें? यही वह प्रश्न था जिसने सरस्वती को वेदों की माता बनाया।

सरस्वती ने सबसे पहले वाणी की रचना की — वह शक्ति जिससे विचार शब्द बन सके। संस्कृत भाषा का जन्म हुआ — एक ऐसी भाषा जिसमें हर ध्वनि का एक अर्थ है, हर अक्षर एक शक्ति है। सरस्वती ने ऋषियों को यह भाषा सिखाई। और फिर ऋषियों ने ध्यान में जो सुना, उसे इस भाषा में उतारा। इस प्रक्रिया को कहते हैं — श्रुति। जो सुना गया। वेद मनुष्य ने नहीं लिखे — वेद सुने गए। सरस्वती उस सुनने की शक्ति थीं।

चार वेद हैं — ऋग्वेद, सामवेद, यजुर्वेद, और अथर्ववेद। सरस्वती ने इन चारों को अलग-अलग रूप दिए। ऋग्वेद — मंत्रों का संग्रह, देवताओं की स्तुति। सामवेद — संगीत का वेद, मंत्रों को राग में गाने की विधि। यजुर्वेद — यज्ञ की विधि, क्रिया का ज्ञान। अथर्ववेद — जीवन के व्यावहारिक ज्ञान का वेद, आयुर्वेद और ज्योतिष का आधार। ये चार वेद जीवन के चार आयाम हैं — भक्ति, कला, कर्म, और विज्ञान।

एक बार एक युवा शिष्य ने गुरु से पूछा — ""गुरुजी, मैंने वेद पढ़े, समझे, याद किए। फिर भी मुझे शांति नहीं मिली। क्यों?"" गुरु ने कहा — ""क्योंकि तुमने वेद पढ़े — वेद सुने नहीं।"" शिष्य ने पूछा — ""क्या अंतर है?"" गुरु ने कहा — ""पढ़ना बाहर से भीतर जाता है। सुनना भीतर से जागता है। जब तुम इतने शांत हो जाओगे कि तुम्हारे भीतर की आवाज़ सुनाई दे — तब तुम वेद को समझे।"" यही सरस्वती का अर्थ है — वह शक्ति जो भीतर से सुनाती है।

सरस्वती का सबसे बड़ा उपहार वेद नहीं है — सरस्वती का सबसे बड़ा उपहार विवेक है। वह बुद्धि जो सही और गलत में अंतर करे। वह बुद्धि जो जानकारी और ज्ञान में अंतर समझे। जानकारी बाहर से आती है — किताबों से, गुरुओं से, अनुभव से। ज्ञान भीतर से आता है — जब जानकारी आत्मा में उतर जाए। सरस्वती उस यात्रा की देवी हैं — जानकारी से ज्ञान तक, शब्द से मौन तक, पढ़ने से जीने तक।

आज के युग में जब जानकारी की बाढ़ है — हर जगह डेटा, हर जगह खबरें, हर जगह राय — सरस्वती की आवश्यकता पहले से कहीं अधिक है। वह शक्ति जो तय कर सके — क्या सुनना है, क्या छोड़ना है। क्या सत्य है, क्या केवल शोर है। वसंत पंचमी को जब हम सरस्वती की पूजा करते हैं — तो हम केवल एक देवी की नहीं, उस विवेक की पूजा करते हैं जो हमें मनुष्य बनाता है। ज्ञान के बिना बुद्धि खाली है। बुद्धि के बिना ज्ञान खतरनाक है। दोनों जब साथ हों — सरस्वती वहाँ हैं।"
Durga Slays the Buffalo Demon,महिषासुर मर्दिनी,"Mahishasura — the buffalo demon — had performed tapas of such intensity that Brahma had granted him a seemingly absolute boon: no man, no god, no demon could kill him. Drunk on this invincibility, he raised an army and swept through the heavens like a storm. Indra's throne was taken. The gods were scattered across the three worlds, stripped of their power, hiding in the forms of animals. They came together in desperation before Brahma, then Vishnu, then Shiva — and found that none of them could fight Mahishasura alone. The boon held. Then something happened that had never happened before: the rage of all three — the creator, the preserver, the destroyer — merged into a single column of fire.

From that merged fire, a goddess emerged. She was not born as a child — she arrived fully formed, fully armored, fully herself. Ten arms, each already holding a weapon offered by a different god: Shiva's trident, Vishnu's discus, Indra's thunderbolt, Agni's torch, Vayu's bow, Varuna's conch, Kubera's club. The ocean offered a garland of lotuses. The Himalayas offered a lion as her mount. She was Durga — meaning ""the one who is difficult to approach,"" or ""the one who removes all difficulties."" The gods looked upon her and felt, for the first time since Mahishasura's rise, something they had forgotten: hope.

Mahishasura's generals brought him the news of this new warrior and described her beauty as much as her power. The demon king sent a marriage proposal. Durga's reply was delivered calmly: ""I have taken a vow. The one who defeats me in battle — only he may claim me."" Mahishasura laughed. A woman? Against him? He sent his greatest generals first — Chikshura, Chamara, Karala, Udagra — each commanding thousands. Each was destroyed. The demon king watched army after army fall before a single goddess on a lion, and the laughter began to leave him. He entered the battle himself.

For nine nights the battle raged — the nine nights we now call Navratri. Mahishasura used every power his boon had given him: he shifted between forms, from lion to elephant to man to buffalo, trying to find the shape that Durga could not reach. She matched every transformation. Her ten weapons moved simultaneously, her lion moved like water through the demon's armies. She did not tire. She did not waver. And through all nine nights, her face held not hatred but the fierce, focused expression of a mother who has decided that this particular threat to her children ends here, tonight, completely.

The tenth day — Vijayadashami. Mahishasura rose in his final, most terrible form: the enormous cosmic buffalo, bellowing with the sound of thunder. Durga's lion pinned the demon beneath its paws. She stood upon Mahishasura's neck — and drove the trident home. The demon fell. The three worlds exhaled. Flowers fell from the sky in sheets. The gods rushed forward, weeping with relief and gratitude. The heavens were reclaimed. Indra's throne was restored. And Durga stood where she had stood through nine nights of battle — steady, unhurried, her weapons held lightly, her face holding the same expression she had worn from the beginning: this was always going to end this way.

The story of Mahishasura Mardini is the central narrative of Navratri — the nine-night festival celebrated twice a year across India. Each of the nine nights honors one of Durga's nine forms: Shailaputri the daughter of mountains, Brahmacharini the ascetic, Chandraghanta the bell-bearer, Kushmanda the creator of the universe, Skandamata the mother of Kartikeya, Katyayani the warrior, Kalaratri the dark night, Mahagauri the radiant one, Siddhidatri the bestower of perfection. Each form is not just a deity to be worshipped — it is a quality to be cultivated. Navratri is a nine-day inner transformation disguised as an outer celebration.

The deepest teaching of Mahishasura Mardini is not about a battle that happened once in mythological time. It is about the battle that happens every day in every human life. Mahishasura is not just a demon — he is the arrogance that believes it is beyond consequence, the ego that has been fed so long it believes it is invincible. Durga is not just a goddess — she is the part of you that finally says: enough. The part that rises when everything else has tried and failed. She lives in the mother who stands between her child and harm. In the person who speaks truth when silence would be safer. In anyone — man or woman — who refuses to let the wrong thing win. That is Durga. She is already within you.","महिषासुर — भैंसे के सिर वाला राक्षसराज — ब्रह्मा की तपस्या से इतना शक्तिशाली हो गया था कि कोई पुरुष उसे मार न सके। उसने स्वर्ग जीत लिया। देवता भागे। इंद्र का सिंहासन खाली था। ब्रह्मा, विष्णु, महेश सभी के पास गए देवता — पर कोई उपाय न था। तब तीनों के क्रोध से एक तेज उत्पन्न हुआ।

उस तेज से एक स्त्री उत्पन्न हुई — दस भुजाओं वाली, सिंहवाहिनी, दिव्य आयुधों से सज्जित। हर देवता ने अपना सर्वश्रेष्ठ अस्त्र दिया — शिव का त्रिशूल, विष्णु का चक्र, इंद्र का वज्र, अग्नि का शक्ति, वायु का धनुष। यह देवी थीं — दुर्गा। जन्म से ही युद्ध के लिए तैयार, जन्म से ही अजेय।

महिषासुर ने देवी को देखा और मोहित हो गया। उसने विवाह का प्रस्ताव भेजा। देवी ने उत्तर भेजा — ""जो मुझे युद्ध में हराए, वही मेरा स्वामी होगा।"" महिषासुर हँसा। उसने सोचा — एक स्त्री, मेरे सामने? युद्ध आरंभ हुआ। महिषासुर की सेना देवी के सामने पत्तों की तरह उड़ गई।

नौ दिन और नौ रात युद्ध चला। महिषासुर रूप बदलता रहा — सिंह, हाथी, मनुष्य, फिर महिष। देवी हर रूप के साथ लड़ती रहीं। उनका क्रोध बढ़ता गया — और उनकी शक्ति के साथ उनकी करुणा भी। वे जानती थीं — यह युद्ध केवल एक राक्षस के लिए नहीं, समस्त सृष्टि की रक्षा के लिए है।

दसवाँ दिन — विजयादशमी। महिषासुर ने अंतिम रूप लिया — विशाल महिष। देवी ने त्रिशूल उठाया। सिंह ने महिष को दबाया। देवी उसकी गर्दन पर खड़ी हुईं और त्रिशूल से उसका वध किया। आकाश से फूलों की वर्षा हुई। देवताओं ने जयकार की। और देवी — अपनी मुद्रा में स्थिर, शांत, विजयी।

महिषासुर मर्दिनी की यह कथा नवरात्रि के नौ दिनों में पढ़ी जाती है। दुर्गा के नौ स्वरूप — शैलपुत्री, ब्रह्मचारिणी, चंद्रघंटा, कूष्मांडा, स्कंदमाता, कात्यायनी, कालरात्रि, महागौरी, सिद्धिदात्री — हर रात एक स्वरूप। हर स्वरूप एक गुण — जो भक्त में जागृत होता है।

दुर्गा का संदेश यह नहीं कि ""मैं लड़ूँगी, तुम देखो।"" उनका संदेश है: ""मैं उस शक्ति का प्रतीक हूँ जो तुम्हारे भीतर भी है।"" जब एक माँ अपने बच्चे की रक्षा करती है — वह दुर्गा है। जब एक स्त्री अन्याय के सामने खड़ी होती है — वह दुर्गा है। जब कोई भी — स्त्री या पुरुष — अपने भीतर के राक्षस से लड़ता है — वह दुर्गा की आराधना करता है।"
How Navratri Came to Be,नवरात्रि की उत्पत्ति,"The story of Navratri is not only about the war against Mahishasura — it is about a promise made by the goddess herself at the conclusion of that war. When the gods prostrated before her in gratitude, Durga gave them a boon that would echo through all of time: ""Every year, for nine nights, I will descend to the earth. In these nine nights I will be present — fully, completely — for every devotee who calls upon me. Whatever darkness weighs upon them, whatever obstacle stands before them, whatever fear they carry — in these nine nights, I will work upon it."" This promise is Navratri. It is not a festival invented by humans. It is an appointment kept by the goddess.

Navratri comes twice a year — Chaitra Navratri in spring and Sharadiya Navratri in autumn. Both fall at the junctions of seasons, when nature itself is in transition — when the old is ending and the new has not yet fully arrived. The ancient sages understood what modern science is beginning to confirm: that these transitional periods are when the human body and mind are most susceptible to change, most open to transformation. The goddess chooses these moments deliberately. When you are already in flux, her energy can reshape you most completely. Navratri is not a festival for the settled and comfortable — it is for the person standing at a threshold.

Nine nights, nine forms — each one a quality the devotee is invited to grow into. Night one: Shailaputri — the stability of a mountain, unmoved by wind or storm. Night two: Brahmacharini — the power of focused practice, of saying no to distraction. Night three: Chandraghanta — the bell that rings in the night, the warrior who is also peaceful. Night four: Kushmanda — the cosmic smile that created the universe, the joy that generates rather than consumes. Night five: Skandamata — the mother's love that elevates the child above herself. Night six: Katyayani — pure courage, the willingness to fight what must be fought. Night seven: Kalaratri — the dark night of the soul, the goddess who destroys fear by taking its worst form. Night eight: Mahagauri — purity restored after the fire. Night nine: Siddhidatri — the perfection that arrives after all nine qualities have been lived.

Why fast during Navratri? The goddess herself explained it in the ancient texts: ""The one who purifies body and mind during these nine nights — who restrains the senses, who reduces noise and distraction — into that person my energy enters most completely."" Fasting is not merely abstaining from food. It is abstaining from unnecessary speech, unnecessary thought, unnecessary consumption of any kind. The body becomes lighter. The mind becomes quieter. The usual static of daily life decreases. And in that quietness, something can be heard that is always present but usually drowned out — the hum of the divine that runs beneath everything. Navratri's fasting is an act of making space.

Garba and Dandiya — the dances of Navratri — are not entertainment added to a religious festival. They are the festival's beating heart. The circular dance represents the cycle of creation itself — birth, sustenance, dissolution, and rebirth. At the center burns a lamp representing the goddess. The devotees circle her — always moving, always returning to the same center. The circular path is the path of all souls: however far we wander, we orbit the divine. Each strike of the Dandiya sticks is a mantra. Each step is a prayer spoken through the body. Navratri's dancing is how an entire civilization chose to say: we remember where our center is.

Navratri ends with Vijayadashami — the tenth day that carries two great victories in one: Rama's defeat of Ravana and Durga's defeat of Mahishasura. Dharma's triumph, celebrated on the same day across traditions. The custom on Vijayadashami is to begin something new — a new business, a new course of study, a new practice, a new chapter. Because the nine nights have done their work. The purification, the fasting, the prayer, the dancing — all of it has prepared the ground. Vijayadashami is the planting. Navratri does not simply end — it transforms into a beginning. That is the goddess's most complete gift: she does not just visit for nine nights. She leaves you changed.","नवरात्रि की कथा केवल एक युद्ध की नहीं — यह नौ रातों की आंतरिक यात्रा है। जब देवताओं ने देवी से प्रार्थना की, तो उन्होंने वरदान दिया: ""मैं हर वर्ष नौ रातों के लिए पृथ्वी पर उतरूँगी। जो भक्त इन नौ रातों में मेरी आराधना करेगा — मैं उसके जीवन के हर अंधकार को भस्म करूँगी।""

नवरात्रि वर्ष में दो बार आती है — चैत्र और आश्विन में। दोनों ऋतु-संधि के समय — जब प्रकृति बदलती है, जब वातावरण में परिवर्तन होता है। देवी का आगमन उसी समय होता है जब हमारा शरीर और मन भी परिवर्तन के लिए सबसे अधिक तैयार होते हैं। यह संयोग नहीं — यह ज्ञान है।

नौ रातें — नौ स्वरूप। प्रत्येक रूप एक गुण का प्रतीक है जो भक्त में जागृत होना चाहिए। शैलपुत्री: पर्वत-जैसी स्थिरता। ब्रह्मचारिणी: तपस्या और साधना। चंद्रघंटा: शांति के भीतर शक्ति। कूष्मांडा: सृजन की ऊर्जा। स्कंदमाता: पोषण और प्रेम। कात्यायनी: साहस। कालरात्रि: अंधकार का सामना। महागौरी: शुद्धता। सिद्धिदात्री: पूर्णता।

नवरात्रि में उपवास क्यों? देवी ने स्वयं कहा: ""जो नौ दिन अपने शरीर और मन को शुद्ध करे — जो इन्द्रियों को संयमित करे — उसके भीतर मेरी शक्ति प्रवेश करती है।"" उपवास केवल भोजन न करना नहीं — यह अनावश्यक विचारों, शब्दों, और आदतों का भी उपवास है। शरीर हल्का होता है, मन खुलता है।

गरबा और डांडिया — नवरात्रि का नृत्य। यह केवल उत्सव नहीं — यह देवी की परिक्रमा है। वृत्ताकार नृत्य सृष्टि के चक्र का प्रतीक है — जन्म, जीवन, मृत्यु। केंद्र में दीप — देवी का प्रतीक। और भक्त उसके चारों ओर घूमते हैं। हर डांडिया की ठोक — एक मंत्र। हर कदम — एक प्रार्थना।

नवरात्रि के अंत में — विजयादशमी — वह दिन जब राम ने रावण को हराया, जब दुर्गा ने महिषासुर को हराया। दो विजयों का एक दिन। परम्परा है — इस दिन कोई नया कार्य आरंभ करें। क्योंकि नौ दिनों की साधना के बाद जो शक्ति मिली है — वह नए आरंभ के लिए सबसे शुभ है। नवरात्रि समाप्त नहीं होती — वह एक नई शुरुआत में बदल जाती है।"
The Birth of Prince Rama,राम का जन्म,"On the banks of the Sarayu River stood Ayodhya — a city so beautiful that the gods themselves gazed upon it with longing. Its streets were wide and clean, its markets full of laughter, its people prosperous. King Dasharatha ruled it with a justice so complete that even his enemies respected him. He had waged a hundred wars and won every one. He had three queens — the gentle Kaushalya, the spirited Kaikeyi, the gracious Sumitra — and they loved him without condition. But behind the king's eyes lived a grief that no conquest could touch. He had no son. The kingdom of Ayodhya, his life's work, had no one to receive it.

The great sage Vashishtha counseled Dasharatha: there was one path left — the Putrakameshti yajna, a fire sacrifice performed specifically for the blessing of children. The sage Rishyashringa was summoned to lead it. For days, the sacred fires burned. Priests chanted without pause. The smoke rose in columns visible from miles away. The whole city sensed that something extraordinary was building in those flames — that the universe was being asked for something, and was listening. Then, on the final day, as the final oblation was poured — the fire parted. From within the flames stepped a figure of divine radiance, carrying a golden vessel filled with sacred payasam — the blessed food of the gods.

The divine figure extended the golden vessel to Dasharatha. ""Distribute this prasad among your queens,"" he said. ""Know this: Vishnu himself is coming to dwell in your home."" Dasharatha's hands shook as he received the bowl. He carried it first to Kaushalya, who received half. Then to Kaikeyi, who received half of the remainder. And then to Sumitra, who received what was left. On the ninth day of the bright half of the month of Chaitra — on the exact day that would become Ram Navami — four boys were born to the house of Dasharatha. Kaushalya's son came first. The moment he opened his eyes, every lamp in Ayodhya seemed to burn a little brighter.

The eldest son was named Rama — by the sage Vashishtha himself. ""Ra"" — the seed syllable of fire, of brilliance. ""Ma"" — the seed syllable of the moon, of peace and grace. Rama — in whose name the entire energy of the cosmos was said to rest. Kaikeyi's son was named Bharata. Sumitra's twins were named Lakshmana and Shatrughna. The four brothers grew up so close that Ayodhya spoke of them as one soul in four bodies. Lakshmana would not eat until Rama ate. Bharata would not sleep until he knew Rama was at peace. Shatrughna followed Bharata as his shadow. And Rama — he loved them all with the quiet completeness of one who has never needed to be anything other than himself.

Those who saw the child Rama described something that went beyond royal bearing or childhood grace. He was simply still — in a way that made the people around him feel still too. His anger was almost unknown. When he laughed, the whole courtyard laughed. When he sat in thought, even the palace birds seemed to quiet. Sage Vishwamitra arrived one day seeking the young princes for a specific mission — to protect his sacred fire from a demon's attacks. Dasharatha recoiled: ""Take anything else. Not my Rama. He is my very breath."" Vishwamitra looked at the king with the eyes of one who sees further. ""The world needs him more than you need to keep him safe.""

The birth of Rama was not merely the arrival of a prince into a waiting kingdom. It was the answer to a prayer older than Dasharatha's grief — the prayer of the earth itself, groaning under the weight of Ravana's tyranny. Vishnu had taken avatars before — as a fish, a tortoise, a boar, a man-lion, a dwarf, a warrior-sage. But in Rama, he took the most demanding form of all: an ordinary human being, with a human father's love and a human heart's capacity for grief. He would not use divine power to sidestep human suffering. He would walk through it — and show us, from the inside, what dharma looks like when it is actually lived. This is why his name is whispered at births and deaths, at weddings and farewells. ""Jai Shri Ram.""","अयोध्या — सरयू नदी के तट पर बसी, स्वर्ग से भी सुंदर नगरी। राजा दशरथ उसके प्रतापी राजा थे — सत्यवादी, वीर, न्यायप्रिय। पर उनके हृदय में एक गहरा दुख था जो उन्हें रात को सोने नहीं देता था। उनकी तीन रानियाँ थीं — कौसल्या, कैकेयी, सुमित्रा — पर कोई पुत्र नहीं था। राज्य बिना उत्तराधिकारी के था।

ऋषि वशिष्ठ ने दशरथ को पुत्रकामेष्टि यज्ञ का सुझाव दिया — पुत्र प्राप्ति के लिए एक महायज्ञ। श्रृंग ऋषि के नेतृत्व में यज्ञ आरंभ हुआ। दिनों तक मंत्रोच्चार गूंजते रहे। अग्नि की लपटें आकाश को छूने लगीं। तब एक अद्भुत घटना हुई — यज्ञकुण्ड से एक दिव्य पुरुष प्रकट हुआ, सोने का पात्र लेकर।

दिव्य पुरुष ने दशरथ को पायसम दिया: ""इसे अपनी रानियों में बाँटो। विष्णु स्वयं तुम्हारे पुत्र बनने आ रहे हैं।"" दशरथ के हाथ काँप रहे थे। उन्होंने कौसल्या को आधा, कैकेयी को आधे का आधा, और शेष सुमित्रा को दिया। और चैत्र शुक्ल नवमी के दिन — अयोध्या में एक साथ चार बच्चे जन्मे।

ज्येष्ठ पुत्र का नाम रखा गया — राम। ऋषि वशिष्ठ ने नाम दिया। ""र"" — अग्नि बीज, तेज का प्रतीक। ""म"" — चंद्र बीज, शांति का प्रतीक। राम — जिसके नाम में संसार की समस्त ऊर्जा समाहित है। कैकेयी के पुत्र भरत, सुमित्रा के लक्ष्मण और शत्रुघ्न — चारों भाइयों में प्रेम इतना गहरा था कि लोग कहते थे — ये चार शरीर हैं, आत्मा एक है।

बालराम की एक झलक उनके असाधारण स्वभाव की थी। वे कभी क्रोध में नहीं आते थे। जो भी उनसे मिलता — लौटते हुए कुछ हल्का महसूस करता। गुरु विश्वामित्र जब उन्हें देखने आए, तो दशरथ ने हाथ जोड़े: ""यह मेरी प्राण वायु है।"" विश्वामित्र बोले: ""इन्हें मेरे साथ जाने दो — संसार को इनकी आवश्यकता है।""

राम का जन्म केवल एक राजकुमार का जन्म नहीं था — यह धर्म का धरती पर अवतरण था। जब भी पृथ्वी पर अधर्म का बोझ असह्य हो जाता है, विष्णु किसी रूप में आते हैं। राम के रूप में उन्होंने सबसे कठिन अवतार लिया — एक मनुष्य का। सीमाओं के साथ जीना, कष्ट सहना, धर्म का पालन करना — और फिर भी कभी न टूटना। इसीलिए वे ""मर्यादा पुरुषोत्तम"" हैं।"
Rama Breaks the Bow of Shiva,सीता स्वयंवर,"In the kingdom of Mithila, King Janaka had organized a swayamvara unlike any the world had seen. The condition was simple and impossible in equal measure: whoever could lift and string the great Pinaka — the divine bow of Shiva, so heavy that five hundred men were required just to carry it on its iron cart — would win the hand of his daughter Sita. Kings had come from every corner of the earth — Ravana had tried and failed, though he would never admit it. Powerful princes, battle-hardened warriors, men who had leveled mountains in war. One by one they approached the bow. One by one they could not move it. Some could not even make it tremble.

Sita — born from the earth when Janaka plowed his field, daughter of the goddess herself — had grown up in the shadow of that great bow. As a young girl, she had once lifted it playfully while cleaning the armory, and Janaka had wept with recognition: his daughter was no ordinary child, and her husband would be no ordinary man. Now she sat in the swayamvara hall, holding the garland she would place around the neck of whoever proved worthy. King after king approached. King after king failed. Her eyes moved across each face — searching for something she could not name but would know the moment she saw it. It was not there. Not yet.

Sage Vishwamitra spoke quietly: ""Rama. Rise."" Rama stood — and the entire hall seemed to take a breath. He was not the tallest man there, not the most decorated, not the most fearsome. But he walked toward the bow with the ease of someone who has never needed to prove anything to anyone. Sita's eyes found him — and in that moment before he touched the bow, something in her chest became very still. She did not look away. Rama approached the Pinaka. He placed one hand on it, closed his eyes for just a moment — not in effort, but in something closer to greeting — and lifted it as a man lifts a familiar object he has set down and now picks up again.

Rama strung the bow — and it snapped. Not with strain, but with the clean inevitability of something that had been waiting for exactly this force to meet it. The sound was enormous — a crack like thunder that rolled through the hall, shook the walls, toppled lesser kings from their seats. Dust fell from the ceiling. The assembled royalty sat frozen in stunned silence. And Rama stood exactly as he had stood before — calm, unaffected, the broken halves of the divine bow at his feet. Sita rose from her seat. She walked toward him — not shyly, not hurriedly, but with the certainty of one who has been moving toward this moment her entire life. She placed the garland around his neck.

The warrior-sage Parashurama arrived in a fury — his axe gleaming, his eyes burning. ""Who has broken Shiva's bow?"" he roared. The assembled kings shrank. Only Rama met his gaze — with the same unruffled calm he had carried all day. Parashurama, testing him further, thrust Vishnu's own bow into Rama's hands: ""String this if you can."" Rama took it. He strung it without hesitation, raised an arrow, and aimed it at Parashurama — not in threat but in completion. In that moment, Parashurama's centuries of warrior's sight cleared. He saw what he had not seen: that this young prince carried a light that only Vishnu carries. He bowed. The rage left him completely.

The wedding of Rama and Sita was celebrated with a joy that the city of Mithila had never known. All four brothers were married in the same ceremony — Lakshmana to Urmila, Bharata to Mandavi, Shatrughna to Shrutakirti. The procession back to Ayodhya stretched for miles, filled with music and flowers and the kind of happiness that only comes when something deeply right has happened. But beneath the celebration lives a teaching: Rama and Sita are not simply two people who fell in love at a bow-breaking contest. They are the meeting of dharma and shakti — of the upright, ordered, righteous masculine and the rooted, powerful, intuitive feminine. When they come together, the world is in balance. When they are separated — as they will be — the world suffers. Their story is all of our stories.","मिथिला के राजा जनक के दरबार में एक अद्भुत स्वयंवर का आयोजन था। शर्त एक थी — जो शिव जी के महान धनुष पिनाक को उठाकर उस पर प्रत्यंचा चढ़ा सके, उसी से सीता का विवाह होगा। सैकड़ों राजा आए थे — महाबली, अहंकारी, शक्तिशाली। एक के बाद एक उन्होंने प्रयास किया। धनुष हिला तक नहीं।

सीता — जनक की पुत्री, धरती माता की अंश — प्रतिदिन उस धनुष को फूल चढ़ाने जाती थीं। एक दिन उन्होंने उसे खेल-खेल में उठा लिया था — बचपन में। पर जनक जानते थे कि यह साधारण बात नहीं थी। जो धनुष उठा सके, वही सीता का सच्चा जोड़ीदार होगा। सीता की आँखें हर आने वाले राजा पर पड़तीं — और लौट जातीं। कुछ कमी थी। कोई नहीं था।

तब विश्वामित्र ने राम को आदेश दिया — ""उठो, राम।"" राम उठे। उनके मुख पर कोई उत्तेजना नहीं थी, कोई अहंकार नहीं। वे धनुष के पास गए जैसे कोई पुराने मित्र से मिलने जाता है। सीता ने पहली बार उन्हें देखा — और कुछ उनके हृदय में ठहर गया। राम ने एक हाथ से धनुष उठाया।

राम ने धनुष पर प्रत्यंचा चढ़ाई — और वह टूट गया। ऐसे जैसे सूखी लकड़ी टूटती है। उसकी गड़गड़ाहट से धरती काँपी, महल हिला, राजा गिर पड़े। पर राम अविचल खड़े रहे। और सीता — वे उठीं, वरमाला लेकर, और राम के पास आईं। उनकी आँखों में न संकोच था, न भय। केवल पहचान थी — जैसे किसी पुरानी स्मृति का अचानक साकार होना।

परशुराम का क्रोध भी आया — ""किसने शिव का धनुष तोड़ा?"" उनके नेत्र अग्नि से भरे थे। राम ने शांत भाव से उत्तर दिया। परशुराम ने विष्णु का धनुष उठाने को कहा — परीक्षा के रूप में। राम ने उसे भी उठाया, उस पर बाण चढ़ाया। परशुराम के सामने सत्य प्रकट हुआ — यह साधारण राजकुमार नहीं, स्वयं विष्णु हैं। वे नतमस्तक हो गए।

राम और सीता का विवाह हुआ — जनकपुर में, वैदिक रीति से। लक्ष्मण का उर्मिला से, भरत का मांडवी से, शत्रुघ्न का श्रुतकीर्ति से। चारों भाइयों का एक साथ विवाह। अयोध्या लौटते समय जो प्रसन्नता थी — वह शब्दों से परे थी। पर इस कथा का सबसे गहरा संदेश यह है — राम और सीता का मिलन केवल दो व्यक्तियों का नहीं था। यह धर्म और शक्ति का, पुरुष और प्रकृति का, चेतना और शक्ति का मिलन था।"
The Day Rama Chose the Forest,राम का वनवास,"Ayodhya was dressed in celebration. Every street was lit with lamps, every doorway draped with marigolds. King Dasharatha had announced what every citizen had been waiting for: tomorrow, Rama would be crowned king. The old king's face held a peace he had not worn in years — the peace of a man who sees his life's purpose being fulfilled. But in the inner chambers of the palace, in the rooms of Queen Kaikeyi, a different scene was unfolding. The hunchbacked maidservant Manthara whispered poisoned words into the ear of a woman who had once been wise and generous — and was now listening to her worst self.

Manthara reminded Kaikeyi of the two boons Dasharatha had granted her long ago on the battlefield, when she had saved his life. ""Use them now,"" Manthara urged. ""Ask for Bharata's coronation — and Rama's exile for fourteen years."" The better part of Kaikeyi fought back. But Manthara's words were a slow poison, and by morning they had done their work. Kaikeyi went to Dasharatha's chambers and made her demands. Dasharatha heard them and the world fell away beneath him. He begged, he wept, he clutched her feet — this king who had never begged anyone for anything. But a word once given cannot be retrieved. His honor and his love were pulling him apart.

Rama was summoned. Dasharatha could not speak — he only wept, his face turned away in shame. It was Kaikeyi who delivered the news: fourteen years of exile, the forest, no throne. The assembled ministers held their breath. Rama listened in complete silence. When Kaikeyi finished, Rama looked not at her with anger, not at his father with accusation — he looked at Dasharatha with love. ""Father's word will be honored,"" he said simply. ""I will leave for the forest today."" No argument. No bitterness. No negotiation. The court erupted in weeping. Ministers who had never cried in public pressed their faces into their hands. And Rama stood there, calm as a mountain that has survived a thousand storms.

Sita came to Rama's side before he could say a word about leaving. ""I am coming with you."" Rama tried — gently, thoroughly — to dissuade her. The forest was dangerous, full of demons and wild animals and hardship. She listened to every reason and then said the words that would be remembered across all of time: ""Where you are not, even the palace of Ayodhya is a forest to me. Where you are, even the forest is Ayodhya."" Lakshmana appeared at the door fully equipped: ""Did you think I would stay?"" And so three walked out of the palace that had been their entire world — in bark clothes, barefoot, carrying nothing — while Ayodhya lined the streets and wept.

Dasharatha lived three days after Rama's departure. His last words, whispered from a darkness no one else could see into, were ""Rama... Rama..."" Bharata returned from his uncle's home to find his world destroyed — his father dead, his mother the cause, his brother in exile because of a boon she had extracted in the night. He was devastated by shame. He ran to the forest and found Rama, fell at his feet, and begged him to return. Rama refused — his father's word must be honored, the full fourteen years. Bharata took Rama's wooden sandals — his padukas — and placed them on the throne of Ayodhya. He would rule as regent, in Rama's name, living as an ascetic himself until the day his brother returned.

What makes this story extraordinary is not the injustice — it is Rama's response to it. He did not curse Kaikeyi. He did not blame Manthara. He did not even grieve publicly for his lost throne. He accepted. And in that acceptance was not weakness but the deepest possible strength — the strength of a man so rooted in dharma that no circumstance can uproot him. He knew, at some level beyond reasoning, that this exile was not a punishment but a path. That Ravana could not be defeated from a throne. That Hanuman would not be found in a palace. That the Ramayana could only be written in a forest. Every great purpose has a forest it must walk through before it reaches its destination.","अयोध्या में राज्याभिषेक की तैयारी थी — राम का राजतिलक होने वाला था। पूरी नगरी सजी थी। दशरथ के चेहरे पर वह तृप्ति थी जो जीवन भर की साधना के बाद मिलती है। पर उसी रात रानी कैकेयी के कक्ष में एक और दृश्य था — दासी मंथरा कैकेयी के कान में विष घोल रही थी।

मंथरा ने कैकेयी को याद दिलाया — दशरथ ने एक बार उन्हें दो वरदान दिए थे। ""अभी माँगो। राम को चौदह वर्ष का वनवास और भरत को राजगद्दी।"" कैकेयी का हृदय डूबा — फिर उभरा। उन्होंने क्रोध का आवरण ओढ़ा और दशरथ के सामने वरदान माँगा। दशरथ काँपे। उनकी आँखों से आँसू बहने लगे। पर वचन दिया था।

राम को बुलाया गया। दशरथ कुछ बोल न सके — केवल रोए। कैकेयी ने सब बताया। राम ने एक पल सुना। फिर मुस्कुराए। ""पिताजी का वचन पूरा होगा। मैं अभी वन जाता हूँ।"" न क्रोध, न शिकायत, न प्रश्न। केवल स्वीकृति — इतनी गहरी कि दरबार में उपस्थित हर व्यक्ति रो पड़ा।

सीता जी ने वन जाने का निश्चय किया। राम ने समझाया — ""वन कठोर है।"" सीता ने उत्तर दिया: ""जहाँ आप नहीं, वहाँ अयोध्या का महल भी मेरे लिए वन है।"" लक्ष्मण भी साथ चले — ""भाई बिना, राजमहल का क्या अर्थ?"" भरत उस समय मामा के घर थे। जब लौटे और सत्य जाना — तो कैकेयी को माँ मानने से इनकार कर दिया।

दशरथ तीन दिन बाद चल बसे — ""राम... राम..."" उनके अंतिम शब्द थे। भरत लौटे, सत्य जाना, और वन की ओर दौड़े। उन्होंने राम से राजगद्दी वापस माँगी। राम ने मना किया — ""पिताजी का वचन पूरा होना चाहिए।"" तब भरत ने राम की खड़ाऊँ लेकर सिंहासन पर रखीं — और स्वयं तपस्वी की भाँति रहने लगे। ""जब तक भैया नहीं आते, मैं राजा नहीं।""

यह कथा असाधारण है — क्योंकि इसमें कोई खलनायक नहीं जीतता। मंथरा ने बीज बोया। कैकेयी ने अपनी सबसे बड़ी गलती की। पर राम ने उन्हें कभी दोष नहीं दिया। ""माँ ने जो किया, वह विधाता की इच्छा थी।"" यह क्षमा नहीं — यह उससे भी गहरा कुछ था। राम जानते थे — जो हो रहा है, वह उनके अवतार का उद्देश्य है। रावण का अंत इसी वन से शुरू होगा।"
Test Story,परीक्षण कथा,Hello,नमस्ते
Lakshmi Rises from the Ocean,लक्ष्मी का जन्म,"Everything began with a curse. The sage Durvasa — brilliant, volatile, quick to bless and quicker to anger — walked through Indra's heaven carrying a garland of divine flowers. Indra, seated on his royal elephant Airavata, barely looked up. He took the garland carelessly and placed it on Airavata's head. The elephant, irritated by the scent, shook it off and trampled it. Durvasa's eyes went cold. ""You have insulted a divine gift,"" he said quietly. ""Lakshmi — all abundance, all prosperity, all beauty and grace — will leave your realm."" And just like that, the goddess of wealth departed from heaven. Not with thunder. Not with fury. Simply — she left. And the difference was devastating.

The departure of Lakshmi was not like ordinary loss. Food lost its taste. Music lost its sweetness. Flowers wilted faster. The gods grew listless and uninspired. The demons grew stronger in comparison — not because they gained anything, but because the gods had lost their luster. Brahma and Vishnu convened a cosmic council. The solution they devised was unprecedented: they would churn the cosmic Milky Ocean — using Mount Mandara as a churning rod and the serpent Vasuki as the rope. Gods would pull from one side, demons from the other. Both would work. Both would benefit. An alliance of necessity in service of the greatest goal.

The churning of the ocean was an operation of cosmic scale — and the first thing it produced was not treasure. It was poison. The terrible Halahala emerged, dark and lethal, threatening to unmake all creation. Shiva alone could contain it — he drank it, and Parvati held his throat so it would not descend to his heart. His throat turned blue: Neelkantha. Then came the gifts: Dhanvantari with the nectar of immortality, the divine physician; Kamadhenu the wish-fulfilling cow; Parijata the celestial tree; Airavata the white elephant; Uchhaishravas the divine horse. Each treasure emerged from the depths. But the watchers felt something building — something beyond all these gifts.

A lotus blossom rose on the surface of the cosmic ocean. Standing in its center — radiant as a thousand suns, serene as deep still water — was Lakshmi herself. She held lotuses in each hand. Her eyes contained entire universes. She was not returning after an absence — she was emerging, as if born anew, fresh from the deepest source of creation. The demons rushed forward, shouting and competing. They offered her their kingdoms, their power, their conquest. She looked at them with calm eyes and looked away. She surveyed the gods one by one — some too eager, some proud, some already calculating. Then her gaze fell on Vishnu — standing quietly, not reaching, not asking, simply present. She moved toward him and placed her lotus garland around his neck.

Vishnu and Lakshmi — Hari and Shri — are eternally paired in Hindu theology. He is the preserver; she is the prosperity that makes preservation worthwhile. He maintains dharma; she provides the abundance that makes dharmic living beautiful and sustainable. Wherever Vishnu goes, Lakshmi follows. Wherever dharma thrives, prosperity follows naturally. This is the cosmic principle embedded in their reunion: abundance is not separate from righteousness. It is its natural companion. And their reunion was not transactional — it was a recognition. Two aspects of the same divine reality, remembering each other across the churning of the ocean.

This is why Lakshmi Puja on Diwali is not a ritual for getting rich. It is a ceremony of alignment. We light lamps — because Lakshmi moves toward light and clarity. We clean our homes — because she does not stay where there is stagnation. We offer sweets — because she is sweetness itself. We open windows and doors — because abundance cannot enter a closed heart. The story of Lakshmi's emergence from the ocean is the story of what happens when we do the deep inner work — when we churn through our own depths, face what is poisonous within us, and keep going — abundance rises of its own accord. She was always there, beneath the surface. The churning only brought her up.","सब कुछ एक श्राप से शुरू हुआ। ऋषि दुर्वासा स्वर्ग में एक दिव्य माला लेकर चल रहे थे। इंद्र ने लापरवाही से माला ली, ऐरावत के सिर पर रख दी। हाथी ने झटककर कुचल दिया। दुर्वासा ने शांति से कहा: ""लक्ष्मी तुम्हारा लोक छोड़ देंगी।"" और देवी चली गईं — न गड़गड़ाहट से, न क्रोध से। बस चली गईं। और फर्क — विनाशकारी था।

लक्ष्मी के जाने से भोजन का स्वाद गया, संगीत की मिठास गई। ब्रह्मा-विष्णु ने उपाय सोचा: क्षीरसागर मंथन — मंदराचल पर्वत को मथनी, वासुकि को रस्सी बनाकर। देव और असुर दोनों खींचेंगे। दोनों को लाभ होगा। आवश्यकता का एक गठबंधन — सबसे बड़े लक्ष्य की सेवा में।

मंथन से पहले जो निकला वह खज़ाना नहीं था — विष था। हलाहल, जो सृष्टि को नष्ट कर देता। शिव ने पिया, पार्वती ने गला पकड़ा — नीलकंठ। फिर उपहार आए: धन्वंतरि, कामधेनु, पारिजात, ऐरावत। पर देखने वाले कुछ महसूस कर रहे थे — इन सब उपहारों से परे कुछ आने वाला था।

एक कमल उठा और उसके हृदय में — लक्ष्मी। हज़ार सूर्यों जैसी दीप्तिमान, शांत जल जैसी गंभीर। असुर लपके — प्रतिस्पर्धा करते। उन्होंने शांत आँखों से देखा और फेर लिया। एक-एक देव को देखा। फिर विष्णु पर दृष्टि पड़ी — शांत, माँगते नहीं, केवल उपस्थित। वे उनकी ओर बढ़ीं और माला पहनाई।

विष्णु और लक्ष्मी — हरि और श्री — सनातन जोड़ी हैं। वे संरक्षक, वे समृद्धि जो संरक्षण को सार्थक बनाती है। जहाँ विष्णु हैं, लक्ष्मी हैं। जहाँ धर्म फलता है, समृद्धि स्वाभाविक आती है। उनका पुनर्मिलन लेन-देन नहीं था — पहचान था। एक ही दिव्य सत्य के दो पहलू, सागर के मंथन के बाद एक-दूसरे को याद करते हुए।

इसीलिए दीवाली की लक्ष्मी पूजा धन के लिए नहीं — alignment का अनुष्ठान है। हम दीप जलाते हैं — क्योंकि लक्ष्मी प्रकाश की ओर जाती हैं। घर साफ करते हैं — क्योंकि वे ठहराव में नहीं रहतीं। लक्ष्मी के उदय की कथा उस काम की कथा है जो भीतर गहराई में होता है — जब हम अपने भीतर झाँकते हैं, जो विषैला है उसका सामना करते हैं — समृद्धि स्वयं उठती है।"
The 51 Sacred Sites of Shakti,शक्तिपीठ की कथा,"This is one of the deepest stories of love, separation, and transformation. Sati, daughter of Daksha Prajapati, had married Shiva — the Shiva her father had never accepted. Once, Daksha organized a grand yajna and invited all the gods — except Shiva. Sati insisted she would attend even without an invitation. Shiva warned her not to go. But Sati's heart would not listen.

As soon as Sati arrived, Daksha deeply insulted Shiva. He called him lowly, a dweller of cremation grounds, unworthy. Sati heard every word — and something inside her broke. The insult was not just of Shiva, but of the love she had chosen with her entire soul. She decided — she would not carry this insult in this body any longer. She offered herself into the fire of the yajna.

When Shiva received news of Sati's death, his grief and rage began to shake the universe. He lifted her charred body in his arms and performed the Tandava — his dance of cosmic sorrow. His grief was so intense that creation became unstable. The gods grew afraid. Lord Vishnu understood that the only way to ease this grief was to separate Sati's body from Shiva. He released his Sudarshana Chakra.

The Sudarshana Chakra divided Sati's body into 51 parts. Wherever those 51 parts fell, the earth became sacred. Those places became the Shakti Peethas — living centers of the Goddess's presence. At Kamakhya, her womb fell — the most powerful tantric center. At Varanasi, her ears fell. At Prayagraj, her fingers fell where three rivers converge. Each Shakti Peetha became a living gateway — where the Goddess is present even today.

Shiva's grief calmed when he understood — Sati had not left. She was alive in 51 places. She had become the earth itself. This knowledge transformed Shiva's grief into meditation. Sati, through her departure, taught Shiva a truth that could not have been taught while she lived — love does not reside in the body; it lives in places, in memories, in Shakti itself.

Even today those 51 Shakti Peethas stand as symbols of the Goddess's living presence. Devotees who journey there do not merely see a temple — they touch the very place where the Goddess's body once rested. This story tells us that love is never destroyed — it only changes form. Sati's love became the earth, living in 51 sacred places. And whenever someone calls with a true heart — the Goddess hears.","यह कथा प्रेम, विरह, और परिवर्तन की सबसे गहरी कथाओं में से एक है। सती, जो दक्ष प्रजापति की पुत्री थीं, उन्होंने शिव से विवाह किया था — उस शिव से जिन्हें उनके पिता ने कभी स्वीकार नहीं किया। एक बार दक्ष ने एक महायज्ञ का आयोजन किया जिसमें सभी देवताओं को आमंत्रित किया — सिवाय शिव के। सती ने आग्रह किया कि वे बिना बुलाए भी जाएंगी। शिव ने मना किया। लेकिन सती का मन नहीं माना।

सती के वहाँ पहुँचते ही दक्ष ने शिव का घोर अपमान किया। उन्होंने शिव को नीच, श्मशान का वासी, और अयोग्य कहा। सती ने सुना — और उनके भीतर कुछ टूट गया। वह अपमान शिव का नहीं था, बल्कि उस प्रेम का था जिसे सती ने अपनी पूरी आत्मा से चुना था। उन्होंने तय किया — इस देह में रहकर इस अपमान को और नहीं सहेंगी। यज्ञ की अग्नि में उन्होंने स्वयं को समर्पित कर दिया।

जब शिव को सती की मृत्यु का समाचार मिला, तो उनका क्रोध और शोक ब्रह्मांड को कंपाने लगा। वे सती के दग्ध शरीर को अपनी बाँहों में उठाकर तांडव करने लगे। उनका विलाप इतना तीव्र था कि सृष्टि अस्थिर हो गई। देवता भयभीत हो गए। भगवान विष्णु ने समझा कि इस शोक को कम करने का एकमात्र उपाय है — सती के शरीर को शिव से अलग करना। उन्होंने अपना सुदर्शन चक्र चलाया।

सुदर्शन चक्र ने सती के शरीर को 51 भागों में विभाजित कर दिया। वे 51 अंग जहाँ-जहाँ गिरे, वहाँ-वहाँ पृथ्वी पवित्र हो गई। वे स्थान शक्तिपीठ बन गए। कामाख्या में देवी का गर्भ गिरा — आज सबसे शक्तिशाली तंत्र केंद्र। वाराणसी में कान गिरे। प्रयागराज में उँगलियाँ गिरीं। हर शक्तिपीठ एक जीवंत द्वार बन गया — जहाँ देवी आज भी विराजती हैं।

शिव का विरह शांत हुआ जब उन्हें बोध हुआ — सती गई नहीं हैं। वे 51 स्थानों पर जीवित हैं। वे पृथ्वी बन गई हैं। यह ज्ञान शिव के शोक को समाधि में बदल गया। सती ने अपने जाने से शिव को एक सच्चाई सिखाई जो जीते-जी नहीं सिखाई जा सकती थी — प्रेम देह में नहीं रहता, यह स्थान में रहता है, स्मृति में रहता है, शक्ति में रहता है।

आज भी वे 51 शक्तिपीठ देवी की जीवंत उपस्थिति के प्रतीक हैं। जो भक्त इन तीर्थों की यात्रा करते हैं, वे केवल एक मंदिर नहीं देखते — वे उस स्थान को स्पर्श करते हैं जहाँ देवी का अंग पड़ा था। यह कथा हमें बताती है कि प्रेम कभी नष्ट नहीं होता — वह रूप बदलता है। सती का प्रेम पृथ्वी बन गया। और जब भी कोई सच्चे मन से पुकारता है — देवी सुनती हैं।"
The Day Lakshmi Left Heaven,लक्ष्मी का प्रस्थान,"A day came in heaven when Lakshmi decided to leave. The reason was a small incident — the insult of Sage Durvasa's garland. Sage Durvasa had gifted King Indra a divine flower garland — a blessing in the form of a gift. But Indra carelessly placed the garland on his elephant Airavata's trunk. The elephant threw the garland to the ground. Sage Durvasa felt — this was not merely an insult to a garland, this was an insult to Goddess Lakshmi herself.

Sage Durvasa cursed in fury — ""King Indra, your arrogance has insulted Lakshmi. Now she will leave heaven."" And so it happened. Lakshmi gradually began departing from heaven. As she left, heaven's beauty, prosperity, and energy all began to fade. Flowers wilted. The gods lost their enthusiasm. Yajna rituals yielded no fruit. And slowly the gods too grew weak — because where there is no gratitude, there is no Lakshmi.

Lakshmi went and settled in the ocean — in the Kshira Sagara, the cosmic milk ocean from which she had been born. She rested in those calm depths. Heaven fell into chaos. Demons seized this opportunity and attacked the gods. Indra was defeated. The entire world fell into disorder. The gods went to Brahma, Brahma sent them to Vishnu. Vishnu said — ""We must bring Lakshmi back. But this is not the work of one alone. The ocean must be churned.""

Preparations for the churning began. Mount Mandara became the churning rod, the serpent Vasuki became the rope. Gods and demons together began churning. This churning was not easy. The mountain began to sink — Vishnu took the form of a tortoise to support it. Terrible poison Halahala emerged — Shiva drank it. One by one, treasures emerged from the churning. And then — in a divine radiance, seated on a lotus, holding lotuses in her hands, amid the sound of conches — Lakshmi appeared.

Upon appearing, Lakshmi first placed a garland around Lord Vishnu. She came to rest upon his chest — near the Shrivatsa mark. This union was not merely of two beings — it was the union of power and protection, prosperity and dharma, beauty and truth. The gods praised her. The sages performed her abhisheka. The Ganga offered water. The ocean offered silk garments. Vishwakarma offered ornaments. All of creation welcomed their most beloved goddess.

The message of this story is not just about the goddess of prosperity. It tells us that Lakshmi dwells where there is gratitude, where there is effort, where the gifts of others are honored. Indra threw away one garland — and prosperity departed. When gods and demons worked together with great effort, Lakshmi returned. Even today, when we fail to value what we have received in our lives — Lakshmi quietly begins her departure.","स्वर्ग में एक दिन ऐसा आया जब लक्ष्मी ने जाने का निश्चय किया। कारण था एक छोटी सी घटना — ऋषि दुर्वासा की माला का अपमान। ऋषि दुर्वासा ने देवराज इंद्र को एक दिव्य पुष्पमाला भेंट की थी — एक वरदान-स्वरूप उपहार। लेकिन इंद्र ने उस माला को उदासीनता से अपने हाथी ऐरावत के सूंड पर डाल दिया। हाथी ने माला को जमीन पर फेंक दिया। ऋषि दुर्वासा को लगा — यह केवल माला का अपमान नहीं, यह देवी लक्ष्मी का अपमान है।

दुर्वासा ऋषि ने क्रोध में श्राप दिया — ""देवराज, तुम्हारे अहंकार ने लक्ष्मी का अपमान किया है। अब लक्ष्मी स्वर्ग छोड़ देंगी।"" और सच में ऐसा ही हुआ। लक्ष्मी धीरे-धीरे स्वर्ग से विदा होने लगीं। उनके जाने के साथ स्वर्ग की शोभा, समृद्धि, और ऊर्जा सब क्षीण होने लगी। फूल मुरझाने लगे। देवताओं में उत्साह नहीं रहा। यज्ञ के फल नहीं मिले। और धीरे-धीरे देवता भी कमजोर पड़ने लगे — क्योंकि जहाँ कृतज्ञता नहीं, वहाँ लक्ष्मी नहीं।

लक्ष्मी समुद्र में जाकर बैठ गईं — उस क्षीर सागर में जहाँ से वे उत्पन्न हुई थीं। वे क्षीर सागर की शांत गहराइयों में विश्राम करने लगीं। स्वर्ग में हाहाकार मच गया। असुरों ने इस अवसर का फायदा उठाया और देवताओं पर आक्रमण कर दिया। इंद्र हार गए। सारा संसार अव्यवस्था में था। देवता ब्रह्मा के पास गए, ब्रह्मा ने विष्णु के पास भेजा। विष्णु ने कहा — ""लक्ष्मी को वापस लाना है। लेकिन यह काम किसी एक के वश का नहीं। समुद्र मंथन करना होगा।""

समुद्र मंथन की तैयारी हुई। मंदराचल पर्वत को मथानी बनाया, वासुकी नाग को रस्सी बनाया। देवता और असुर — दोनों मिलकर मंथन करने लगे। यह मंथन आसान नहीं था। पर्वत डूबने लगा — विष्णु ने कच्छप रूप लेकर सहारा दिया। भयानक विष हलाहल निकला — शिव ने पिया। एक के बाद एक, मंथन से रत्न निकलते रहे। और फिर — एक दिव्य प्रकाश में, कमल पर विराजमान, हाथों में कमल थामे, शंख की ध्वनि के बीच — लक्ष्मी प्रकट हुईं।

लक्ष्मी ने प्रकट होकर सबसे पहले भगवान विष्णु को वरमाला पहनाई। वे उनके वक्ष पर विराजमान हुईं — श्रीवत्स चिह्न के पास। यह मिलन केवल दो व्यक्तियों का नहीं था — यह शक्ति और संरक्षण का, समृद्धि और धर्म का, सौंदर्य और सत्य का मिलन था। देवताओं ने स्तुति की। ऋषियों ने अभिषेक किया। गंगा ने जल दिया। समुद्र ने रेशम वस्त्र दिए। विश्वकर्मा ने आभूषण दिए। सृष्टि ने अपनी सबसे प्रिय देवी का स्वागत किया।

इस कथा का सन्देश केवल समृद्धि की देवी के बारे में नहीं है। यह हमें बताती है कि लक्ष्मी का वास वहाँ होता है जहाँ कृतज्ञता होती है, जहाँ परिश्रम होता है, जहाँ दूसरों के उपहारों का सम्मान होता है। इंद्र ने एक माला फेंकी — और समृद्धि चली गई। जब देवों और असुरों ने मिलकर कठिन परिश्रम किया, तब लक्ष्मी लौटीं। आज भी जब हम अपने जीवन में जो पाया है उसकी कदर नहीं करते — लक्ष्मी धीरे-धीरे वहाँ से विदा होने लगती हैं।"
Durga and the Demons Shumbha-Nishumbha,शुम्भ-निशुम्भ वध,"In a distant age, a crisis struck heaven that shook every god to their core. Shumbha and Nishumbha — two demon brothers — had received a boon from Brahma that no male could kill them. Armed with this boon, they seized heaven. Indra was forced to flee. The gods became lost and directionless. They had no solution — because they were all male. Then they remembered that power which is neither male nor bound by limitation — the Mahashakti who is the Goddess herself.

The gods went to the Himalayas and praised the Goddess. Hearing their prayers, a radiance emerged from Parvati's body — and from that radiance appeared a divine woman. She was Goddess Kaushiki — brilliant white, of extraordinary beauty, and filled with limitless power. The messengers of Shumbha and Nishumbha saw her and were enchanted. They sent word — ""Our king wishes to marry you. You are so beautiful that you should not become the wife of someone weak.""

The Goddess smiled and replied — ""I have made a vow. I will marry only one who defeats me in battle."" Hearing this, Shumbha and Nishumbha grew furious. They sent their generals — Dhumralochana, Chanda, Munda — one after another. Each time, the Goddess defeated them all. After slaying Chanda and Munda, she earned the name Chamunda. Each time a new demon came, a new form of the Goddess rose to face him — showing that power has infinite faces.

The greatest challenge came when Raktabija entered the battlefield. His boon was — every drop of his blood that fell to the ground would birth a new Raktabija. With every strike by the Goddess, thousands of Raktabijas began appearing. The battlefield filled with demons. Then the Goddess called upon Kali. Kali opened her mouth so wide that not a single drop of Raktabija's blood could touch the ground. Kali swallowed everything — blood, demons, and their arrogance too.

Finally, Shumbha himself entered the battlefield. He accused the Goddess — ""You fight with the strength of others! What kind of valor is that?"" The Goddess replied calmly — ""I am alone. Everything here — Kali, Amba, Bhavani — they are all me. This entire universe is contained within me."" Then she absorbed all her forms back into herself — and one Goddess, one Shakti, slew Shumbha. Alone. Complete.

The gods praised the Goddess. Heaven was free again. But the deepest message of this story is not in the victory of battle — it is in those words of the Goddess: ""I am alone."" This was not arrogance. This was completeness. When we gather all the powers within us — fear, anger, compassion, wisdom — and give them one direction, we too become unconquerable. This is Durga's message — that power is also within you. Recognize it.","त्रेतायुग में एक बार स्वर्ग पर संकट आया जिसने सभी देवताओं को कंपा दिया। शुंभ और निशुंभ — दो राक्षस भाई — जिन्होंने ब्रह्मा से वरदान पाया था कि कोई पुरुष उन्हें नहीं मार सकता। इस वरदान के बल पर उन्होंने स्वर्ग पर अधिकार कर लिया। इंद्र को भागना पड़ा। देवता निराश और दिशाहीन हो गए। उनके पास कोई उपाय नहीं था — क्योंकि वे सभी पुरुष थे। तब उन्हें याद आई वह शक्ति जो न पुरुष है, न स्त्री की सीमा में बंधी है — वह महाशक्ति जो स्वयं देवी है।

देवताओं ने हिमालय पर्वत पर जाकर देवी की स्तुति की। उनकी प्रार्थना सुनकर पार्वती के शरीर से एक तेज प्रकट हुआ — और उस तेज से एक दिव्य नारी का रूप उभरा। यह थीं देवी कौशिकी — शुभ्र वर्ण, अत्यंत सुंदर, और असीम शक्ति से युक्त। शुंभ-निशुंभ के दूतों ने उन्हें देखा और मोहित हो गए। उन्होंने दूत भेजा — ""हमारे राजा तुमसे विवाह करना चाहते हैं। तुम इतनी सुंदर हो कि तुम्हें किसी दुर्बल की पत्नी नहीं बनना चाहिए।""

देवी ने मुस्कुराते हुए उत्तर दिया — ""मैंने एक प्रतिज्ञा ली है। जो मुझे युद्ध में जीत लेगा, मैं केवल उसी से विवाह करूँगी।"" यह सुनकर शुंभ-निशुंभ क्रोधित हो गए। उन्होंने अपने सेनापतियों — धूम्रलोचन, चंड, मुंड — को भेजा। एक के बाद एक, देवी ने सभी को परास्त किया। चंड और मुंड का वध करने पर देवी का नाम पड़ा चामुंडा। हर बार जब नया असुर आया, देवी के एक नए रूप ने उसका सामना किया — यह दिखाते हुए कि शक्ति के अनंत रूप हैं।

सबसे बड़ी चुनौती तब आई जब रक्तबीज मैदान में उतरा। उसका वरदान था — उसके रक्त की जो भी बूँद जमीन पर गिरे, उससे उतने ही नए रक्तबीज पैदा हो जाएं। देवी की हर प्रहार से हजारों रक्तबीज उत्पन्न होने लगे। युद्ध का मैदान राक्षसों से भर गया। तब देवी ने काली को बुलाया। काली ने अपना मुख इतना बड़ा फैलाया कि रक्तबीज के रक्त की एक बूँद भी जमीन पर नहीं पड़ी। काली ने सब कुछ पी लिया — रक्त, असुर, और उनका अहंकार भी।

अंततः शुंभ स्वयं मैदान में उतरा। उसने देवी पर आरोप लगाया — ""तुम दूसरों की शक्ति से लड़ती हो! यह कहाँ का पराक्रम है?"" देवी ने शांत भाव से उत्तर दिया — ""मैं अकेली हूँ। यहाँ जो भी है — काली, अंबा, भवानी — वे सब मैं ही हूँ। यह जगत भी मुझमें समाया है।"" और तब उन्होंने अपने सभी रूपों को वापस अपने में समेट लिया — और एक ही देवी, एक ही शक्ति ने शुंभ का वध कर दिया। अकेली। सम्पूर्ण।

देवताओं ने देवी की स्तुति की। स्वर्ग पुनः मुक्त हो गया। लेकिन इस कथा का सबसे गहरा सन्देश युद्ध की विजय में नहीं है — वह है देवी के उस वाक्य में: ""मैं अकेली हूँ।"" यह अहंकार नहीं था। यह पूर्णता थी। जब हम अपने भीतर की सभी शक्तियों को एकत्रित कर लेते हैं — भय, क्रोध, करुणा, बुद्धि — और उन्हें एक दिशा देते हैं, तब हम भी अपराजेय होते हैं। यही दुर्गा का सन्देश है — तुम्हारे भीतर भी वह शक्ति है। उसे पहचानो।"
The Mother Who Answered a Cry,माँ का आशीर्वाद,"In ancient times, when darkness had cast its shadow over the earth and even the gods had become helpless, a mournful cry rose from every corner of the universe. It was not the voice of one — it was the collective scream of millions of suffering souls. This was the moment Shakti had to awaken. The Goddess, the primordial power of creation, could not ignore that cry. Because a mother never forgets the call of her children.

This story of the Goddess begins with an ordinary king — King Surath, a skilled and just ruler. His kingdom prospered, his people were happy. But fate had other plans. Enemies deceitfully seized his kingdom. Family abandoned him. The king who once ruled thousands now wandered in the forest — alone, broken, and despairing. The illusion of this world had given him everything and taken it all away in a single moment.

In that very forest, the king met a merchant — Samadhi, whose story was even more heartbreaking. His own sons and wife had conspired to drive him from his home and seize all his wealth. Together, the two took shelter at the ashram of Sage Medha. One evening, sitting by the river, they shared their sorrows. The king asked, ""We know they betrayed us, yet why does our mind still pull toward them?"" Sage Medha smiled and said, ""This is Maya. And only one power can grant freedom from this illusion.""

Sage Medha narrated the story of Goddess Mahamaya to them. He explained that she is the very power that runs creation, present in every being as consciousness. ""When someone calls upon her with a true heart,"" Medha Rishi said, ""she always comes — as a mother, as a protector, as strength."" Both the king and the merchant felt a deep curiosity awaken within them. That night they resolved — they would worship the Goddess, not for a kingdom, not for wealth — only for wisdom and liberation.

For three years, King Surath and Samadhi performed intense penance for the Goddess. They fashioned her image from clay and worshipped her with forest flowers, river water, and the emotions of their hearts. They fasted, stayed awake, wept, sang, and kept calling. And one day — when their eyes held tears and her name was on their lips — the Goddess appeared. Her form was divine and compassionate. Her eyes held the love that no mother in this world can give. ""I am here,"" she said. In just those three words, all their pain melted away.

The Goddess granted them both a boon. The king asked, ""Restore my kingdom and let me be born as Manu in the next life."" Both boons were granted. But the merchant Samadhi asked for something entirely different — ""Mother, give me only the wisdom that will free me forever from this illusion."" The Goddess smiled. This was the true boon. This story teaches us that the Goddess hears every call — whether it is for a kingdom or for liberation. She is a mother. A mother never sends her child away empty-handed.","प्राचीन काल में, जब धरती पर अंधकार का साया था और देवता भी असहाय हो गए थे, तब ब्रह्मांड के कोने-कोने से एक करुण पुकार उठी। वह पुकार किसी एक स्वर की नहीं थी — वह लाखों पीड़ित आत्माओं की सामूहिक चीख थी। यह वह क्षण था जब शक्ति को जागना था। देवी, जो सृष्टि की आदि शक्ति हैं, उस पुकार को अनसुना नहीं कर सकीं। क्योंकि माँ कभी अपने बच्चों की पुकार को नहीं भूलती।

देवी की यह कहानी एक साधारण राजा से शुरू होती है — राजा सुरथ, जो एक कुशल और न्यायप्रिय शासक था। उसके राज्य में सुख-समृद्धि थी, प्रजा खुश थी। लेकिन नियति को कुछ और ही मंजूर था। शत्रुओं ने धोखे से उसका राज्य छीन लिया। परिवार ने उसे अकेला छोड़ दिया। वह राजा जिसने कभी हजारों लोगों पर शासन किया था, आज जंगल में भटक रहा था — अकेला, टूटा हुआ, और निराश। संसार की माया ने उसे सब कुछ दिया और फिर एक पल में सब छीन लिया।

उसी जंगल में राजा की भेंट एक व्यापारी से हुई — समाधि, जिसकी कहानी राजा से भी अधिक दर्दनाक थी। उसके अपने बेटों और पत्नी ने मिलकर उसे घर से निकाल दिया था, उसकी सारी संपत्ति हड़प ली थी। दोनों ने मिलकर महर्षि मेधा के आश्रम में शरण ली। एक शाम, नदी के किनारे बैठकर दोनों ने अपने दुख साझा किए। राजा ने पूछा — ""हमें पता है कि उन्होंने हमें धोखा दिया, फिर भी हमारा मन उन्हीं की ओर क्यों खिंचता है?"" महर्षि मेधा ने मुस्कुराते हुए कहा, ""यही माया है। और इस माया से मुक्ति केवल एक शक्ति दे सकती है।""

महर्षि मेधा ने उन्हें देवी महामाया की कथा सुनाई। उन्होंने बताया कि यह वही शक्ति हैं जो सृष्टि को चलाती हैं, जो हर जीव में चेतना के रूप में विद्यमान हैं। ""जब कोई उन्हें सच्चे मन से पुकारता है,"" मेधा ऋषि ने कहा, ""तो वे अवश्य आती हैं — माँ की तरह, रक्षक की तरह, शक्ति की तरह।"" राजा और व्यापारी दोनों के मन में एक जिज्ञासा जागी। उस रात उन्होंने निश्चय किया — वे देवी की आराधना करेंगे, न राज्य के लिए, न संपत्ति के लिए — केवल ज्ञान और मुक्ति के लिए।

तीन वर्षों तक राजा सुरथ और समाधि ने देवी की घोर तपस्या की। उन्होंने मिट्टी से देवी की मूर्ति बनाई और वन के फूलों, नदी के जल, और अपने हृदय की भावनाओं से उनकी पूजा की। भूखे रहे, जागते रहे, रोए, गाए, पुकारते रहे। और एक दिन — जब उनकी आँखों में आँसू थे और होठों पर नाम — देवी प्रकट हुईं। उनका रूप दिव्य था, करुणामय था। उनकी आँखों में वह ममता थी जो संसार की कोई माँ नहीं दे सकती। ""मैं यहाँ हूँ,"" उन्होंने कहा। बस इतने से दोनों का सारा दर्द पिघल गया।

देवी ने उन दोनों को वरदान दिया। राजा ने माँगा — ""मुझे मेरा राज्य वापस दो और अगले जन्म में मैं मनु बनूँ।"" देवी ने दोनों वर पूरे किए। लेकिन व्यापारी समाधि ने कुछ और माँगा — ""माँ, मुझे केवल वह ज्ञान दो जिससे मैं इस माया से सदा के लिए मुक्त हो जाऊँ।"" देवी मुस्कुराईं। यही असली वरदान था। यह कहानी हमें सिखाती है कि देवी हर पुकार सुनती हैं — चाहे वह राज्य के लिए हो या मुक्ति के लिए। वे माँ हैं। माँ कभी खाली हाथ नहीं लौटाती।"
Lakshmi and the Devoted Washerman,भक्त और लक्ष्मी,"In the Dwapara Yuga, in a small village, there lived a washerman — his name was Shridhar. He washed clothes from dawn to dusk, lived in weariness, but every evening without fail he would light a small lamp before a tiny idol of Goddess Lakshmi and say, ""Mother, whatever I am — it is yours. I only ask for the dust from your feet."" He never asked for wealth. Never asked for fame. He simply talked to the Goddess — the way a child talks to their mother.

One day a merchant was passing through the village. He stopped at Shridhar's home and asked for water. Shridhar respectfully offered water and a little food. The merchant saw — there was almost nothing in the house. Clay walls, torn clothes, but in one corner a small lamp was burning and before it, a small idol of Lakshmi. The merchant asked — ""You are so poor, yet you still worship?"" Shridhar smiled and said — ""You don't need wealth to go to your mother.""

That night the merchant stayed at a dharamshala. He could not sleep — he could not forget Shridhar's words. ""You don't need wealth to go to your mother."" His entire life he had only worshipped for wealth. He had gone on pilgrimages but always with a demand. That night he felt for the first time — perhaps he had never actually talked to the Mother. He had only made transactions. That night was the longest night of his life.

The next day the merchant returned to Shridhar. He said — ""I want to do business with you."" Shridhar laughed — ""What do I have to offer?"" The merchant said — ""My warehouses are full but my house is empty. Your house is empty but your heart is full. Teach me what you know."" Together they started a business — Shridhar's honesty and the merchant's money. Within a year, Shridhar's home was prosperous. But Shridhar knew — this was the Mother's grace, not his own cleverness.

Gradually word spread through the village. People began asking Shridhar — ""You had nothing before, how do you have so much now?"" Shridhar always said the same thing — ""I never asked the Mother for wealth. I only wanted to be near her. She looks after wealth herself."" This is Lakshmi's nature — she does not go to those who try to grasp her. She goes to those who simply love her. Hands that rise not to ask but to touch — those hands Lakshmi fills.

The message of this story is simple but life-changing. Lakshmi is not merely the goddess of wealth — she is the goddess of completeness. Where there is cleanliness, honesty, gratitude, and selfless love — there Lakshmi stays. Where there is greed, ego, and the Goddess is seen merely as a transaction — there Lakshmi does not linger. Devotees like Shridhar are Lakshmi's most beloved — because they see the Mother as a mother, not as a goddess to be bargained with.","द्वापर युग की बात है। एक छोटे से गाँव में एक धोबी रहता था — नाम था श्रीधर। वह दिन-रात कपड़े धोता, थका-माँदा रहता, लेकिन शाम को एक काम ज़रूर करता — लक्ष्मी माँ की एक छोटी मूर्ति के सामने एक दीपक जलाता और कहता, ""माँ, मैं जो हूँ वह आपका है। मुझे बस आपके चरणों की धूल चाहिए।"" वह धन नहीं माँगता था। शोहरत नहीं माँगता था। वह बस माँ से बात करता था — जैसे एक बच्चा माँ से करता है।

एक दिन एक व्यापारी गाँव से गुज़रा। उसने श्रीधर के घर पर रुककर पानी माँगा। श्रीधर ने सादर पानी और थोड़ा खाना दिया। व्यापारी ने देखा — घर में कुछ नहीं था। मिट्टी की दीवारें, फटे कपड़े, लेकिन एक कोने में एक छोटा दीपक जल रहा था और उसके सामने लक्ष्मी की छोटी मूर्ति। व्यापारी ने पूछा — ""तुम कितने गरीब हो, फिर भी पूजा करते हो?"" श्रीधर ने मुस्कुराकर कहा — ""माँ के पास जाने के लिए अमीरी की ज़रूरत नहीं होती।""

उस रात व्यापारी एक धर्मशाला में रुका। उसे नींद नहीं आई — वह श्रीधर की बात भूल नहीं सका। ""माँ के पास जाने के लिए अमीरी की ज़रूरत नहीं।"" उसने अपने पूरे जीवन में केवल धन के लिए पूजा की थी। तीर्थ यात्राएँ कीं लेकिन हर बार एक माँग के साथ। उस रात उसे पहली बार लगा — शायद उसने माँ से कभी बात ही नहीं की। उसने केवल सौदे किए। वह रात उसके जीवन की सबसे लंबी रात थी।

अगले दिन व्यापारी वापस श्रीधर के पास गया। उसने कहा — ""मैं तुम्हारे साथ व्यापार करना चाहता हूँ।"" श्रीधर हँसा — ""मेरे पास देने के लिए क्या है?"" व्यापारी ने कहा — ""मेरे गोदाम भरे हैं लेकिन मेरा घर खाली है। तुम्हारा घर खाली है लेकिन तुम्हारा दिल भरा है। मुझे वह सिखाओ जो तुम जानते हो।"" दोनों ने मिलकर एक व्यापार शुरू किया — श्रीधर की ईमानदारी और व्यापारी का धन। एक साल में श्रीधर का घर समृद्ध था। लेकिन श्रीधर को पता था — यह माँ की कृपा थी, उसकी बुद्धि की नहीं।

धीरे-धीरे गाँव में बात फैली। लोग श्रीधर से पूछने लगे — ""तुम्हारे पास पहले कुछ नहीं था, अब इतना कैसे?"" श्रीधर एक ही बात कहता — ""मैंने माँ से कभी धन नहीं माँगा। बस उनके पास रहना चाहा। धन तो वे खुद देखती हैं।"" यही लक्ष्मी का स्वभाव है — वे उनके पास नहीं जातीं जो उन्हें पकड़ना चाहते हैं। वे उनके पास जाती हैं जो उनसे बस प्रेम करते हैं। जो हाथ माँगने के लिए नहीं, स्पर्श के लिए उठते हैं — उन्हीं हाथों को लक्ष्मी भर देती हैं।

इस कहानी का सन्देश सरल है लेकिन जीवन बदलने वाला है। लक्ष्मी केवल धन की देवी नहीं हैं — वे सम्पूर्णता की देवी हैं। जहाँ स्वच्छता है, ईमानदारी है, कृतज्ञता है, और निष्काम प्रेम है — वहाँ लक्ष्मी रहती हैं। जहाँ लालच है, अहंकार है, और देवी को केवल एक सौदे की तरह देखा जाता है — वहाँ लक्ष्मी टिकती नहीं। श्रीधर जैसे भक्त लक्ष्मी के सबसे प्रिय हैं — क्योंकि वे माँ को माँ की तरह देखते हैं, देवी की तरह नहीं।"
Lakshmi and Vishnu — The Eternal Partnership,लक्ष्मी-विष्णु,"If one seeks the most complete love story in Hindu philosophy, it is that of Lakshmi and Vishnu. This is not merely the union of two deities — it is the union of two elements that are incomplete without each other. Vishnu is the sustainer — he holds creation. Lakshmi is the Shakti — she is the energy that enables that sustaining. Vishnu is dharma — Lakshmi is the fruit of that dharma. They are not separate — like fire and its warmth, like the moon and its moonlight.

In the Puranas there is a story. Once someone asked Lakshmi — ""Why do you always stay near Vishnu? Do you have no will of your own?"" Lakshmi said — ""Where there is dharma, I am naturally present. I do not stay because I must — I stay because this is my very nature. Water flows downward, flame rises upward — this is their nature. I go where there is dharma — this is my nature.""

The relationship of Lakshmi and Vishnu manifested in new forms in every age. In Treta Yuga, Vishnu became Rama — and Lakshmi became Sita. That Sita who went to the forest with Rama, who was present through every hardship, who was the daughter of the earth and the avatar of Lakshmi. In Dwapara Yuga, Vishnu became Krishna — and Lakshmi became Rukmini, the queen who herself wrote a letter to Krishna saying ""Come, take me away."" The same love every age, a new form every time.

In the cosmic milk ocean, Vishnu rests on Shesha Naga — this image is one of Hindu philosophy's deepest symbols. Lakshmi is at his feet. This is not servitude — it is companionship. This is not slavery — it is completeness. When complete power serves complete dharma — the balance of the universe is maintained. And this image says — the greatest power is that which willingly enters into service. Lakshmi is the Mahashakti — yet she is in service. Because in love, service is not humiliation — it is honor.

Once Devarshi Narada asked Lakshmi — ""If there is a weakness in Vishnu and you, what is it?"" Lakshmi replied — ""The Lord's weakness is that he can do anything for his devotees. And my weakness is that wherever the devotees are, I go there."" Then Narada smiled and said — ""So the Lord is the servant of devotees and you follow the devotees. Then the devotees are the most powerful of all."" Lakshmi laughed — ""Exactly right.""

The story of Lakshmi and Vishnu teaches us that true love is never one-sided. It is the union of two complete personalities — where one completes the other, does not diminish them. Where both retain their freedom. Where being together is not a necessity but a choice. And when such love exists — even the universe runs on that love. In every home where husband and wife see each other as dharma and shakti — in that home, Lakshmi and Vishnu dwell.","यदि हिंदू दर्शन में सबसे पूर्ण प्रेम कहानी ढूँढनी हो, तो वह है लक्ष्मी और विष्णु की। यह केवल दो देवताओं का मिलन नहीं है — यह दो तत्वों का मिलन है जो एक-दूसरे के बिना अधूरे हैं। विष्णु हैं पालनकर्ता — वे सृष्टि को धारण करते हैं। लक्ष्मी हैं शक्ति — वे उस धारण करने की ऊर्जा हैं। विष्णु हैं धर्म — लक्ष्मी हैं उस धर्म का फल। दोनों अलग-अलग नहीं हैं — जैसे अग्नि और उसकी ऊष्मा, जैसे चाँद और उसकी चाँदनी।

पुराणों में एक कथा है। एक बार लक्ष्मी से किसी ने पूछा — ""आप सदा विष्णु के पास क्यों रहती हैं? क्या आपकी अपनी कोई इच्छा नहीं?"" लक्ष्मी ने कहा — ""जहाँ धर्म है, वहाँ मैं स्वाभाविक रूप से हूँ। मैं इसलिए नहीं रहती कि मुझे रहना है — मैं इसलिए रहती हूँ क्योंकि मेरा स्वभाव ही यही है। जल नीचे बहता है, लौ ऊपर जाती है — यह उनका स्वभाव है। मैं जहाँ धर्म हो वहाँ जाती हूँ — यह मेरा स्वभाव है।""

लक्ष्मी और विष्णु का सम्बन्ध हर युग में नए रूप में प्रकट हुआ। त्रेता युग में विष्णु राम बने — और लक्ष्मी सीता बनीं। वह सीता जो राम के साथ वन गईं, जो हर कष्ट में साथ थीं, जो पृथ्वी की पुत्री थीं और लक्ष्मी का अवतार। द्वापर युग में विष्णु कृष्ण बने — और लक्ष्मी रुक्मिणी बनीं, वह रानी जिसने स्वयं कृष्ण को पत्र लिखा और कहा ""आओ, मुझे ले जाओ।"" हर युग में वही प्रेम, हर बार नया रूप।

क्षीर सागर में विष्णु शेषनाग पर विश्राम करते हैं — यह दृश्य हिंदू दर्शन का सबसे गहरा प्रतीक है। लक्ष्मी उनके पैर दबाती हैं। यह सेवा नहीं है — यह साहचर्य है। यह दासता नहीं है — यह पूर्णता है। जब पूर्ण शक्ति पूर्ण धर्म की सेवा करे — तो ब्रह्मांड का संतुलन बना रहता है। और यह दृश्य कहता है — सबसे बड़ी शक्ति वह है जो स्वेच्छा से सेवा में लग जाए। लक्ष्मी महाशक्ति हैं — फिर भी वे सेवा में हैं। क्योंकि प्रेम में सेवा अपमान नहीं, सम्मान है।

एक बार देवर्षि नारद ने लक्ष्मी से पूछा — ""यदि विष्णु और आपमें कोई कमज़ोरी हो तो क्या है?"" लक्ष्मी ने उत्तर दिया — ""भगवान की कमज़ोरी यह है कि वे अपने भक्तों के लिए कुछ भी कर सकते हैं। और मेरी कमज़ोरी यह है कि जहाँ भक्त हों, मैं वहाँ जाती हूँ।"" तब नारद ने मुस्कुराते हुए कहा — ""तो भगवान भक्तों के दास हैं और आप भक्तों के पीछे चलती हैं। तो फिर भक्त ही सबसे शक्तिशाली हुए।"" लक्ष्मी हँसीं — ""बिल्कुल सही।""

लक्ष्मी और विष्णु की कथा हमें यह सिखाती है कि सच्चा प्रेम कभी एकतरफा नहीं होता। यह दो पूर्ण व्यक्तित्वों का मिलन है — जहाँ एक दूसरे को पूरा करता है, कम नहीं करता। जहाँ दोनों की स्वतंत्रता बनी रहती है। जहाँ साथ रहना आवश्यकता नहीं, चुनाव है। और जब ऐसा प्रेम हो — तो ब्रह्मांड भी उस प्रेम से चलता है। हर घर में जब पति-पत्नी एक-दूसरे को धर्म और शक्ति के रूप में देखते हैं — तो उस घर में लक्ष्मी-विष्णु का वास होता है।"
How Saraswati Gave Music to the World,संगीत की उत्पत्ति,"At the beginning of creation — when Brahma fashioned the world — everything existed but one thing was missing. The world had colors, sky, rivers, mountains — but a deep silence pervaded it all. Leaves rustled but held no music. Birds existed but their calls held no melody. Rivers flowed but held no rhythm. Brahma saw — creation is beautiful but it is without soul. Then he conceived of Saraswati — that power which would breathe life into creation.

A thought arose in Brahma's mind and from his mouth emerged a divine radiance. That radiance transformed into a woman's form — white garments, a veena in hand, seated on a lotus. This was Saraswati — the goddess of knowledge, speech, and music. She touched the strings of her veena for the first time — and from that single touch, a wondrous vibration arose in the universe. That vibration spread through the air, rivers found their rhythm, birds began to sing, leaves began to dance with the wind. For the first time, creation found its soul.

Saraswati created seven notes — Sa, Re, Ga, Ma, Pa, Dha, Ni. These seven notes are like seven colors — beautiful alone, even more beautiful together. She taught that music is not just for the ears — it is for the soul. When someone sings with true feeling, they do not merely produce sound — they speak to the divine. This is why in India, for centuries, singing has been considered a sadhana — not a means, but a practice. A way of living life itself.

Once a dispute arose between the gods and demons — over music. The demons claimed — ""Music is a tool of power. Whoever produces the loudest note is most powerful."" The gods went to Saraswati and asked — ""Mother, what is the greatest music?"" Saraswati said — ""Music that awakens something within the listener. That brings tears to the eyes — whether of joy or pain. That calms the mind. That reminds someone they are not alone."" This is the meaning of music.

Saraswati gifted humans the knowledge of the veena, flute, tabla, and mridangam. She taught that each instrument expresses a different feeling. Veena — meditation and peace. Flute — love and longing. Tabla — enthusiasm and power. Mridangam — the proclamation of devotion. This is why different instruments are played at different times in temples — because each emotion has its own language with the divine.

Today whenever an artist sits on stage, they unknowingly worship Saraswati. Whenever a child first learns music — they take their first step at Saraswati's feet. Saraswati's greatest teaching is this — knowledge and art are received not just with the mind but with the heart. And when received with the heart — that knowledge becomes immortal. This is why even thousands of years later, the seven notes remain the same. Unchanged. Because truth never changes.","सृष्टि के आरंभ में — जब ब्रह्मा ने दुनिया बनाई — तब सब कुछ था लेकिन एक चीज़ नहीं थी। संसार में रंग थे, आकाश था, नदियाँ थीं, पर्वत थे — लेकिन एक गहरी खामोशी थी। पत्तियाँ हिलती थीं पर उनमें संगीत नहीं था। पक्षी थे पर उनकी बोली में कोई राग नहीं था। नदी बहती थी पर उसमें लय नहीं था। ब्रह्मा ने देखा — सृष्टि सुंदर है लेकिन आत्माहीन है। तब उन्होंने सरस्वती की कल्पना की — वह शक्ति जो सृष्टि में प्राण फूँकेगी।

ब्रह्मा के मन में विचार उठा और उनके मुख से एक दिव्य प्रकाश प्रकट हुआ। वह प्रकाश स्त्री रूप में परिवर्तित हुआ — श्वेत वस्त्र, वीणा हाथ में, कमल पर विराजमान। यह थीं सरस्वती — ज्ञान, वाणी, और संगीत की देवी। उन्होंने पहली बार अपनी वीणा के तार छुए — और उस एक स्पर्श से ब्रह्मांड में एक अद्भुत कंपन उठी। वह कंपन हवा में फैली, नदियों ने लय पकड़ी, पक्षियों ने गाना शुरू किया, पत्तियाँ हवा के साथ नृत्य करने लगीं। सृष्टि को पहली बार अपनी आत्मा मिली।

सरस्वती ने सात स्वर बनाए — सा, रे, ग, म, प, ध, नि। ये सात स्वर सात रंगों की तरह हैं — अकेले भी सुंदर, मिलकर और भी सुंदर। उन्होंने सिखाया कि संगीत केवल कान के लिए नहीं है — यह आत्मा के लिए है। जब कोई सच्चे भाव से गाता है, तो वह केवल ध्वनि नहीं निकालता — वह ईश्वर से बातें करता है। इसीलिए भारत में सदियों से गायन को साधना माना गया है — साधन नहीं, साधना। वह जीवन जीने का तरीका।

एक बार देवताओं और असुरों में विवाद हुआ — संगीत पर। असुरों का कहना था — ""संगीत शक्ति का साधन है। जो सबसे ऊँचा स्वर निकाले, वही सबसे शक्तिशाली।"" देवताओं ने सरस्वती के पास जाकर पूछा — ""माँ, सबसे श्रेष्ठ संगीत क्या है?"" सरस्वती ने कहा — ""वह संगीत जो सुनने वाले के भीतर कुछ जगाए। जो आँखों में आँसू लाए — खुशी के हों या दर्द के। जो मन को शांत करे। जो किसी को याद दिलाए कि वह अकेला नहीं है।"" यही संगीत का अर्थ है।

सरस्वती ने मनुष्यों को वीणा, बाँसुरी, तबला, और मृदंग — इन वाद्ययंत्रों का ज्ञान दिया। उन्होंने सिखाया कि हर वाद्य एक अलग भाव को व्यक्त करता है। वीणा — ध्यान और शांति। बाँसुरी — प्रेम और विरह। तबला — उत्साह और शक्ति। मृदंग — भक्ति का उद्घोष। इसीलिए मंदिरों में अलग-अलग समय पर अलग-अलग वाद्य बजाए जाते हैं — क्योंकि हर भाव की देवी से अपनी भाषा है।

आज जब भी कोई कलाकार मंच पर बैठता है, वह अनजाने में सरस्वती की उपासना करता है। जब भी कोई बच्चा पहली बार संगीत सीखता है — वह सरस्वती के चरणों में पहला कदम रखता है। सरस्वती की सबसे बड़ी सीख यह है — ज्ञान और कला केवल दिमाग से नहीं, हृदय से ग्रहण होती है। और जब हृदय से ग्रहण हो — तो वह ज्ञान अमर हो जाता है। इसीलिए हजारों साल बाद भी सात स्वर वही हैं। बदले नहीं। क्योंकि सच्चाई कभी नहीं बदलती।"
The Lost River That Flows Within,सरस्वती नदी,"In India there is a river that cannot be seen. That you cannot touch. That you cannot fill in a vessel. But which exists — and which every sage has experienced. This is the Saraswati river — that sacred river which flows within the earth and joins the Ganga-Yamuna confluence at Prayagraj. This is the Triveni Sangam — the meeting of three rivers. Two are visible, one is invisible. This invisible river is Saraswati herself — and hidden in this mystery is a profound truth.

The Saraswati river once flowed above the earth. She is described in the Rigveda — a massive, swift, sacred river. The ashrams of sages were built on her banks. The Vedas were composed on her shores. But gradually — the climate changed, geography changed, and Saraswati descended into the earth. She became invisible but did not cease to be. She flows even today — but to see her, you need not eyes, but feeling.

Scientists in recent years have found traces of an invisible river's flow in satellite images. In the Rajasthan desert, remnants of a dried riverbed have been discovered — matching the path of the Saraswati river. Science found what the sages knew thousands of years ago. This story teaches exactly this — what is not visible to the eyes is not false. Knowledge, soul, God — these are all like Saraswati. Invisible, yet existent.

Saraswati's invisibility is also a spiritual symbol. The depth of knowledge is not visible — it is within. A scholar's knowledge is known not from their clothes, not from their words — but from their silence. The more someone truly knows, the less they speak. Saraswati's flow is like this — it is fierce, powerful, but makes no noise. Ganga and Yamuna rush loudly — Saraswati silently joins them and makes them even more sacred.

At Prayagraj, the Kumbh Mela is held every twelve years. Millions come to bathe at the Triveni Sangam. They see two rivers — Ganga and Yamuna. But when they take the plunge, they bathe in all three rivers. Saraswati flows from below — invisible but present. That bath is not only of the body — it is also the purification of knowledge, speech, and the inner soul. Saraswati is in the Triveni for this reason — because no confluence is complete without knowledge.

This story of the Saraswati river gives us a priceless truth — things that are invisible are often the most powerful. Love cannot be seen — but look what it does. The soul cannot be seen — but look what the body is without it. God cannot be seen — but even those who deny find themselves bowing in a moment of hardship. Saraswati is the symbol of that truth which does not shout, which does not show off, which simply flows — silently, deeply, beneath — and when it meets, it makes everything sacred.","भारत में एक नदी है जो दिखती नहीं। जिसे आप छू नहीं सकते। जिसे आप गागर में नहीं भर सकते। लेकिन जो है — और जिसे हर ऋषि ने अनुभव किया है। यह है सरस्वती नदी — वह पवित्र नदी जो पृथ्वी के भीतर बहती है और प्रयागराज में गंगा-यमुना के संगम पर आकर मिलती है। यही त्रिवेणी संगम है — तीन नदियों का मिलन। दो दिखती हैं, एक अदृश्य। यह अदृश्य नदी सरस्वती ही है — और इस रहस्य में एक गहरी सच्चाई छुपी है।

सरस्वती नदी कभी पृथ्वी के ऊपर बहती थी। ऋग्वेद में इसका वर्णन है — एक विशाल, वेगवान, पवित्र नदी। ऋषियों के आश्रम इसी के किनारे बसे थे। वेदों की रचना इसी के तट पर हुई। लेकिन धीरे-धीरे — जलवायु बदली, भूगोल बदला, और सरस्वती पृथ्वी के भीतर समा गई। वह अदृश्य हो गई लेकिन समाप्त नहीं हुई। वह आज भी बहती है — लेकिन उसे देखने के लिए आँखें नहीं, भाव चाहिए।

वैज्ञानिकों ने हाल के वर्षों में उपग्रह चित्रों से एक अदृश्य नदी के प्रवाह के निशान खोजे हैं। राजस्थान के रेगिस्तान में एक सूखी हुई नदी की धारा के अवशेष मिले हैं — जो सरस्वती नदी के मार्ग से मेल खाते हैं। विज्ञान ने वह खोज की जो ऋषियों को हज़ारों साल पहले से पता था। यह कथा यही सिखाती है — जो आँखों से नहीं दिखता, वह झूठ नहीं होता। ज्ञान, आत्मा, परमात्मा — ये सब सरस्वती की तरह हैं। अदृश्य, पर अस्तित्वशाली।

सरस्वती का अदृश्य होना एक आध्यात्मिक प्रतीक भी है। ज्ञान की गहराई दिखाई नहीं देती — वह भीतर होती है। एक विद्वान का ज्ञान उसके वस्त्रों से नहीं, उसके शब्दों से नहीं — उसके मौन से पता चलता है। जो जितना अधिक जानता है, वह उतना ही कम बोलता है। सरस्वती का प्रवाह भी ऐसा ही है — वह तीव्र है, शक्तिशाली है, लेकिन शोर नहीं करती। गंगा-यमुना शोर करती हैं — सरस्वती चुपचाप उनमें मिल जाती है और उन्हें और भी पवित्र बना देती है।

प्रयागराज में हर बारह साल में कुंभ मेला लगता है। करोड़ों लोग त्रिवेणी संगम पर स्नान करने आते हैं। वे दो नदियाँ देखते हैं — गंगा और यमुना। लेकिन जब वे डुबकी लगाते हैं, तो वे तीनों नदियों में स्नान करते हैं। सरस्वती नीचे से प्रवाहित होती है — अदृश्य लेकिन वर्तमान। वह स्नान केवल शरीर का नहीं होता — वह ज्ञान का, वाणी का, और अंतरात्मा का शुद्धिकरण भी होता है। सरस्वती इसीलिए त्रिवेणी में हैं — क्योंकि ज्ञान के बिना कोई संगम पूर्ण नहीं।

सरस्वती नदी की यह कथा हमें एक अनमोल सत्य देती है — जो चीज़ें अदृश्य हैं, वे अक्सर सबसे शक्तिशाली होती हैं। प्रेम दिखता नहीं — पर देखो क्या करता है। आत्मा दिखती नहीं — पर देखो इसके बिना देह क्या है। ईश्वर दिखते नहीं — पर इनकार करने वाले भी किसी कठिन पल में झुक जाते हैं। सरस्वती उस सत्य की प्रतीक हैं जो शोर नहीं करता, जो दिखावा नहीं करता, जो बस बहता रहता है — चुपचाप, गहरे, नीचे — और जब मिलता है, तो सब कुछ पवित्र कर देता है।"
Why Ganesha Loves Modaks,गणेश को मोदक क्यों प्रिय हैं,"On a day when the heavens were unusually festive, the sage-mother Anasuya prepared a grand feast and invited Brahma, Vishnu, and Shiva's family. Her kitchen produced many divine dishes, but the one that filled every corridor of her ashram with an extraordinary fragrance was the modak — small dumplings of rice flour stuffed with coconut and jaggery, steamed to a translucent softness. The gods were still far away when young Ganesha, seated on Kailash, lifted his large head and sniffed the air. His small eyes went wide. His trunk curled and uncurled with a concentration that he usually reserved only for solving the riddles of the universe.

Ganesha charged toward the source of that divine fragrance with a single-mindedness that was almost cosmic. But Anasuya, with the gentle authority of a wise woman, held up one hand. ""First bring your mother, Parvati. This feast is for the whole family."" Ganesha sent word to Parvati with the speed only he could manage. When the goddess arrived, she laughed to see the barely-contained excitement in her son's eyes — the same eyes that could read the Vedas in a glance, now fixed with absolute devotion on a plate of sweets. Parvati sat beside him and began handing him modaks one by one. Ganesha ate them with a joy so complete it made the room brighter.

Ganesha ate twenty-one modaks. Then asked for more. Then more again. His great belly swelled magnificently. Satisfied beyond all measure, he waddled outside into the moonlit night, his mouse Mushaka trotting alongside him. But the mouse spotted a snake on the path and startled so suddenly that Ganesha tripped. He fell with a tremendous thud, his belly hit the ground, and modaks scattered everywhere. The snake that served as his belt slithered free. The Moon, watching from the sky, made a mistake that would echo through Hindu tradition for millennia — he laughed. Loudly. At the sight of the fat, fallen, modak-surrounded god of wisdom.

Ganesha rose slowly. He re-tied the snake as his belt with great dignity. He picked up every scattered modak. He arranged himself. And then he turned toward the Moon. His single tusk gleamed. His eyes were not fiery with rage — they held the calm certainty of a teacher about to deliver a lesson that will not be forgotten. ""Whoever looks upon you tonight,"" Ganesha said, ""will receive a false accusation."" The Moon began to shrink and darken, his usual brilliance dimming to almost nothing. The night went dark. The gods rushed to Ganesha to appeal for mercy — a world without moonlight was a world without poetry, without tides, without the calendar of sacred festivals.

The Moon wept and begged. Ganesha listened — his anger had never been about pride, only about establishing that no being, however beautiful or high-placed, should mock another's form. He modified the curse: ""For all days but one, your moonlight will be welcome and auspicious. But on the night of Ganesha Chaturthi — the day of my celebration — whoever looks upon you will face false accusation. Let this serve as an eternal reminder."" The Moon agreed. He brightened again, chastened and wiser. And to this day, on the night of Ganesha Chaturthi, devout Hindus are careful not to gaze at the moon — a tradition connecting every present celebration to this ancient story.

The modak remains Ganesha's most beloved offering to this day. In temples across India, in homes where pujas are performed, in grandmothers' kitchens on festival mornings — modaks are made with the specific intention of pleasing Ganesha. And the reason this story endures is not just because it explains a tradition, but because it reveals something beautiful about Ganesha's nature: the god who removes cosmic obstacles is also the god who is completely delighted by a small sweet. The one who holds the pen that wrote the Mahabharata is also the one who trips over a mouse and falls in the moonlight. In Ganesha, the vast and the humble are one — and that is why he is loved above all others.","एक बार कैलाश पर एक दिव्य उत्सव था। देवी अनुसुया ने ब्रह्मा, विष्णु और महेश को भोजन पर आमंत्रित किया था। उनके घर में एक विशेष मिठाई बनी थी — मोदक। जब गणेश ने उसकी सुगंध ली, तो कुछ हुआ जो देवताओं को भी अचरज में डाल गया।

गणेश जी मोदक की ओर दौड़े — पर देवी अनुसुया ने कहा: ""पहले अपनी माँ पार्वती को ले आओ।"" गणेश ने तुरंत माँ पार्वती को संदेश भेजा। पार्वती आईं। उन्होंने अनुसुया से मोदक लिए और गणेश को देने बैठीं। पर गणेश इतने उत्साहित थे कि वे एक के बाद एक खाते रहे।

गणेश ने इक्कीस मोदक खाए। फिर एक और। फिर और। उनका उदर इतना भर गया कि वे बाहर जाते हुए मूषकराज से टकराए और गिर गए। उनके पेट पर बँधा साँप खुल गया और मोदक लुढ़क गए। चंद्रमा ने यह देखकर हँसी की। गणेश ने एक पल रुककर... चंद्रमा की ओर देखा।

गणेश जी उठे, साँप को दोबारा बेल्ट की तरह बाँधा, बिखरे मोदक वापस उठाए — और चंद्रमा की ओर मुड़े। उनका एक दाँत था। उन्होंने शाप दिया: ""जो तुम्हें देखेगा, उस पर झूठा कलंक लगेगा।"" चंद्रमा काला हो गया, सिकुड़ गया। देवता घबराए। पर गणेश के नेत्रों में क्रोध नहीं था — शिक्षा थी।

चंद्रमा ने क्षमा माँगी। गणेश ने शाप में संशोधन किया — ""केवल गणेश चतुर्थी के दिन चंद्रमा देखने पर झूठा कलंक लगेगा। बाकी दिन चंद्रमा के दर्शन शुभ रहेंगे।"" यही कारण है कि आज भी गणेश चतुर्थी के दिन चंद्रमा देखना वर्जित माना जाता है।

मोदक आज भी गणेश जी का सबसे प्रिय भोग है। जब हम उन्हें मोदक चढ़ाते हैं, तो याद रखते हैं — वे ज्ञान के देवता हैं जो सरल आनंद में भी पूर्ण हैं। जो देवता ब्रह्माण्ड की बाधाएँ हटाता है, वही देवता एक मिठाई की खुशबू पर पूरी तरह प्रसन्न होता है — यही उनकी दिव्यता का रहस्य है।"
Hanuman Brings the Mountain of Life,हनुमान संजीवनी बूटी लाते हैं,"The battlefield of Lanka had grown silent in the worst way — with grief. Lakshmana, Rama's beloved brother, lay on the earth, struck by Indrajit's Shakti weapon. His chest barely moved. His face, usually bright with courage, had gone pale as moonlight. Rama knelt beside him, tears streaming freely down his face — the same Rama who had faced ten-headed Ravana without flinching. Physician Sushena spoke gravely: ""There is one herb that can save him — the Sanjeevani, found only on the peak of Mount Dronagiri in the Himalayas. But it must be brought before sunrise, or Lakshmana will not wake."" Every warrior looked at the ground. The mountain was thousands of miles away.

Hanuman did not deliberate. He did not ask how. He simply stood, met Rama's eyes for one wordless moment, and said: ""I am going, my Lord."" Before the words had fully left his mouth, he was already rising. He shot northward through the dark sky, leaving a trail of disturbed wind behind him. On the battlefield, Rama watched his devotee disappear into the night sky. Sugriva stood beside him. Neither spoke. There was nothing to say. Either Hanuman would return — or he would not. And both of them knew: if anyone in the three worlds could do this, it was the son of the Wind.

Dronagiri mountain was vast — its slopes covered in thousands of herbs, plants, and shrubs, all glowing faintly in the mountain mist. Hanuman searched frantically. He knew the name — Sanjeevani. But in the darkness, every plant looked the same. Precious minutes slipped by. The eastern sky was still black, but how long would that last? Hanuman felt the familiar weight of helplessness threatening to rise. Then something in him went still. He looked at the mountain. He looked at his hands. And then — he smiled. If he could not identify the herb, he would bring the entire question with him. He bent down, dug his fingers into the roots of the mountain, and lifted.

Flying south with a mountain in his hands, Hanuman passed over Ayodhya. Below, Prince Bharata stood guard in the night. He saw a massive silhouette carrying what appeared to be a hill — moving at impossible speed. Fearing some demonic attack on the kingdom, Bharata fired a divine arrow. It struck Hanuman in the knee. He fell, crashing to earth with the mountain still in his arms. When Bharata rushed to the fallen figure, Hanuman opened his eyes and said softly: ""Brother, I am Hanuman — Rama's servant. I carry this mountain for Lakshmana's life."" Bharata's bow clattered to the ground. He wept. He pulled Hanuman to his feet with his own hands and placed him on his back, firing an arrow to carry them both south at the speed of thought.

Hanuman arrived over Lanka just as the first whisper of dawn was touching the eastern horizon. He landed, set the mountain down before Sushena, and collapsed to one knee, panting. The physician moved with the urgency of a man who knew every second counted. He identified the Sanjeevani within moments, crushed it, and held it beneath Lakshmana's nose. For a long, terrible moment — nothing. Then Lakshmana's chest rose. His fingers moved. His eyes opened — confused, then clear, then bright. He sat up and looked straight at Rama. ""Brother,"" he said simply. The army erupted. Warriors who had wept moments ago now beat their chests and shouted at the sky. Rama walked to Hanuman and held him — a long, wordless embrace.

This story is not merely about a mountain carried through the night. It is about what lives inside a heart devoted completely to service. Hanuman had no map, no companion, no guarantee of success. He had only the image of Lakshmana's still face and the weight of Rama's trust. And that was enough. That has always been enough. The Sanjeevani story teaches us this: when we act not for ourselves but for the love of another, something greater than our own strength guides our hands. The mountain becomes light. The night becomes navigable. And sunrise waits — just long enough.","युद्धभूमि में लक्ष्मण शक्ति बाण से मूर्छित होकर गिर पड़े थे। राम के नेत्रों से अश्रु बह रहे थे। वैद्य सुषेण ने कहा — ""एकमात्र उपाय है संजीवनी बूटी, जो द्रोणाचल पर्वत पर मिलती है। पर सूर्योदय से पहले लानी होगी।"" सारी सेना स्तब्ध थी — वह पर्वत सैकड़ों योजन दूर था।

हनुमान एक पल भी नहीं रुके। ""प्रभु, मैं जाता हूँ।"" और वे आकाश में उड़ गए — रात के अंधकार को चीरते हुए, उत्तर की ओर। राम उन्हें जाते देखते रहे। उनके नेत्रों में दो भाव थे — लक्ष्मण के लिए चिंता, और हनुमान के लिए अटूट विश्वास।

द्रोणाचल पर्वत पर पहुँचकर हनुमान ने संजीवनी खोजने की कोशिश की। पर रात के अंधकार में वे पहचान न सके कि कौन सी बूटी संजीवनी है। समय बीत रहा था। हनुमान ने एक पल सोचा — फिर मुस्कुराए। उन्होंने अपनी भुजाएँ फैलाईं और पूरे पर्वत को ही उखाड़ लिया।

पर्वत को लेकर उड़ते हनुमान का मार्ग अयोध्या के ऊपर से गुजरा। भरत ने रात को एक विशाल आकृति देखी जो पर्वत लिए उड़ रही थी। उन्होंने बाण चलाया। हनुमान गिरे। तब उन्होंने अपना परिचय दिया — ""मैं राम का दूत हूँ।"" भरत की आँखों में अश्रु आ गए। उन्होंने हनुमान को उठाया और तेज़ी से लंका भेजा।

हनुमान सूर्योदय से ठीक पहले लंका पहुँचे। वैद्य सुषेण ने संजीवनी को पहचाना और लक्ष्मण को औषधि दी। धीरे-धीरे लक्ष्मण की आँखें खुलीं। उन्होंने उठकर राम को प्रणाम किया। सारी सेना में जयकार हुई। राम ने हनुमान को इतने प्रेम से गले लगाया कि सब देखते रह गए।

इस कथा का सार है — भक्ति में असंभव शब्द नहीं होता। हनुमान के पास कोई नक्शा नहीं था, कोई साथी नहीं था, रात का अंधकार था। पर उनके पास था — राम का विश्वास और सेवा का संकल्प। जब हम किसी के लिए निःस्वार्थ भाव से कुछ करते हैं, तो ईश्वर स्वयं हमारा मार्गदर्शन करते हैं।"
Ganesha Writes the Mahabharata,गणेश द्वारा महाभारत लेखन,"The sage Vyasa had a problem that was also a miracle: the entire Mahabharata lived in his mind — all one hundred thousand verses of it, the complete philosophical, historical, and narrative record of the Bharata dynasty. He could recite it without pause. But there was no scribe in the three worlds who could write fast enough to keep up with him. If he slowed his recitation, the flow of inspiration would break — and what was lost could never be recovered. Brahma appeared to him in a dream: ""There is only one being in creation with the intelligence to receive and record what you carry. Go to Ganesha.""

Vyasa approached Ganesha with folded hands. Ganesha listened to the request — the recording of the largest literary work ever composed — and felt a spark of something that can only be described as intellectual delight. The Mahabharata was not just a story; it was a universe. But Ganesha set a condition: ""I will write continuously, without pause. If your recitation stops even for a moment, I will stop writing and leave."" Vyasa agreed — but he was wise enough to set his own condition in return: ""Agreed. But you must understand the meaning of every verse before you write it."" Ganesha paused. Then smiled. ""Accepted."" He settled his magnificent form, lifted his tusk as a writing instrument, and waited.

The recitation began — and it was extraordinary. Vyasa's voice flowed like a river in full flood, verse after verse, story within story, philosophy woven through narrative. Ganesha wrote with his broken tusk, his hand moving at impossible speed, understanding each verse fully before the ink dried. For days and weeks this continued. Whenever Vyasa felt his exhaustion mounting and needed a few moments to compose the next passage, he would recite a verse of deliberate complexity — a shloka with layers of philosophical meaning that even Ganesha needed a moment to fully comprehend. Those few seconds of pondering were Vyasa's rest. The collaboration was a dance of two extraordinary minds, neither ever at rest, each respecting the other's limits.

Partway through the tremendous task, Ganesha's stylus broke. It snapped cleanly, leaving him without a tool to write with. Vyasa's voice continued without pause — the condition held. Ganesha looked at his broken instrument, looked at the flowing recitation, looked at the thousands of verses still to come. He did not hesitate. He reached up, broke off his own tusk, and used it as his writing implement. The pain of it — the loss of the tusk — he felt completely and set aside completely in the same moment. The Mahabharata was more important. He continued writing. This is why Ganesha is depicted with one complete tusk and one broken — Ekadanta.

The Mahabharata was complete. One hundred thousand shlokas — the world's longest epic poem, containing the Bhagavad Gita within it, containing the stories of Draupadi and Karna and Bhishma and Krishna within it, containing the complete philosophy of dharma within it. Vyasa bowed to Ganesha with the gratitude of someone who has just had their life's work made possible. Ganesha bowed back — honoring the wisdom that had been entrusted to him. The task had taken both of them to their absolute limit. And both had refused to stop. ""Ekadanta"" — he of one tusk — became one of Ganesha's most sacred names, each syllable carrying the memory of that sacrifice.

Every time you encounter the Mahabharata — in a verse, in a film, in a grandmother's retelling — two figures made it possible. Vyasa, who carried an ocean in his mind and gave it words. And Ganesha, who received those words with full understanding and gave his tusk to ensure they were preserved. The broken tusk is not a wound — it is a mark of honor, the evidence of a task completed at full cost. And the deeper lesson of this story: the greatest work is always collaborative. Vyasa alone could not write it. Ganesha alone could not compose it. Intelligence needs wisdom. Wisdom needs intelligence. Together, they gave the world its greatest book.","महर्षि व्यास के मन में सम्पूर्ण महाभारत था — लाखों श्लोक, असंख्य पात्र, जटिल दर्शन। पर इसे लिखना असंभव था — इतनी तेज़ी से कोई लिख नहीं सकता था जितनी तेज़ी से वे बोलते। ब्रह्मा ने सुझाया: ""गणेश से प्रार्थना करो — वे ही इस कार्य के योग्य हैं।""

व्यास जी ने गणेश जी से विनती की। गणेश ने स्वीकार किया — पर एक शर्त रखी: ""मैं लिखता रहूँगा — रुकूँगा नहीं। यदि आप एक पल भी रुके, तो मैं लिखना बंद कर दूँगा।"" व्यास चतुर थे। उन्होंने भी शर्त रखी: ""ठीक है — पर आप जो लिखें, उसका अर्थ समझे बिना न लिखें।""

व्यास बोलने लगे — अनवरत। गणेश लिखते रहे। दिन बीते, सप्ताह बीते। व्यास जब थक जाते, तो वे विशेष रूप से जटिल श्लोक बोलते — जिन्हें समझने में गणेश को पल भर लगता। उस पल में व्यास अगले श्लोक की रचना कर लेते। दोनों की बुद्धिमत्ता का यह खेल चलता रहा।

लिखते-लिखते एक बार गणेश की लेखनी टूट गई। पर वे रुक नहीं सकते थे — व्यास बोल रहे थे और शर्त थी कि रुकना नहीं। गणेश ने बिना हिचके अपना एक दाँत तोड़ा और उसे लेखनी बना लिया। एक दाँत गया — पर महाभारत पूरी हुई।

महाभारत पूरी हुई। एक लाख श्लोक। एक लाख ज्ञान के मोती। व्यास ने गणेश को प्रणाम किया। गणेश ने व्यास को। उनके बीच हुआ यह आदान-प्रदान केवल लेखन नहीं था — यह ज्ञान को संसार के लिए सुरक्षित करने का यज्ञ था। ""एकदंत"" — एक दाँत वाले — गणेश का यह नाम इसी बलिदान की स्मृति है।

जब भी आप महाभारत पढ़ें — उन दोनों को याद करें। व्यास जिन्होंने अपने जीवन का सार बोला। गणेश जिन्होंने अपना दाँत देकर उसे लिखा। और याद रखें: सभी महान रचनाओं के पीछे केवल प्रतिभा नहीं होती — वहाँ होता है त्याग, समर्पण, और एक-दूसरे का सम्मान।"
The Student Saraswati Could Not Refuse,सरस्वती का आशीर्वाद,"In a gurukul in Ujjain there was a student — his name was Kalidasa. But this is not the Kalidasa you know. This is the story from before that. A young man who was weak at studies, who stammered when he spoke, whom fellow students called a fool. He worked from dawn to dusk but knowledge did not come to him. One night, weeping, he reached Saraswati's temple and said — ""Mother, I am unworthy. But just once — just once, show your grace.""

That night a single lamp burned in the temple. The young man sat for hours before the Goddess's image, praying through tears. He did not know what to ask for — he only had the pain of his inadequacy. Then he felt it — a sweet fragrance entered the temple, the lamp's flame became still, and a deep peace descended. He did not know when he fell asleep. But when he woke — something inside him had changed. Words came from his mouth — and they were words he had never thought before.

The next day at the gurukul when the teacher asked students to explain a verse — the first one to rise was the very student who had been called a fool until yesterday. The explanation he gave was so deep, so poetic, that the teacher and all students were stunned. This was not who he was yesterday. The teacher asked him — ""What happened last night?"" He told the truth — ""I went to Saraswati's temple. Mother showed grace."" The teacher said — ""This is Saraswati's nature — she gives to one who doesn't know how to ask, but only knows how to love.""

This story moves forward. That young man became Kalidasa — the greatest poet of Sanskrit. His works Abhijnanashakuntalam, Meghaduta, and Raghuvamsham remain treasures of world literature even today. But Kalidasa never forgot — that night, that lamp, those tears, and that grace. He dedicated every one of his works to Saraswati. At the beginning of every text he wrote — ""By the grace of Mother Saraswati."" Because he knew — this talent is not his, it is the Mother's gift.

This grace of Saraswati was not given only to Kalidasa. In every age there have been devotees who were unworthy but had one thing — true dedication. Goddess Saraswati does not look at talent — she looks at surrender. She does not look at rewards — she looks at love. This is why Saraswati is worshipped before exams — not because the Goddess will make the paper easy. But because when we sit before her, we remind ourselves — knowledge is a gift, not a right.

So the next time, before any exam, before any important work, when you worship Saraswati — remember. You are not merely asking for good results. You are awakening the feeling that young man had that night — who did not know what to ask for, who simply came and stood before the Mother. That feeling is enough. Saraswati gives to those who come this way — with empty hands and a full heart.","उज्जैन के एक गुरुकुल में एक शिष्य था — नाम था कालिदास। लेकिन यह वह कालिदास नहीं जिन्हें आप जानते हैं। यह उनसे पहले की कथा है। एक ऐसा युवक जो पढ़ने में कमज़ोर था, जो बात करने में हकलाता था, जिसे साथी शिष्य मूर्ख कहते थे। वह दिन-रात परिश्रम करता लेकिन ज्ञान उसके पास नहीं आता था। एक रात वह रोते हुए सरस्वती मंदिर पहुँचा और बोला — ""माँ, मैं अपात्र हूँ। लेकिन बस एक बार — बस एक बार कृपा करो।""

उस रात मंदिर में एक दीप जल रहा था। युवक ने देवी की मूर्ति के सामने घंटों बैठकर रोते हुए प्रार्थना की। वह नहीं जानता था कि क्या माँगे — उसे बस अपनी असमर्थता का दर्द था। तभी उसे लगा — मंदिर में एक मीठी सुगंध आई, दीप की लौ स्थिर हो गई, और एक गहरी शांति छा गई। उसे नहीं पता कब नींद आई। लेकिन जब वह उठा — तो भीतर कुछ बदल गया था। उसके मुख से शब्द निकले — और वे शब्द ऐसे थे जो उसने पहले कभी नहीं सोचे थे।

अगले दिन गुरुकुल में जब गुरुजी ने शिष्यों से एक श्लोक की व्याख्या माँगी — तो सबसे पहले वही उठा जिसे कल तक मूर्ख कहा जाता था। उसने जो व्याख्या दी — वह इतनी गहरी थी, इतनी काव्यमय थी, कि गुरुजी और सभी शिष्य स्तब्ध हो गए। यह वह नहीं था जो कल था। गुरुजी ने उससे पूछा — ""रात क्या हुआ?"" उसने सच बता दिया — ""मैं सरस्वती मंदिर गया था। माँ ने कृपा की।"" गुरुजी ने कहा — ""यही सरस्वती का स्वभाव है — वे उसे देती हैं जो माँगना नहीं जानता, बस प्रेम करना जानता है।""

यह कथा आगे बढ़ती है। वह युवक कालिदास बने — संस्कृत के सबसे महान कवि। उनके नाटक अभिज्ञानशाकुन्तलम्, मेघदूत, और रघुवंशम् आज भी विश्व साहित्य की धरोहर हैं। लेकिन कालिदास कभी नहीं भूले — वह रात, वह दीप, वह आँसू, और वह कृपा। उन्होंने अपनी हर रचना सरस्वती को समर्पित की। हर ग्रंथ की शुरुआत में लिखा — ""माँ सरस्वती की कृपा से।"" क्योंकि वे जानते थे — यह प्रतिभा उनकी नहीं, माँ की देन है।

सरस्वती की यह कृपा केवल कालिदास को नहीं मिली। हर युग में ऐसे भक्त हुए हैं जो अपात्र थे लेकिन जिनमें एक चीज़ थी — सच्ची लगन। देवी सरस्वती प्रतिभा नहीं देखतीं — वे समर्पण देखती हैं। वे पुरस्कार नहीं देखतीं — वे प्रेम देखती हैं। इसीलिए परीक्षा से पहले सरस्वती की पूजा होती है — इसलिए नहीं कि देवी पेपर आसान कर देंगी। बल्कि इसलिए कि जब हम उनके सामने बैठते हैं, तो हम खुद को याद दिलाते हैं — ज्ञान उपहार है, अधिकार नहीं।

तो अगली बार जब आप किसी परीक्षा से पहले, किसी महत्वपूर्ण काम से पहले, सरस्वती की पूजा करें — याद रखें। आप केवल अच्छे परिणाम नहीं माँग रहे। आप उस भाव को जगा रहे हैं जो उस युवक में था उस रात — जो नहीं जानता था कि क्या माँगे, बस आया था, और माँ के सामने खड़ा हो गया था। वह भाव काफी है। सरस्वती उन्हें देती हैं जो इस तरह आते हैं — खाली हाथ, भरे दिल से।"
Why Vasant Panchami Belongs to Saraswati,वसंत पंचमी,"Vasant Panchami — the day when a flood of yellow color washes across all of India. Yellow clothes, yellow flowers, yellow sweets. Saraswati's image is adorned in schools and colleges. Children place their books, pens, and musical instruments at the Goddess's feet. But do you know — what story lies behind this tradition? Why is Vasant Panchami considered Saraswati's birthday? And why the color yellow?

The story goes — when Brahma created the world, he saw that everything existed — but nothing had enthusiasm. Creation was inert. Then he took water from his kamandal and sprinkled it in all four directions. From that water, a wondrous power appeared. It was Saraswati — veena in hand, white garments, and a smile on her face that could awaken all of creation. The day she appeared was Magh Shukla Panchami — the arrival of spring. This is why this day became her birthday.

Yellow is the color of spring — the color of mustard flowers, wheat stalks, the first rays of the sun. Yellow is the symbol of energy and knowledge. When Saraswati appeared, nature welcomed her with yellow — mustard bloomed in the fields, mango blossoms came, the first touch of warmth came in the air. This is why wearing yellow and offering yellow flowers is most beloved to Saraswati on this day — it is the color of spring, of new beginnings, of the celebration of knowledge.

On Vasant Panchami there is a particularly special tradition — Vidyarambha Sanskar. On this day, small children are taught to write for the first time. A teacher or parent holds the child's hand and makes them write the first letter — ""Om"". This is not just a letter — it is the beginning of a life. In this ritual the child is told — ""What you learn is not only for you. Knowledge is for sharing."" This is Saraswati's deepest teaching — knowledge shared grows, knowledge hoarded dies.

Once a scholar asked — ""Mother, what is the difference between vidya and gyan?"" Saraswati said — ""Vidya is what you learn. Gyan is what you become."" This distinction is profound. Many people are learned — they know everything. But those who have gyan — they are transformed. Their behavior changes, their vision changes. Vasant Panchami is not merely the worship of books — it is the celebration of the transformation that true knowledge brings.

The message of Vasant Panchami is simple and profound — every year, once, we pause and acknowledge that we are still students. Whatever our age, whatever we know — the ocean of knowledge is infinite. On that day when we place our books before Saraswati — we are saying, ""Mother, I am still learning. Show me the way."" And this humility — this is the greatest knowledge of all. This is most beloved to Saraswati.","वसंत पंचमी — वह दिन जब पूरे भारत में पीले रंग की बाढ़ आ जाती है। पीले वस्त्र, पीले फूल, पीली मिठाइयाँ। स्कूल-कॉलेजों में सरस्वती की मूर्ति सजती है। बच्चे अपनी किताबें, कलम, और वाद्ययंत्र देवी के चरणों में रखते हैं। पर क्या आप जानते हैं — इस परंपरा के पीछे क्या कथा है? वसंत पंचमी सरस्वती का जन्मदिन क्यों मानी जाती है? और पीला रंग क्यों?

कथा यह है — जब ब्रह्मा ने सृष्टि बनाई, तब उन्होंने देखा कि सब कुछ है — पर किसी में उत्साह नहीं। सृष्टि जड़ थी। तब उन्होंने अपने कमंडल से जल लेकर चारों दिशाओं में छिड़का। उस जल से एक अद्भुत शक्ति प्रकट हुई। वही थीं सरस्वती — वीणा हाथ में, श्वेत वस्त्र, और मुख पर एक ऐसी मुस्कान जो सृष्टि को जगा दे। जिस दिन वे प्रकट हुईं, वह माघ शुक्ल पंचमी का दिन था — वसंत का आगमन। इसीलिए यह दिन उनका जन्मदिन बना।

पीला रंग वसंत का रंग है — सरसों के फूलों का रंग, गेहूँ की बालियों का रंग, सूरज की पहली किरण का रंग। पीला रंग उर्जा और ज्ञान का प्रतीक है। जब सरस्वती प्रकट हुईं, तो प्रकृति ने उनका स्वागत पीले रंग से किया — खेतों में सरसों खिली, आम्र मंजरी आई, हवा में गर्मी का पहला स्पर्श आया। इसीलिए इस दिन पीला पहनना और पीले फूल चढ़ाना सरस्वती को सबसे प्रिय है — यह वसंत का, नई शुरुआत का, और ज्ञान के उत्सव का रंग है।

वसंत पंचमी पर एक परंपरा है जो विशेष है — विद्यारंभ संस्कार। इस दिन छोटे बच्चों को पहली बार लिखना सिखाया जाता है। गुरु या पिता बच्चे का हाथ पकड़कर पहला अक्षर लिखवाते हैं — ""ॐ""। यह केवल एक अक्षर नहीं है — यह एक जीवन का आरंभ है। इस संस्कार में बच्चे को समझाया जाता है — ""तुम जो पढ़ोगे, वह केवल तुम्हारे लिए नहीं है। ज्ञान बाँटने के लिए है।"" यही सरस्वती की सबसे गहरी शिक्षा है — ज्ञान दिया जाए तो बढ़ता है, रखा जाए तो मरता है।

एक बार एक पंडित ने पूछा — ""माँ, ज्ञान और विद्या में क्या अंतर है?"" सरस्वती ने कहा — ""विद्या वह है जो तुम सीखते हो। ज्ञान वह है जो तुम बन जाते हो।"" यह अंतर महत्वपूर्ण है। बहुत लोग विद्वान होते हैं — उन्हें सब पता होता है। लेकिन जिनमें ज्ञान हो — वे बदल जाते हैं। उनका व्यवहार बदलता है, उनकी दृष्टि बदलती है। वसंत पंचमी केवल किताबों की पूजा नहीं है — यह उस परिवर्तन का उत्सव है जो सच्चा ज्ञान लाता है।

वसंत पंचमी का संदेश सरल और गहरा है — हर साल एक बार हम रुककर यह स्वीकार करते हैं कि हम अभी भी शिष्य हैं। चाहे हमारी उम्र कुछ भी हो, चाहे हम कितना भी जानते हों — ज्ञान का महासागर अनंत है। उस दिन जब हम सरस्वती के सामने अपनी किताबें रखते हैं — हम कह रहे होते हैं, ""माँ, मैं अभी भी सीख रहा हूँ। मुझे मार्ग दिखाओ।"" और यह विनम्रता — यही सबसे बड़ी विद्या है। यही सरस्वती को सबसे प्रिय है।"
When Durga Became Kali,दुर्गा का काली रूप,"After Mahishasura's defeat, creation knew a brief peace. Then came Shumbha and Nishumbha — two demon brothers whose power exceeded even Mahishasura's — and their generals Chanda and Munda, who swept through the heavens with a ferocity that made the gods flee for the second time. The gods prayed to Parvati on Mount Himavat. As Parvati listened, a golden goddess emerged from her own body — Kaushiki, the outer sheath — leaving Parvati's form dark and fierce. This dark form had a name: Kali. She had been inside Parvati all along, waiting for the moment she would be needed.

Chanda and Munda arrived with a vast army to capture Durga on Shumbha's behalf. What they encountered instead was Kali — black as the darkest night, her mouth stretched wide, her tongue red, her eyes burning like funeral pyres, a garland of skulls at her throat, a skirt of severed arms. She tore through the demon army as a fire tears through dry grass. When Chanda and Munda themselves fell before her, she severed their heads and brought them to Ambika like a hunter bringing his catch. ""Your gift,"" she said. Ambika looked at these two who had threatened the divine, and smiled: ""Since you have given me Chanda and Munda, you will be known as Chamunda.""

Then came Raktabija — the demon whose name meant ""blood-seed."" He carried a boon that made him unkillable by conventional means: every drop of his blood that touched the ground would spawn a new Raktabija, identical in power. The gods had tried everything. Every sword stroke, every arrow, every divine weapon — each wound created ten new demons. The battlefield filled with thousands of Raktabija clones until the ground could hold no more. The gods stood helpless. This was not a problem that more force could solve. It required a different kind of thinking — and Kali had it.

Kali opened her mouth wider than any ordinary form could contain — and as the gods struck Raktabija with their weapons, she positioned herself to catch every drop of blood before it reached the ground. Strike after strike, wound after wound — no drop escaped her tongue. The multiplying stopped. The battlefield's crowd of demon copies began to thin as the original weakened. Raktabija bled out, powerless, unable to regenerate. He fell. The gods stared at Kali in awe. She had solved with her tongue what no weapon could solve with its blade. And she stood there — dark, wild, her tongue red, her eyes blazing — the most unconventional solution to the most impossible problem.

But something had gone wrong — or perhaps it had gone exactly as it needed to. After Raktabija's fall, Kali's rage did not abate. She continued her dance of destruction, her laughter shaking the three worlds, her feet destroying everything they touched. The battle was won but creation itself was now at risk. The gods were terrified to approach her. Then Shiva — who alone could reach her — lay down in her path. Kali danced forward and stepped on his chest. The moment her foot touched Shiva, she looked down — and reality returned. She saw what she had nearly done. She saw Shiva beneath her foot. Her tongue came out in shock and shame. And the dance of destruction became still.

The iconic image of Kali — dark, tongue out, one foot on Shiva's chest — stands in temples across India and carries a teaching that goes far beyond the story's surface. Kali is not ashamed of her power. She is not diminished by stepping on her husband. The image says something more precise: that even the most necessary rage has a moment when it must stop. That force without anchor becomes destruction. That the relationship between Shakti and Shiva — between energy and consciousness — is one of mutual completion, not dominance. Kali needed Shiva to call her back. Shiva needed Kali to fight what he could not. Together they are whole. As are we — when we learn to wield our anger with purpose and lay it down with grace.","महिषासुर के बाद दो और महादानव उठे — शुम्भ और निशुम्भ। उनकी सेना में थे चंड और मुंड — क्रूर, अहंकारी, अपराजेय। देवताओं ने फिर देवी से प्रार्थना की। देवी प्रकट हुईं — पार्वती के शरीर से। पार्वती ने कहा: ""मेरे शरीर की कोशिका से उत्पन्न हुई हैं ये — इसलिए ये कौशिकी कहलाएँगी।""

चंड और मुंड काली के पास आए — देवी का अपहरण करने के लिए। काली का क्रोध भयंकर था। उन्होंने अपना मुख फाड़ा — भयानक दाँत, लाल आँखें, काला शरीर। एक ही झपट में चंड और मुंड का अंत हो गया। उनके सिर काटकर काली ने अंबिका को दिए। ""तेरे ये उपहार।"" अंबिका हँसीं — ""चामुंडा — यही तेरा नाम होगा।""

अब बारी थी रक्तबीज की — वह दानव जिसे ब्रह्मा ने वरदान दिया था: ""तेरे रक्त की हर बूँद से एक नया रक्तबीज जन्म लेगा।"" देवताओं के अस्त्र-शस्त्र बेकार थे — जितना लहू बहता, उतने नए दानव। युद्धक्षेत्र दानवों से भर गया। देवता हताश हो गए। तब काली आगे बढ़ीं।

काली ने अपना मुख असीमित रूप से फैलाया — और रक्तबीज पर आक्रमण किया। जहाँ भी रक्त की बूँद गिरने वाली थी — काली की जिह्वा वहाँ पहले पहुँच जाती। एक भी बूँद ज़मीन पर न गिरी। एक भी नया रक्तबीज न जन्मा। और रक्तबीज — रक्त रहित, शक्तिहीन — अंत को प्राप्त हुआ। काली की जीभ लाल थी — रक्त से नहीं, विजय से।

पर एक समस्या थी — रक्तबीज के अंत के बाद काली का क्रोध शांत नहीं हुआ। वे तांडव करती रहीं — पूरी सृष्टि काँप रही थी। देवता घबराए। तब शिव स्वयं उनके मार्ग में लेट गए। काली का पैर शिव की छाती पर पड़ा। उन्होंने नीचे देखा — और अचानक होश आया। लज्जा से उनकी जिह्वा बाहर निकल आई।

काली की वह मूर्ति — जिह्वा बाहर, एक पैर शिव की छाती पर — आज भी भारत के हर काली मंदिर में है। वह मुद्रा लज्जा की नहीं — चेतना की है। क्रोध जब ज़रूरी हो — उठो। जब काम हो जाए — रुको। और जो व्यक्ति तुम्हें उस क्षण में रोक सके — वही तुम्हारा असली साथी है। काली और शिव — शक्ति और चेतना — दोनों मिलकर सृष्टि को संतुलित रखते हैं।"
Ganesha's Race Around the World,गणेश की विश्व परिक्रमा,"One day the divine sage Narada arrived at Kailash carrying a single, extraordinary fruit — luminous, fragrant, said to contain within it the essence of all knowledge, beauty, and immortality. But there was only one fruit, and Shiva and Parvati had two sons: Ganesha and Kartikeya. Narada presented the challenge with his characteristic mischievous wisdom: ""This fruit belongs to the one who circumambulates the entire universe and returns here first."" Kartikeya's eyes lit up immediately. He leaped onto his peacock and was gone in a flash of color and wind, already circling the cosmos at divine speed.

Ganesha stood up slowly. He looked at his vehicle — the small mouse sitting patiently at his feet. He looked at the horizon where Kartikeya had already disappeared. He looked at the fruit. Then he closed his eyes for a long moment, and when he opened them, something had shifted in his expression. A smile — not the smile of someone who has given up, but the smile of someone who has just understood something that others have not yet seen.

Ganesha walked to his parents. He folded his hands, bowed his great head, and began to walk slowly around Shiva and Parvati — once, twice, three times — with complete, unhurried devotion. Every step was deliberate. Every circumambulation was an act of love and reverence. When he completed the third round, he stood before them with his hands still folded and said simply: ""My parents are my entire universe. To circumambulate them is to circumambulate all of creation. I have completed the journey.""

Shiva and Parvati stood in complete stillness. Parvati's eyes filled with tears. Shiva, who had witnessed all the ages of the universe, felt something move in his chest that rarely moved — genuine wonder at the wisdom of his own son. ""Child,"" Shiva said, his voice carrying the weight of all his understanding, ""you have spoken the deepest truth."" He took the divine fruit and placed it in Ganesha's large hands. When Kartikeya finally returned — breathless, triumphant, having completed a journey that had taken him across every galaxy — he found his brother sitting contentedly, the fruit already eaten. He stared. ""How?""

This story is not about a race. It is about the most important question in spiritual life: where is the sacred? Where does the universe truly reside? Kartikeya went looking outward — across galaxies and star systems and the vast geography of creation. Ganesha looked inward, or more precisely, he looked at the two people who had given him life and love. And he understood: the sacred is not out there. It is here. In the eyes of those who made us. In the hands that raised us. Worshipping our parents is not a cultural obligation — it is the recognition that the divine chose to come to us first in the form of a mother and a father.

Kartikeya returned from his circumnavigation of the universe — having visited every ocean, every mountain range, every sacred river and grove in creation. He was magnificent in his achievement. He landed before his parents and looked at Ganesha, who sat there with mango juice on his fingers, looking entirely unbothered. When the explanation was given — that circumambulating one's parents is the highest act, equivalent to circling all creation — Kartikeya was quiet for a long moment. He was not defeated; he was thinking. Then he asked Ganesha directly: ""Was my journey worthless then?"" Ganesha shook his head. ""No. Your journey built your strength and expanded your sight. Mine built my wisdom and deepened my roots. We are different. Both are needed.""

Shiva and Parvati gave their blessings to both sons — Ganesha for his wisdom, Kartikeya for his valor. And the teaching they left behind has echoed through the ages: the greatest circumambulation is not the one that covers the most distance, but the one that deepens the most understanding. To honor one's parents — one's teachers, one's roots — is to honor the entire universe that gave you life. A person who travels the world but loses connection with the source they came from has covered much ground but understood little of the journey. And a person who, like Ganesha, finds the whole cosmos in the love of their parents — has already arrived.","एक दिन देवर्षि नारद कैलाश पर एक दिव्य फल लेकर आए — ऐसा फल जो ज्ञान, सौंदर्य और अमरत्व देता है। पर फल था केवल एक। शिव और पार्वती के सामने दोनों पुत्र — गणेश और कार्तिकेय। नारद ने कहा: ""यह फल उसे मिलेगा जो पूरी सृष्टि की परिक्रमा कर पहले लौटे।""

गणेश धीरे-धीरे उठे। उन्होंने अपने मूषक को देखा — छोटा, धीमा। ब्रह्मांड की परिक्रमा? इस वाहन से? सब देख रहे थे। कुछ मुस्कुरा रहे थे। गणेश ने एक पल आँखें मूँदीं। फिर उनके होंठों पर मुस्कान आई — एक गहरी, शांत मुस्कान।

गणेश अपने माता-पिता के पास गए। उन्होंने शिव और पार्वती की परिक्रमा की — एक बार, दो बार, तीन बार — पूरी श्रद्धा से, हाथ जोड़कर। फिर वे रुके और बोले: ""माता-पिता ही मेरी संपूर्ण सृष्टि हैं। जो उनकी परिक्रमा करे, उसने समस्त ब्रह्मांड की परिक्रमा की।""

शिव और पार्वती मुग्ध थे। पार्वती की आँखें भर आईं। शिव की वाणी गंभीर हो गई: ""पुत्र, तुमने सबसे बड़ी सच्चाई कही है।"" उन्होंने वह दिव्य फल गणेश को दे दिया। जब कार्तिकेय सम्पूर्ण ब्रह्मांड की परिक्रमा करके लौटे — गणेश फल खा चुके थे।

यह कथा केवल एक प्रतियोगिता की नहीं है। यह सिखाती है — जो ज्ञान बाहर की दुनिया दौड़कर नहीं मिलता, वह माता-पिता की सेवा में, उनके प्रेम में मिलता है। गणेश की बुद्धि इसीलिए अतुलनीय है — वे जानते हैं कि ब्रह्मांड का केंद्र वह है जो हमें सबसे अधिक प्रेम करता है।

कार्तिकेय बहुत दूर जा चुके थे — दुनिया का चक्कर लगाते हुए। जब वे वापस आए, तो गणेश आम खा रहे थे — प्रसन्न और शांत। कार्तिकेय ने जब माँ-बाप की परिक्रमा का अर्थ सुना, तो उन्हें लगा — क्या मेरी यात्रा व्यर्थ थी? गणेश ने कहा: ""नहीं। तुम्हारी यात्रा ने तुम्हें शक्तिशाली बनाया। मेरी परिक्रमा ने मुझे ज्ञानवान।""

शिव-पार्वती ने दोनों पुत्रों को आशीर्वाद दिया। उन्होंने सिखाया: जीवन की सबसे बड़ी परिक्रमा बाहर नहीं, भीतर होती है — माता-पिता और गुरु के प्रति प्रेम में। जो संसार की यात्रा करे पर घर की नींव न पहचाने — वह बहुत देखता है, पर बहुत कम जानता है।"
The Feast That Humbled Kubera,कुबेर का अहंकार और गणेश,"Kubera — treasurer of the gods, lord of wealth, resident of the golden city of Alaka — had a pride as vast as his fortune. One day, burning with the desire to display his magnificence, he invited Shiva and Parvati to a grand feast in his palace: gold plates, a hundred varieties of divine food, a thousand servants, every luxury the cosmos could offer. The real purpose, though everyone knew it and no one said it, was for Kubera to show off. Shiva looked at Parvati with a quiet smile. ""We will not come,"" he said. ""But send Ganesha.""

Ganesha arrived at the golden palace in the form of a small, cheerful boy. Kubera smiled indulgently — how much could one small child eat? Ganesha sat down and began to eat. He ate all the appetizers. He ate all the main dishes. He ate all the sweets. He ate the serving vessels. He ate the decorations. He began eating the furniture. A hundred cooks brought out emergency reserves — all consumed. Kubera's treasury of food, which had seemed infinite, was visibly shrinking. Ganesha looked up with bright, hungry eyes: ""Is that all?""

Kubera ran from his own palace in a panic, his golden robes disheveled, his famous composure entirely gone. He prostrated before Shiva at Kailash: ""Lord — your son is destroying everything I own. What will satisfy him?"" Shiva's smile was gentle and entirely unsurprised. He reached into a simple clay pot nearby and took out a single handful of plain rice. ""Take this to him,"" Shiva said. ""But this time, offer it with love — not with pride."" Kubera stared at the rice. It was the most ordinary thing he had seen in centuries.

Kubera returned, humbled. He placed that single handful of plain rice before Ganesha — this time without display, without pride, without the desire to impress anyone. He offered it the way a mother offers food to a child she loves. Ganesha took it, ate it quietly, and leaned back with a contented smile. His hunger was gone. Kubera sat down slowly, surrounded by the wreckage of his magnificent feast, and understood something he had not understood in all his ages of wealth: it was never about the quantity or the quality of the offering. It was always about the heart behind it.

This story is one of the great teachings on the nature of worship and offering. No temple treasury, no elaborate ritual, no expensive gift impresses the divine. What the divine hungers for is the emotion behind the offering — the love, the humility, the recognition that we are offering not to impress but to connect. A single tulsi leaf placed with genuine devotion is received by the Lord as more precious than a golden plate. Kubera learned this the hard way — through the complete demolition of everything he was proud of. Sometimes that is the only way the lesson lands.

Kubera brought out chamber after chamber of his legendary treasuries. Gold, silver, gems, divine foods — everything was consumed in moments. Ganesha's belly showed no sign of satisfaction. His eyes remained bright with polite hunger. Kubera began to sweat. Then Ganesha spoke gently: ""Bring me one handful of rice — cooked by your elderly mother with devotion, not ceremony."" Kubera stared. His magnificent palace was empty of treasure but full of confusion. A servant was dispatched. An old woman in the kitchen — who cooked simple rice every morning with Ganesha's name on her lips — sent a small bowl. Ganesha ate it. He closed his eyes. He smiled. ""That,"" he said, ""is enough.""

Kubera sank to his knees in a silence that had nothing more to say. His vast treasury was a hollow echo. One bowl of rice, cooked with a grandmother's love, had done what ten lifetimes of accumulated wealth could not: satisfied the god of new beginnings. ""This is the lesson your hospitality could not give you through all that display,"" Ganesha said kindly. ""The quality of what is offered lives not in its quantity but in the love behind it. Use your wealth in service — not as a mirror to admire your own greatness."" Kubera, humbled completely, became a more generous steward from that day forward. And somewhere in the palace kitchen, an old woman cooked her rice as she always had — and never knew what she had given the world.","कुबेर — देवताओं के कोषाध्यक्ष, धन के देवता — अपनी विशाल संपत्ति पर बड़े गर्वित थे। एक दिन उन्होंने शिव और पार्वती को भोज पर आमंत्रित किया — स्वर्णिम महल में, सोने की थालियों में, सौ प्रकार के व्यंजनों के साथ। उनका उद्देश्य? अपनी समृद्धि का प्रदर्शन करना।

गणेश कुबेर के महल पहुँचे — एक छोटे बालक के रूप में। कुबेर ने सोचा — ""बस एक बच्चे को खिलाना है।"" गणेश ने खाना शुरू किया। और खाते गए। और खाते गए। सारे व्यंजन समाप्त हो गए। गणेश की क्षुधा नहीं मिटी। उन्होंने थालियाँ चाटनी शुरू कर दीं — ""और दो!""

कुबेर घबरा गए। ""यह बालक मेरे पूरे भंडार को खा जाएगा!"" वे दौड़कर कैलाश गए और शिव के सामने गिड़गिड़ाए — ""प्रभु, इस बालक की भूख कैसे मिटे?"" शिव मुस्कुराए। उन्होंने एक मुट्ठी भर सादा चावल लिया और कहा — ""यह ले जाओ। प्रेम से परोसो।""

कुबेर वापस लौटे। उन्होंने वह एक मुट्ठी चावल — प्रेम और विनम्रता से — गणेश के सामने रखा। गणेश ने खाया। और उनकी भूख शांत हो गई। कुबेर स्तब्ध रह गए — एक मुट्ठी साधारण चावल ने वह किया जो उनके समस्त वैभव से नहीं हुआ।

इस कथा का सार है — ईश्वर अन्न से नहीं, भाव से तृप्त होते हैं। कुबेर का सारा वैभव व्यर्थ था क्योंकि उसमें घमंड था। एक मुट्ठी सादा चावल — प्रेम से अर्पित — भगवान की भूख मिटा सका। यही कारण है कि मंदिर में अर्पित तुलसी-पत्र का महत्व सोने के थाल से अधिक है।

कुबेर के सारे खज़ाने खाली हो गए — गणेश की भूख न मिटी। तब गणेश ने कहा: ""मुझे एक मुट्ठी चावल दो — जो तुम्हारी माता ने भक्ति से पकाया हो।"" कुबेर चकित हुए — इतनी सरल बात? एक वृद्धा माता ने चावल का भोग लगाया — गणेश तृप्त हो गए। उन्होंने आँखें बंद कीं और मुस्कुराए।

कुबेर घुटनों पर बैठ गए। उन्होंने समझा — धन तृप्ति नहीं देता, भक्ति देती है। जो उनकी तिजोरियों में था, वह असंख्य था — पर भाव खाली था। जो उस वृद्धा के हाथों में था, वह एक मुट्ठी था — पर भाव पूर्ण था। गणेश ने उन्हें आशीर्वाद दिया और कहा: ""अपने धन से सेवा करो — संग्रह मत करो।"""
How Ganesha Got His Elephant Head,गणेश जी को हाथी का सिर कैसे मिला,"One afternoon on Mount Kailash, Parvati wished to bathe in privacy. She looked around for a guardian — someone loyal enough to stand at her door and turn away even the most powerful visitor. Finding none, she did what only a mother goddess could do: she took the sandalwood paste and turmeric from her own body, shaped it into the form of a boy with her own hands, and breathed life into him. The boy opened his eyes and looked up at her. ""You are my son,"" she said. ""Stand at this door. Let no one — no one — enter until I return."" The boy straightened up, took his staff, and stood guard with the total commitment of a child who has been trusted for the very first time.

Shiva returned to Kailash and found his path blocked by an unfamiliar boy. ""Let me pass,"" Shiva said, with the quiet authority of someone who has never been denied entry anywhere. ""I cannot,"" the boy replied. ""My mother gave me this order."" Shiva's eyes narrowed. He sent his attendants — the Ganas — to move the child aside. The boy fought them off with his staff, sending divine warriors tumbling in every direction. The gods themselves arrived and were repelled one by one. Finally, with the air on Kailash thick with battle energy and his army defeated, Shiva picked up his Trishula himself.

Shiva's Trishula found its mark. The boy's head was severed and flew far from Kailash, falling somewhere unknown in the vast world below. When Parvati emerged from her bath, she found her son's headless body lying at the doorstep he had died defending. The sound that came from Parvati was not a scream. It was something older and deeper — the grief of a mother, which in Parvati's case was also the grief of the divine feminine itself. The three worlds trembled. She turned to Shiva with eyes that burned: ""You did this. You will undo it. Bring my son back — or I will end creation itself."" No one doubted she meant it.

Brahma spoke carefully: ""O Lord, the boy's original head fell too far and cannot be retrieved. But hear this: send your Ganas northward. The first living creature they find sleeping with its head pointed north — bring that creature's head. This is the only way."" The Ganas went. Northward, in a quiet glade, lay an elephant sleeping peacefully with his great head pointing north. They returned with the elephant's head. Shiva himself placed it upon the boy's body — gently, reverently, as an act of both repair and creation. He then breathed divine life into the joined form.

The boy opened his eyes — new, vast, ancient eyes set in the great domed head of an elephant. Parvati held her son against her chest and wept — now with relief, now with a love so large it had no edges. Shiva looked at this extraordinary being he had inadvertently created, and felt something shift in his own understanding. He placed his hand on the boy's large head and spoke: ""You are Ganesha — Lord of all Ganas, remover of obstacles, first among the worthy. From this day forward, every auspicious beginning in the three worlds must be inaugurated with your worship. No great work begins without your blessing."" And the universe agreed.

Ganesha's elephant head is not a limitation or a curiosity. It is a philosophical statement. The great domed head represents vast thinking. The large ears represent the practice of listening deeply before speaking. The small mouth says: speak less, mean more. The enormous belly represents the capacity to digest all of life's experiences — joys and sorrows both — without being overwhelmed. The single tusk represents absolute focus. And his vehicle, the tiny mouse, teaches the subtlest lesson of all: even the smallest obstacle must be acknowledged and ridden, not ignored. Ganesha presides over every beginning because every beginning is a kind of rebirth — and he himself was reborn into something greater than he had been before.","एक दिन माता पार्वती स्नान करने जा रही थीं। उन्होंने अपने शरीर के उबटन से एक बालक बनाया, उसमें प्राण फूँके, और कहा — ""पुत्र, तुम मेरे द्वारपाल हो। किसी को भीतर मत आने देना।"" और वह बालक — जो था तो मिट्टी से बना, पर माँ के प्रेम से जीवित — खड़ा हो गया।

शिव कैलाश लौटे। द्वार पर एक बालक खड़ा था — अपरिचित, निडर। ""मुझे जाने दो,"" शिव ने कहा। बालक ने मना किया। शिव क्रोधित हुए। उनके गणों ने आक्रमण किया — बालक ने सबको परास्त किया। देवता भी लड़े — बालक पर्वत-सा अडिग रहा। तब शिव ने स्वयं त्रिशूल उठाया।

शिव के त्रिशूल से बालक का मस्तक कट गया और दूर जा गिरा। पार्वती स्नान से लौटीं। उन्होंने देखा — उनका पुत्र भूमि पर पड़ा है, सिर नहीं। माँ का विलाप सुनकर तीनों लोक काँप उठे। पार्वती ने क्रोध में कहा — ""यदि मेरे पुत्र को जीवित नहीं किया गया — तो मैं सृष्टि का विनाश कर दूँगी।""

ब्रह्मा ने उपाय बताया — ""उत्तर दिशा में जाओ, जो पहला जीव मिले जो उत्तर की ओर सो रहा हो, उसका मस्तक ले आओ।"" शिव के गण गए। उन्हें मिला — एक हाथी, उत्तर की ओर सोता हुआ। उसका मस्तक लाया गया। शिव ने अपने हाथों से उस मस्तक को बालक के धड़ पर लगाया।

बालक उठा — हाथी के मस्तक के साथ, नई आँखों में ब्रह्मांड की समझ लिए। पार्वती ने अपने पुत्र को गले लगाया। शिव ने घोषणा की — ""यह बालक गणेश है, गणों का अध्यक्ष। इसे सर्वप्रथम पूजा जाएगा। कोई भी शुभ कार्य इसकी पूजा के बिना सफल नहीं होगा।""

गणेश का हाथी-मस्तक उनकी सीमा नहीं — उनकी शक्ति है। हाथी का बड़ा मस्तक — विशाल सोच। बड़े कान — ध्यान से सुनना। छोटा मुँह — कम बोलना। बड़ा पेट — सब कुछ पचाने की क्षमता। एक दाँत — एकाग्रता। और उनका वाहन मूषक — यह बताता है कि जो सबसे छोटी रुकावट है, उस पर भी सवारी करनी होती है। गणेश हर शुरुआत में हैं — क्योंकि हर शुरुआत एक नया जन्म है।"
Hanuman Sets Lanka Ablaze,हनुमान द्वारा लंका दहन,"Deep within the golden city of Lanka, Hanuman had found Mother Sita seated beneath an Ashoka tree, surrounded by demon guards. Grief had drawn shadows beneath her eyes, yet the moment she saw the messenger of Rama, a flame of hope returned. Hanuman bowed low and placed Rama's ring in her trembling hands. ""Mother,"" he whispered, ""Lord Rama sends his love. He is coming.""

His mission complete, Hanuman decided to test Lanka's might. He began uprooting the jeweled trees of the Ashoka garden one by one, tearing them from the earth with terrifying ease. Demon soldiers rushed at him from every direction — and fell. Ravana's beloved son Akshaya Kumar charged forward with his divine weapons. Within moments, he lay defeated. A cold fury swept through Ravana's palace. He summoned his greatest warrior son — the invincible Indrajit.

Indrajit fired the Brahmastra — a weapon of divine origin that no creature could resist. Hanuman, out of reverence for Lord Brahma, allowed the weapon to bind him. Wrapped in serpent ropes, he was dragged through the golden streets of Lanka to the royal court. Demons jeered and laughed. Ministers sneered. The great hall of Ravana fell silent only when the prisoner was thrown before the demon king's towering throne. Hanuman looked up — and felt no fear.

Standing before the mightiest demon king in creation, bound in ropes, Hanuman spoke without a tremor in his voice. ""O King of Lanka, I am the messenger of Lord Rama. Return Mother Sita with honor and bow at his feet in repentance. If you do not, know this — Rama's arrows will reduce your golden Lanka to ash and memory."" The court erupted in outrage. Ravana's eyes blazed with wounded pride. His voice rang like thunder across the hall: ""Set fire to this monkey's tail. Let all of Lanka see what happens to Rama's messengers.""

The soldiers obeyed. They soaked cloth in oil, wrapped it around Hanuman's long tail, and touched flame to it. In that instant — Hanuman shrank. The ropes fell away like broken grass. Then he expanded, growing vast as a mountain, his burning tail now a torch of divine fire held aloft against the night sky. He laughed — and leaped. From palace to palace, rooftop to rooftop, tower to treasury, Hanuman blazed across Lanka. The golden spires that Ravana had built over centuries crumbled in minutes. The gardens of the demon king — famous across the three worlds — became rivers of flame.

Mid-flight across the burning city, a sudden thought pierced Hanuman's heart like an arrow — Sita. What if the fire spread to the Ashoka grove where she sat? What if his victory became her destruction? He wheeled in the air and flew back toward the garden, his heart hammering with the only fear a true devotee knows — the fear of harming the one they love. But as he arrived, he found the grove untouched. A gentle, cool breeze moved through the trees. Sita sat unharmed, a serene smile on her face. The fire of Rama's grace had known exactly where not to burn.

His work complete, Hanuman plunged his burning tail into the ocean. The great fire hissed and died in the waves. Then he spread his arms wide and soared north across the sky, back toward Rama. When he landed among the army of Kishkindha, a roar of victory shook the earth. Rama stepped forward and embraced Hanuman — not as a king greeting a servant, but as a friend welcoming home the one he treasured most. No reward, no title, no treasure could equal that embrace. And this is the eternal teaching of this story: The one who burns for dharma is never consumed by fire. They only illuminate the darkness for others.","लंका की स्वर्णिम नगरी में प्रवेश करने के बाद, हनुमान ने अशोक वाटिका में माता सीता को खोज लिया। वे शोकमग्न थीं, परंतु राम के दूत को देखकर उनके नेत्रों में आशा की किरण जागी। हनुमान ने उन्हें श्री राम की मुद्रिका दी और आश्वासन दिया — ""माता, प्रभु राम शीघ्र ही आएंगे।""

सीता माँ से मिलने के बाद, हनुमान ने सोचा — ""मैं लंका की शक्ति का परीक्षण करूँगा।"" उन्होंने अशोक वाटिका के वृक्षों को उखाड़ना शुरू किया, राक्षसों को ललकारा। रावण के पुत्र अक्षय कुमार को उन्होंने मार गिराया। तब रावण ने अपने सबसे शक्तिशाली पुत्र इंद्रजित को भेजा।

इंद्रजित ने ब्रह्मास्त्र का प्रयोग किया। हनुमान ब्रह्मा जी का सम्मान करते हुए स्वेच्छा से बंधन में आ गए। नाग-पाश में जकड़े हुए उन्हें रावण की सभा में घसीटा गया। समस्त राक्षस हँस रहे थे — पर हनुमान के नेत्रों में भय का एक कण भी नहीं था।

हनुमान ने रावण की आँखों में सीधे देखते हुए कहा: ""हे लंकेश, मैं श्री राम का दूत हूँ। माता सीता को सम्मान सहित लौटा दो और क्षमा माँगो। अन्यथा राम के बाण तुम्हारी इस स्वर्णिम लंका को भस्म कर देंगे।"" रावण का अहंकार आहत हुआ। उसने आदेश दिया — ""इस वानर की पूँछ में आग लगाओ!""

सैनिकों ने तेल में भीगे वस्त्र हनुमान की पूँछ पर लपेटे और अग्नि प्रज्वलित की। पर हनुमान ने अपने शरीर को छोटा किया और बंधन तोड़ दिए। फिर उन्होंने विशाल रूप धारण किया — उनकी जलती हुई पूँछ एक प्रचंड मशाल बन गई। वे छत से छत पर कूदते गए, और लंका की हर इमारत अग्नि की लपटों में घिरती गई।

हनुमान को अचानक माता सीता की चिंता हुई। ""कहीं अग्नि माता को हानि न पहुँचाए!"" वे तत्काल अशोक वाटिका की ओर दौड़े। पर देखा — वहाँ शीतल वायु बह रही थी और माता सीता सुरक्षित थीं। तब हनुमान को ज्ञात हुआ — राम की कृपा से अग्नि ने स्वयं माता को नहीं छुआ था।

हनुमान ने समुद्र में अपनी पूँछ बुझाई और आकाश में उड़ गए। जब वे राम के पास लौटे, सेना में जयकार हुई। राम ने हनुमान को हृदय से लगाया — यह आलिंगन किसी पुरस्कार से बढ़कर था। इस कथा का सार यही है: जो धर्म के लिए जलता है, वह स्वयं नहीं जलता — वह दूसरों का अंधकार मिटाता है।"
When Hanuman First Met Rama,हनुमान और राम की प्रथम भेंट,"After Sita's abduction, Rama and Lakshmana wandered the great forests of the south, searching with the desperation of a man who has lost the very breath of his life. Their path led them near the slopes of Rishyamuka mountain — a place where no demon could set foot, and where the exiled monkey king Sugriva lived in hiding with his small band of followers. From behind the rocks, Sugriva watched the two glowing figures approach. Despite their simple bark garments, they radiated something that made the air around them feel sacred. But fear clouded his judgment. ""They might be spies sent by Vali,"" he whispered to his ministers.

Sugriva turned to the one minister he trusted above all others. ""Hanuman — go to them. Find out who they are. If they mean danger, return swiftly."" Hanuman descended the mountain in the guise of a wandering brahmin. He approached the two figures with folded hands and spoke in flawless Sanskrit — asking after their health, their journey, their purpose. Every word he chose was measured, gracious, wise. Rama listened and was immediately struck: this was no ordinary monkey. This was a scholar, a devotee, a noble soul. And Hanuman — the moment Rama smiled in response — felt something collapse inside his chest. A recognition deeper than memory. A belonging older than this birth.

Rama leaned toward Lakshmana and whispered: ""Brother, listen to how he speaks. His grammar is perfect, his voice steady, his choice of words impeccable. Whoever his teacher was, they were truly blessed. And look at his eyes — there is no deception there. None."" When Hanuman finally introduced himself as a minister of Sugriva, Rama's entire face lit with recognition. ""You are Hanuman? Son of the Wind?"" Hanuman bowed his head. In that moment, hearing his own name in Rama's voice, something in Hanuman was completed — as if he had been walking toward this exact moment since the day he was born.

Hanuman led Rama and Lakshmana up the mountain to meet Sugriva, and as Sugriva had requested, offered to carry them. Rama hesitated only a moment — then placed his hand on Hanuman's broad shoulder and stepped up. Lakshmana did the same. As Hanuman began to climb — the Lord of the universe seated upon his shoulders — he felt something beyond all description. Every step felt weightless. Every breath felt sacred. Later, when people would ask Hanuman what it felt like to carry Rama, he would smile and say: ""I did not carry him. He carried me — as he always has.""

Sugriva and Rama sat together and shared their sorrows like old friends. Sugriva spoke of Vali's betrayal, of losing his wife and kingdom, of years spent in fear. Rama spoke of Sita — his voice dropping to something raw and quiet when he described the moment he realized she was gone. They were two exiled kings, both robbed of what they loved most. By the time the sun began to set, an alliance had been formed. Rama would defeat Vali and restore Sugriva's kingdom. Sugriva would dedicate every resource he had to finding Sita. Hanuman watched it all — and understood with quiet certainty that this meeting had been written long before either of them was born.

That night, as Rama slept beneath the open sky, Hanuman sat a few feet away and kept watch. The stars turned overhead. The forest breathed around them. And in that quiet, Hanuman made a vow that he has never broken across all the ages since: ""Every breath I take from this moment forward belongs to Rama. Every act, every word, every thought — his."" This meeting between Hanuman and Rama was not simply an encounter between two beings. It was a soul arriving at its purpose. It was a lamp finally reaching the flame it had been searching for across many lifetimes. And from that night onward, wherever Rama's name is spoken — Hanuman is present.","सीता हरण के बाद राम और लक्ष्मण वन में सीता को खोजते हुए ऋष्यमूक पर्वत के पास पहुँचे। वहाँ वानरराज सुग्रीव छिपकर रहते थे। उन्होंने दो दिव्य तेजस्वी पुरुषों को देखा और भय से काँप उठे — कहीं ये रावण के दूत तो नहीं?

सुग्रीव ने हनुमान को उन दोनों के पास भेजा — ""जाओ, पता करो ये कौन हैं।"" हनुमान ने ब्राह्मण का वेश धारण किया और उन दोनों के समीप पहुँचे। उनके शब्द, उनका व्यवहार, उनकी विद्वत्ता — सब कुछ असाधारण था। पर जब उन्होंने राम के नेत्रों में देखा, तो हनुमान के हृदय में कुछ पहचाना — जैसे वे इन्हें पहले से जानते हों।

राम ने लक्ष्मण से धीरे से कहा — ""लक्ष्मण, देखो इस वानर को। व्याकरण, शब्द, स्वर — सब परिपूर्ण। इसके गुरु धन्य हैं। और इसके नेत्रों में जो भाव है — वह शत्रु का नहीं हो सकता।"" हनुमान ने अपना परिचय दिया। राम ने पूछा — ""तुम हनुमान हो?"" और हनुमान को लगा जैसे उनके नाम का असली अर्थ आज पहली बार प्रकट हुआ।

हनुमान ने राम को सुग्रीव के पास ले जाने का प्रस्ताव रखा। राम सहमत हुए। हनुमान ने दोनों को अपने कंधों पर बैठाया और पर्वत पर चढ़ गए। जिस क्षण राम हनुमान के कंधे पर बैठे — हनुमान को लगा यही उनके जीवन का सबसे पवित्र क्षण है।

सुग्रीव और राम मिले। दोनों ने अपनी-अपनी पीड़ा साझा की। राम ने सुग्रीव की मदद का वचन दिया — वाली को परास्त करने का। और सुग्रीव ने वचन दिया — सीता को खोजने में सहायता का। हनुमान इस मैत्री के साक्षी बने और मन-ही-मन जानते थे — यह मेल ईश्वरीय योजना का हिस्सा है।

उस रात हनुमान ने राम के चरणों में बैठकर उनका गुणगान सुना। जब राम सो गए, हनुमान उनके पास बैठे रहे। उन्होंने मन-ही-मन प्रण किया — ""अब इस जीवन का एक-एक क्षण राम की सेवा में अर्पित होगा।"" यह मुलाकात नहीं थी — यह एक आत्मा का अपने उद्देश्य से मिलना था।"
Baby Hanuman Swallows the Sun,बाल हनुमान और सूर्य निगलन,"On a bright morning in the forests of Kishkindha, the infant Hanuman lay in his mother Anjana's arms, eyes wide and endlessly curious. The sun rose over the eastern hills — a great blazing sphere of crimson and gold. Baby Hanuman stared at it with the complete, fearless attention that only a child carries. His little mind formed a thought so pure and so delightfully wrong that the universe itself must have smiled: that enormous glowing thing in the sky looked exactly like a ripe, perfect fruit. And Hanuman was hungry.

Before Anjana could react, her son had slipped from her arms and launched himself skyward. As the son of Vayu — the Wind God — the air was his cradle, his companion, his highway. He rose with breathtaking speed, his tiny arms outstretched, his face lit with absolute joy. The sun grew larger and hotter as he climbed, but baby Hanuman felt no burning. He felt only the rushing wind and the glorious nearness of that magnificent red fruit. Gods in the heavens leaned forward to watch. This was not something they had seen before.

That same day was a solar eclipse, and Rahu — the shadow demon who periodically swallows the sun — had arrived to perform his ancient duty. He opened his vast mouth wide as he approached the sun. But then he stopped. Something was already there before him — a small, shining, laughing child streaking straight toward the sun with absolutely no fear. Rahu fled in terror to Indra's heaven, babbling: ""Lord of the Gods — another Rahu has come! He is already attacking the sun!"" Indra, alarmed, mounted his great elephant Airavata and charged toward the scene.

Indra hurled his Vajra — the divine thunderbolt that had felled mountains and slain demons. It struck baby Hanuman on the jaw. The child fell from the sky like a small comet and crashed onto a mountainside far below. The sound that followed was not thunder — it was Anjana screaming. And that scream reached the ears of Vayu, the Wind God, who was Hanuman's father. Vayu's grief turned instantly to fury. He did the one thing in his power that could shake every being in every world simultaneously: he stopped. Every breath of wind in the universe ceased. Every living creature — god, human, demon, bird — began to suffocate.

Brahma himself flew down in desperate haste. He knelt beside the fallen child, placed his hand on Hanuman's chest, and breathed life back into him. Then he turned to Vayu: ""Brother, release the wind — all creation is dying."" Vayu's grief softened as his son stirred and opened his eyes. Then came the reckoning. Indra bowed before the child and apologized, granting a boon: ""Your body will henceforth be harder than my Vajra itself."" The sun god Surya said: ""I will take this boy as my student and teach him all wisdom."" Brahma declared: ""No Brahmastra will ever bind him against his will."" One by one, the gods came and gave gifts — as if apologizing to greatness they had not recognized.

It was from this incident that the name ""Hanuman"" was born — ""Hanu"" meaning jaw, the one broken by Indra's bolt. The child who had reached for the sun as if it were a fruit went home that day with a broken jaw and the blessings of every major god in the universe. This story tells us something important: the divine child can be hurt — but cannot be destroyed. Every blow aimed at greatness only multiplies its gifts. And the one who flies fearlessly toward the sun, even as a hungry infant, will one day be taught by the sun himself. Innocence, when it is also divinely powered, has no ceiling.","बालक हनुमान अपनी माँ अंजना की गोद में खेल रहे थे। सूर्योदय हुआ — आकाश में एक बड़ा, चमकीला, लाल गोला उगा। बालक हनुमान ने अपनी नन्ही आँखें फैलाईं और सोचा — ""वह तो बड़ा पका हुआ फल है!"" और वे उड़ चले।

माँ अंजना की गोद से फिसलकर, छोटे हनुमान ने पंख फैलाए और आकाश की ओर उड़ चले। वायुदेव उनके पिता थे — हवा उनका सहारा थी। जैसे-जैसे वे सूर्य के निकट पहुँचते गए, उनकी आँखों की चमक और बढ़ती गई। भूख और जिज्ञासा — इन दो भावों से भरा एक बालक, ब्रह्मांड की सीमाओं को पार कर रहा था।

उसी दिन सूर्यग्रहण था। राहु भी सूर्य को ग्रसने आया था — और उसने देखा एक बालक उससे पहले सूर्य की ओर झपट रहा है। राहु घबराकर इंद्र के पास गया — ""देवराज, कोई और राहु आ गया!"" इंद्र ने ऐरावत पर सवार होकर हनुमान को रोकने की कोशिश की।

इंद्र ने वज्र चलाया। बालक हनुमान के जबड़े पर वज्र लगा और वे एक पर्वत पर जा गिरे। माता अंजना का रोना सुनकर वायुदेव क्रोधित हो उठे। उन्होंने वायु रोक ली — सारे ब्रह्मांड में श्वास रुक गई। देवता, मनुष्य, समस्त जीव तड़पने लगे।

ब्रह्मा जी दौड़े आए। वायुदेव को मनाया, हनुमान को जीवित किया। इंद्र ने क्षमा माँगी और वरदान दिया — ""इस बालक का शरीर वज्र से भी कठोर होगा।"" सूर्यदेव ने कहा — ""मैं इसे अपना शिष्य बनाऊँगा।"" ब्रह्मा ने कहा — ""इसे ब्रह्मास्त्र काम नहीं करेगा।"" एक के बाद एक देवताओं ने आशीर्वाद दिए।

इसी घटना में हनुमान को ""हनुमान"" नाम मिला — ""हनु"" अर्थात जबड़ा, जो वज्र से टूटा था। यह कथा बताती है — जो ईश्वर का बालक है, उसे चोट लग सकती है, पर वह नष्ट नहीं होता। संकट उसे और शक्तिशाली बनाता है। और जो निर्भय होकर सूर्य की ओर उड़ता है — उसे एक दिन सूर्य भी अपना गुरु मानता है।"
Rama Lives in Hanuman's Heart,हनुमान के हृदय में राम,"Lanka had fallen. Ravana was defeated. Rama had returned to Ayodhya in triumph, and the city blazed with the light of a million lamps as its king was crowned at last. In the celebration that followed, gifts were given to every warrior, every ally, every devoted servant. Sita sat beside Rama and looked out at the assembled heroes. Then she removed the pearl necklace from around her neck — a necklace of extraordinary beauty and sacred significance — and held it in her hands, thinking. Her eyes moved slowly across the hall until they rested on Hanuman. She rose and placed it around his neck.

Hanuman received the necklace with both hands. He held it up and looked at it carefully. Then — to the astonishment of the entire court — he began snapping the string, pulling the pearls off one by one, holding each up to his eye, then setting it aside. Whispers rippled through the hall. A minister leaned forward: ""What are you doing? You are destroying a priceless gift from the queen herself!"" Hanuman looked up with perfect serenity: ""I am checking. What use is anything to me that does not contain Rama? If He is not within these pearls, they are worthless to me.""

A courtier laughed and spoke with sharp sarcasm: ""Very noble words. But if Rama must be everywhere for something to have value — is Rama inside you as well? Can you show us?"" The hall went quiet. Everyone waited for Hanuman to respond with words. Instead, Hanuman reached up — and with his bare hands, tore open his own chest. There was no blood. From within his chest came light — warm, gold, and total. And in that light, seated in perfect serenity, were Rama and Sita. Together. Within Hanuman's heart.

The entire court fell absolutely silent. No one moved. No one breathed. Rama's eyes filled with tears — not of sadness but of something beyond words, a recognition so deep it could only come out as tears. Sita smiled the quiet smile of someone who had never doubted what lived in Hanuman's heart. Lakshmana stepped forward and embraced Hanuman without a word. The courtier who had asked the mocking question sat very still, his face transformed by shame and awe. Hanuman's chest sealed itself closed again — as naturally as a flower closes at night — as if what had just happened was the most ordinary thing in the world.

Rama took Hanuman's hand in both of his own. When he finally spoke, his voice was thick with feeling: ""Hanuman, I do not live in stone idols or golden temples. I live here — in the heart of a devotee who loves without condition, who asks nothing, who gives everything. Wherever a heart like yours exists — I am present. Always."" This was not a blessing granted from above. It was a truth that Hanuman had simply made visible to everyone in the room. He had not done something extraordinary. He had shown what ordinary devotion, taken to its absolute completion, actually looks like.

This story is the highest teaching on what bhakti — devotion — actually is. It is not ritual. It is not prayer repeated by habit. It is the state in which the boundary between the devotee and the beloved dissolves so completely that the beloved literally takes up residence in the devotee's heart. Hanuman did not seek Rama outside himself. He carried Rama within every breath, every act, every step. The moment his chest was opened was not the greatest moment of his life — because for Hanuman, every moment was like that. This is why, wherever the name of Rama is spoken with love, Hanuman is already present. He never left.","लंका विजय के बाद राम अयोध्या लौटे थे। राज्याभिषेक हुआ। सभी को पुरस्कार मिले। सीता माँ ने अपना मोती-हार उतारा और सोचने लगीं — इसे देने के योग्य कौन है? उनकी दृष्टि हनुमान पर टिकी — और उन्होंने हार उन्हें दे दिया।

हनुमान ने हार लिया और उसे ध्यान से देखने लगे। एक-एक मोती उठाकर देखा, तोड़ा, और फर्श पर रख दिया। दरबारी चकित थे — ""यह क्या कर रहे हैं?"" हनुमान बोले: ""मैं देख रहा हूँ — क्या इसमें राम हैं? जिसमें राम नहीं, वह मेरे किस काम का?""

एक दरबारी ने व्यंग्य से कहा — ""तो क्या राम तुम्हारे भीतर हैं? दिखाओ।"" बिना एक पल की देरी किए, हनुमान ने अपनी छाती चीर दी। रक्त की जगह वहाँ प्रकाश था — और उस प्रकाश में राम और सीता विराजमान थे।

पूरा दरबार स्तब्ध था। राम के नेत्रों से अश्रु बह रहे थे। सीता माँ मुस्कुरा रही थीं। लक्ष्मण आगे आकर हनुमान से लिपट गए। किसी के मुँह से शब्द नहीं निकल रहे थे। हनुमान की छाती फिर से बंद हो गई — जैसे कुछ हुआ ही नहीं।

राम ने हनुमान का हाथ थामा और कहा — ""हनुमान, तुम मेरी मूर्ति में नहीं, मेरे भक्त के हृदय में रहता हूँ। जहाँ भी तुम्हारे जैसा भक्त होगा — वहाँ मैं सदा निवास करूँगा।"" यह वरदान नहीं था — यह एक सत्य था जो हनुमान ने सिद्ध किया था।

यह कथा सिखाती है कि भक्ति केवल पूजा-पाठ नहीं है। यह एक ऐसी अवस्था है जहाँ प्रिय और प्रेमी के बीच का फर्क मिट जाता है। हनुमान ने राम को बाहर नहीं खोजा — राम उनके भीतर थे। और वह दिन उनके जीवन का सबसे महान क्षण नहीं था — क्योंकि उनके लिए हर क्षण वैसा ही था।"
The Cosmic Vision on the Battlefield,विश्वरूप दर्शन,"On the field of Kurukshetra, two vast armies stood facing each other across the morning mist — relatives, teachers, friends, all now enemies by the logic of dharma and war. Arjuna asked Krishna to drive their chariot to the center of the field so he could see exactly who stood arrayed against him. He looked. He saw his grandfather Bhishma. His teacher Drona. His cousins. Uncles. Men he had grown up with, eaten with, laughed with. His bow, Gandiva, slipped from fingers gone suddenly weak. He sank into the chariot seat. ""Krishna,"" he said, ""I cannot do this.""

For eighteen chapters of the Bhagavad Gita, Krishna spoke. He explained the immortality of the soul. The nature of dharma. The paths of action, knowledge, and devotion. Slowly, Arjuna's paralysis began to lift — replaced by understanding. But then he asked something extraordinary: ""Krishna, you speak of yourself as the supreme reality. If this is true — show me. Show me your actual form."" It was a request of tremendous spiritual daring. Most people prefer a manageable God. Arjuna asked to see the truth, however vast.

Krishna granted Arjuna the divine eye — a temporary capacity to see beyond the limitations of human vision. And what Arjuna saw cannot be adequately described in language, which is why the Gita's description of it remains the most awe-inspiring passage in Sanskrit literature. Thousands of suns blazing simultaneously. Every god, every creature, every world contained within one form. Time itself moving — the future already happening, the armies already falling, the war already over. Arjuna saw himself, saw Kurukshetra, saw his entire life as a single small moment within an incomprehensible whole. He trembled and covered his face.

""Krishna,"" Arjuna gasped, ""I cannot bear this. Please, please return to your gentle form."" Krishna smiled — and the terrifying, infinite, all-consuming Vishwaroopa contracted back into the familiar dark-skinned young man holding the chariot reins. The same eyes. The same slight smile. ""Arjuna,"" Krishna said quietly, ""what you just saw — the gods themselves cannot witness it through tapas alone. You were given this vision not through ritual or sacrifice but through devotion. This form is seen only through bhakti. Remember that.""

After the Vishwaroopa, Arjuna picked up his bow. Not with rage. Not with hate. With clarity — the clarity of a man who has seen the infinite and understood his own small but necessary place within it. This is the Gita's deepest gift: not the solving of Arjuna's personal problem, but the transformation of his perspective so completely that the problem itself dissolved. When we truly see how vast God is, our fears and hesitations do not disappear — they find their correct proportion. And from that correct proportion, right action becomes possible. This is why the Bhagavad Gita is not just a scripture. It is a manual for every human being who has ever stood frozen before something hard and necessary.

After Arjuna had witnessed the Vishwaroopa and understood — truly understood — the cosmic stakes of the battle before him, he folded his hands and made a quiet request: ""Please return to your human form. I cannot bear this revelation and function at the same time."" Krishna's cosmic form folded back into the familiar charioteer: those same gentle eyes, that same slight smile, the peacock feather in his hair. He was the friend again. The Lord who had just revealed himself as all of time and space was now offering his hand to steady a trembling warrior. ""Are you ready?"" he asked. Arjuna straightened. ""I am ready,"" he said. ""Then let us do what we came to do,"" Krishna said — and touched the reins.

The eleventh chapter of the Bhagavad Gita — the Vishwaroopa Darshana Yoga — remains one of the most overwhelming passages in all of human literature. People who read it for the first time often describe a feeling of vertigo, as if the floor of their ordinary understanding has dropped away. And that is exactly its purpose. The vision Arjuna received was not meant to paralyze but to liberate — to show him, once and for all, that his fears were smaller than the reality he was standing in. ""You are already an instrument of something larger,"" the vision said. ""The question is not whether you can bear it. The question is whether you will accept it."" For each of us, in our own small battle, the same vision is available — in prayer, in meditation, in the humbling silence of a starry night.","कुरुक्षेत्र की रणभूमि पर दोनों सेनाएँ आमने-सामने थीं। अर्जुन ने अपने रथ को बीच में रुकवाया और देखा — सामने कौरव सेना में उनके गुरु, पितामह, भाई-बंधु। उनके हाथ थरथराने लगे। धनुष गिर गया। वे बोले — ""कृष्ण, मैं नहीं लड़ सकता।""

श्रीकृष्ण ने अर्जुन को ज्ञान दिया — आत्मा अमर है, कर्तव्य ही धर्म है। पर अर्जुन अभी भी संशय में थे। तब अर्जुन ने कहा — ""कृष्ण, यदि आप सच में ईश्वर हैं — तो अपना वास्तविक स्वरूप दिखाइए।"" यह एक साहसिक प्रार्थना थी — जो बहुत कम लोग करते हैं।

कृष्ण ने अर्जुन को दिव्य दृष्टि दी। और जो अर्जुन ने देखा वह वर्णन से परे था — हज़ारों सूर्यों का प्रकाश, समस्त ब्रह्मांड एक रूप में समाहित, देवता उनमें प्रवेश करते हुए, समय का प्रवाह। उनके मुख से शब्द नहीं निकले — केवल भय और विस्मय।

""कृष्ण, यह रूप मुझसे सहन नहीं होता। कृपया अपने सौम्य रूप में लौट आइए।"" कृष्ण मुस्कुराए और अपने साधारण रूप में आ गए — वही सखा, वही सारथि। उन्होंने कहा: ""अर्जुन, यह रूप देवता भी तपस्या से नहीं देख पाते। तुमने देखा — क्योंकि तुम मेरे भक्त हो।""

विश्वरूप दर्शन के बाद अर्जुन का संशय समाप्त हुआ। उन्होंने धनुष उठाया — न क्रोध से, न घृणा से, बल्कि कर्तव्य-बोध से। यह गीता का सार है: जब हम ईश्वर की विशालता देखते हैं, तो हमारी समस्याएँ अपना सही आकार पा लेती हैं। और हम जो करना था वह करने में सक्षम हो जाते हैं।

विश्वरूप देखने के बाद अर्जुन ने कृष्ण से प्रार्थना की — ""अपना मनुष्य-रूप वापस लो।"" कृष्ण मुस्कुराए और सारथी बन गए — वही मीठी मुस्कान, वही शांत नेत्र। अर्जुन ने कहा: ""मैं अब लड़ूँगा।"" कृष्ण ने रथ आगे बढ़ाया। युद्ध का अंत धर्म की विजय थी।

गीता का यह अध्याय — एकादश — आज भी सबसे कठिन और सबसे गहरा माना जाता है। जो कोई इसे पूरी समझ से पढ़ता है, वह अपने क्षुद्र भय से बाहर आ जाता है। क्योंकि जब ब्रह्माण्ड का स्वामी कहता है ""निमित्त मात्र"" — तो आत्मा को पता चल जाता है कि वह अकेली नहीं है।"
The Salvation of Putana,पूतना का उद्धार,"King Kamsa received the terrible news: Devaki's eighth child had survived and was hidden somewhere in Gokul. He called for Putana — his most feared agent of death. Putana was no ordinary demon. She had the power to take the form of a breathtakingly beautiful woman, and her breasts were laced with the most lethal poison known in the three worlds. She had killed hundreds of infants this way — walking into homes as a loving nursemaid, offering to feed the child, and leaving behind only grief. She was the darkness that wears the face of kindness.

Putana transformed herself into a woman of such extraordinary beauty that every door in Gokul opened for her without question. Yashoda looked up from her work and saw a radiant stranger with the gentlest face, asking if she might hold the baby. Nothing about her seemed wrong. Everything about her seemed safe. Yashoda placed the infant Krishna into Putana's arms. Putana drew the child close and offered him her breast — the poisoned breast she had used to end so many small lives. She looked down at the baby with cold triumph. And the baby looked up at her — and smiled.

The infant latched on — and began to draw something far deeper than milk. Putana felt it immediately: a pulling, an emptying, as if her very life force was being consumed along with the poison. She tried to pull the baby away. She screamed. She shifted back toward her demon form, growing massive, her true face twisting in terror. The earth shook as she thrashed. But the baby held on with a grip like the roots of a mountain — calm, unstoppable, almost playful. Finally, with a sound like a thunderclap, Putana's life left her body. She fell outside the village, her enormous demon form crashing to earth.

The villagers of Gokul rushed outside and found the enormous corpse of a demon lying in the field — and sitting on her chest, completely unharmed, was the infant Krishna, laughing and playing as if nothing unusual had occurred. Yashoda swept him up with shaking hands, kissing his face over and over. The village elders and sages gathered and performed purifying rituals. When Putana's body was cremated, something extraordinary happened: the smoke that rose from the fire was fragrant. Sweet. Sacred. The sages nodded to each other knowingly.

The question was asked by everyone: ""She was a demon. She came to kill. Why then was her smoke fragrant? Why did she receive liberation?"" The oldest sage present spoke slowly: ""Because she nursed the Lord. Even if her intent was death — she performed the act of a mother. She held him. She fed him. And the Lord, in his infinite grace, accepted her in that role. He did not see her poison. He saw her in the form of a mother, and granted her accordingly the liberation that mothers deserve."" In that moment, all of Gokul understood something new about the nature of their child.

Putana's story is one of the most radical teachings in all of Hindu mythology. It tells us that divine grace operates beyond the logic of deserving. She came with poison in her heart and death in her purpose — and she left with liberation. If the one who arrived as an enemy received moksha simply for the act of holding the Lord, what awaits those who come with genuine love? This story does not celebrate Putana's evil. It celebrates Krishna's grace — a grace so vast, so unconditional, that even malice accidentally pointed at the Lord becomes a doorway to freedom.","कंस को ज्ञात हुआ कि देवकी का आठवाँ पुत्र जन्म ले चुका है और गोकुल में है। उसने अपनी सबसे भयानक दूती — पूतना — को भेजा। पूतना एक राक्षसी थी जो सुंदर स्त्री का रूप धारण कर सकती थी। उसके स्तनों में विष था। वह शिशुओं को दूध पिलाकर मारती थी।

पूतना ने सुंदर स्त्री का रूप धारण किया और गोकुल में प्रवेश किया। यशोदा ने देखा — कितनी सुंदर, कोमल स्त्री है। उसने श्रीकृष्ण को पूतना की गोद में दे दिया। पूतना ने बालक को अपने स्तन से लगाया — और उसके होंठ मुस्कुरा उठे।

बालक कृष्ण ने पूतना का स्तन मुँह में लिया — और साथ ही उसके प्राण भी खींचने लगे। पूतना ने छुड़ाने की कोशिश की, चिल्लाई, पर कृष्ण की पकड़ शिलावत् थी। उसका विशाल असली रूप प्रकट हुआ — और अंत में वह गोकुल के बाहर गिर पड़ी।

गोकुल के लोग भयभीत थे। पर यशोदा ने देखा — कृष्ण पूतना के विशाल शरीर पर खेल रहे थे, हँस रहे थे। नंद बाबा ने ऋषियों को बुलाया। उन्होंने कहा — ""यह शिशु साधारण नहीं है।"" पूतना के शरीर को जलाया गया — और उसका धुआँ सुगंधित था।

यह बात सुनकर सबने पूछा — ""पूतना तो राक्षसी थी, फिर उसका धुआँ सुगंधित क्यों?"" एक वृद्ध ऋषि ने कहा: ""क्योंकि उसने — चाहे विष से ही सही — श्रीकृष्ण को दूध पिलाया। माँ का दर्जा दिया। भगवान ने उसकी माँ की भूमिका स्वीकार की और उसे मुक्ति दे दी।""

यह कथा सिखाती है — ईश्वर की कृपा की कोई सीमा नहीं है। पूतना ने विष से मारने की कोशिश की, पर भगवान ने उसे अपनी माँ माना और मोक्ष दिया। यदि शत्रु को भी मुक्ति मिल सकती है — तो जो सच्चे हृदय से प्रेम करते हैं, उनके लिए क्या कहना।"
The Descent of River Ganga,गंगा अवतरण की कथा,"Sixty thousand princes of the Sagara dynasty had been reduced to ash by the rage of the sage Kapila — and their souls wandered without rest, unable to cross to the next world without the purifying touch of sacred water. Their descendant, King Bhagirath, inherited not just a kingdom but a grief that had accumulated for generations. He gave up his throne, walked into the forest, and began an austerity so severe that the earth trembled beneath him. For a thousand years, he stood on one foot, arms raised, breathing only once a month, fixing his mind on one prayer: ""Let the Ganga come to earth. Let my ancestors find peace.""

Brahma was pleased. He appeared before Bhagirath and agreed — the Ganga would descend to earth. But there was a problem that no amount of prayer could overcome alone: the Ganga's force. She had been flowing through the heavens since the beginning of creation. Her current was so immense that if she fell directly to earth, she would split the planet in two. ""Only Shiva,"" Brahma said, ""has the capacity to receive her."" Bhagirath bowed and returned to his austerities — this time with Shiva as his focus. He stood unmovable in the scorching sun, the freezing cold, the relentless rain, until Mahadeva opened his eyes.

Ganga descended from the heavens — and she came not gently but with the full force of her divine arrogance. She had decided she would sweep Shiva away when she hit him, carry him down to the underworld in her torrent. She fell like a thunderbolt. The sound of her descent shook mountains. But the moment she touched Shiva's matted hair — she was lost. His jatas absorbed her completely. She wandered through the labyrinth of his locks for ages, unable to find a way out. She who thought she would overwhelm him found instead that his hair contained entire universes. The arrogance of the divine river met the infinite stillness of Mahadeva.

Bhagirath prayed again — quietly, without demand. ""Mahadeva, the Ganga must reach the earth. Please release her."" Shiva parted his hair slightly, and from that opening, a single stream of Ganga descended — no longer arrogant, now purified by her time in Shiva's locks, gentle enough for the earth to receive. She followed Bhagirath as he drove his chariot south toward the sea. But the journey was not simple — they encountered the hermitage of the sage Jahnu, who was so disturbed by the noise of the river that he drank it entirely. Bhagirath had to pray again. Jahnu released her. She flowed on. This is why Ganga is also called ""Jahnavi"" — daughter of Jahnu.

At the shore of the ocean, Ganga descended into the earth's depths — to the place where the ashes of sixty thousand princes lay scattered. As her waters touched the ash, something extraordinary happened. One by one, souls began to rise — confused at first, then understanding, then luminous with gratitude and release. Sixty thousand ancestors, freed from their wandering, found their path onward. Bhagirath stood at the shore and offered tarpan — water and sesame seeds — for each of them. Generations of accumulated grief dissolved in that single river's touch. A task that had seemed impossible — that had defeated every member of his family before him — was complete.

The word ""Bhagirath Prayatna"" — Bhagirath's effort — has entered the Indian language as the expression for any task that seems impossible but is achieved through extraordinary determination and faith. It is used in courts, in speeches, in conversations between grandparents and children. The Ganga flows today — from the Himalayas to the Bay of Bengal, giving water to hundreds of millions of people, receiving the prayers and the ashes of the departed, purifying what she touches. Every time you see her, remember: she flows because one man refused to accept that some things are too difficult. She flows because Shiva had the compassion to catch her. She flows because even the divine responds to the devotion of those who will not give up.","राजा भगीरथ के साठ हज़ार पूर्वज ऋषि कपिल के क्रोध से भस्म हो गए थे। उनकी आत्माएँ बिना तर्पण के भटक रही थीं। भगीरथ ने प्रण किया — ""जब तक गंगा को स्वर्ग से पृथ्वी पर नहीं लाता, चैन नहीं।"" उन्होंने ब्रह्मा की कठोर तपस्या की — वर्षों तक।

ब्रह्मा प्रसन्न हुए। उन्होंने कहा — ""गंगा स्वर्ग से उतरेंगी।"" पर एक समस्या थी — गंगा का वेग इतना प्रचंड था कि पृथ्वी उसे सहन नहीं कर सकती थी। वह पृथ्वी को चीर देती। तब ब्रह्मा ने कहा — ""केवल महादेव ही गंगा का वेग थाम सकते हैं।"" भगीरथ ने फिर तपस्या की — इस बार शिव के लिए।

गंगा स्वर्ग से उतरीं — अहंकार से भरी। उन्हें लगा — शिव की जटाओं में उलझकर उन्हें पाताल ले जाएंगी। गंगा का वेग पर्वतों को हिला रहा था। पर शिव के जटाजूट में प्रवेश करते ही — वेग थम गया। गंगा खो गईं जटाओं की भूलभुलैया में। शिव की जटाएँ एक पूरा ब्रह्माण्ड थीं।

भगीरथ ने पुनः प्रार्थना की — ""हे महादेव, गंगा को मुक्त करें।"" शिव ने अपनी जटा से एक छोटी सी धारा मुक्त की। वह धारा हिमालय पर उतरी — और भगीरथ के पीछे चलती रही। भगीरथ रथ पर थे, गंगा उनके पीछे। उन्हें हर बाधा पार करनी थी — यही ""भगीरथ प्रयत्न"" का जन्म था।

अंततः गंगा समुद्र सागर पहुँची और पाताल में उतरी, जहाँ भगीरथ के पूर्वजों की राख थी। गंगाजल का स्पर्श पाते ही साठ हज़ार आत्माएँ मुक्त हो गईं — स्वर्ग में पहुँचीं। भगीरथ ने अपने पूर्वजों को तर्पण दिया। जो काम असंभव था, वह पूरा हुआ — केवल एक व्यक्ति के संकल्प से।

""भगीरथ प्रयत्न"" — यह शब्द आज भी हिंदी में किसी ऐसे कठिन कार्य के लिए प्रयोग होता है जो असाधारण संकल्प से पूरा हो। गंगा आज भी बहती है — करोड़ों लोगों की माँ, मोक्षदायिनी। शिव की जटाओं में वास करके वह पवित्र हुई। भगीरथ की साधना से वह सुलभ हुई। दोनों के बिना यह नहीं होता।"
Hanuman's Leap Across the Ocean,हनुमान की समुद्र लंघन,"The army of Kishkindha stood at the edge of the world — before them stretched the vast, roaring ocean, its waves crashing like thunderclouds against the shore. Lanka lay somewhere beyond the horizon, invisible, unreachable. One hundred yojanas of salt water separated them from Sita. The bravest warriors fell silent. Even Sugriva lowered his gaze. Then old Jambavan, the ancient bear king who had witnessed the birth of the universe, turned his wise eyes toward one monkey who sat alone, quiet, his head bowed. ""O son of the Wind,"" Jambavan said softly, ""have you forgotten who you are?""

Jambavan's words fell like rain on parched earth. Something ancient stirred in Hanuman's chest — a memory not of this lifetime but of the very moment of his birth, when the Wind God himself had breathed life into him. Hanuman rose. And as he rose, he grew. His shoulders broadened until they blocked the sun. His feet pressed into the mountain and the mountain groaned. The ocean fell quiet. Every creature on the shore held its breath. Hanuman climbed to the peak of Mount Mahendra, filled his lungs with the salt air of the sea, and fixed his gaze on the horizon. ""Jai Shri Ram,"" he whispered — and crouched to leap.

He leaped. The mountain shook to its roots and sank several feet into the earth. The ocean split, waves crashing apart in every direction, revealing the seabed for a single tremendous moment. Hanuman shot into the sky like an arrow fired by the gods. The clouds parted before him. The sun blazed above. Below, the dark water stretched to the edge of the world. Mid-flight, the golden Mount Mainaka rose from the sea, offering rest. Hanuman touched it gently with his hand in greeting — and flew on. ""I cannot rest,"" he called back, ""while Rama's Sita remains a prisoner.""

Halfway across the ocean, a great serpentine goddess named Surasa rose from the waves, her mouth stretching wide as a cavern. ""None may pass without entering my jaws,"" she declared. Hanuman grew larger — she grew larger. He doubled his size — she doubled hers. Then in a flash of brilliance, Hanuman shrank to the size of a thumb, darted into her open mouth, touched her inner cheek, and shot back out before she could close her teeth. He bowed to her respectfully. Surasa laughed with delight — for this was always a test of wisdom, not strength. ""Pass, great one,"" she blessed him. ""Rama's work shall be fulfilled.""

Lanka at night was a city of fire and gold. Hanuman shrank himself small as a cat and slipped through the city walls like a shadow. He searched the inner palaces, the pleasure gardens, the treasury halls — room after room, corridor after corridor. No Sita. His heart grew heavy. Then, almost by instinct — or perhaps guided by Rama's grace itself — his feet carried him to the Ashoka grove. And there, beneath a great tree, surrounded by sleeping demon guards, sat a woman of extraordinary grace. Her white garments were worn and simple. Her face was thin from grief. But her eyes — even in the darkness — held the quiet fire of a soul that had not surrendered.

From a branch above, Hanuman began to softly recite the story of Rama — his birth, his virtues, his love for Sita. The woman below stiffened. She looked up. Their eyes met. Hanuman descended slowly and bowed, placing Rama's ring before her with trembling reverence. Sita stared at the ring — and broke. Tears she had held for months poured down her face. ""Has Rama not forgotten me?"" she whispered. Hanuman's voice caught in his throat. ""Mother,"" he said, ""not a single moment passes when your name is not on his lips. He weeps for you. He fights for you. He is coming.""

Sita placed her hand in blessing upon Hanuman's head. Then she removed the Chudamani — the jeweled ornament from her hair — and gave it to him. ""Give this to Rama. Tell him I count each breath until he comes."" Hanuman pressed the jewel to his chest, bowed until his forehead touched the earth before her, and rose into the sky. As Lanka shrank below him and the ocean opened ahead, he carried two things across the water: the jewel in his hand, and the unbreakable hope of a mother in his heart. This is the story's teaching — when we act out of pure love, no ocean is too wide, no darkness too deep, no demon too powerful to stop us.","सीता माँ के हरण के बाद वानर सेना समुद्र के किनारे पहुँची। सामने था अथाह समुद्र — जिसे पार किए बिना लंका पहुँचना असंभव था। सब वानर हताश थे। तब वृद्ध जामवंत ने हनुमान की ओर देखा और धीरे से कहा — ""पवनपुत्र, क्या तुम भूल गए अपनी शक्ति को?""

जामवंत के शब्दों ने हनुमान के भीतर सोई हुई शक्ति को जगा दिया। वे खड़े हुए, उनका शरीर बढ़ने लगा — पर्वत जितना विशाल। उनकी गर्जना से आकाश काँप उठा। उन्होंने मन में राम का नाम लिया और महेंद्र पर्वत की चोटी पर चढ़ गए — छलाँग लगाने के लिए।

हनुमान ने छलाँग लगाई। पर्वत धँस गया। समुद्र की लहरें दसों दिशाओं में बिखर गईं। वे आकाश में उड़ रहे थे — बादलों को चीरते हुए, सूर्य को छूते हुए। मार्ग में मैनाक पर्वत ने उन्हें विश्राम का निमंत्रण दिया। हनुमान ने विनम्रता से मना कर दिया — ""जब तक राम का कार्य पूरा न हो, मुझे विश्राम नहीं।""

देवी सुरसा ने समुद्र के बीच हनुमान का मार्ग रोका — ""मैं तुम्हें खाऊँगी।"" हनुमान ने अपना आकार बढ़ाया, सुरसा ने भी अपना मुख बढ़ाया। तब हनुमान अचानक छोटे हो गए और सुरसा के मुख में प्रवेश करके तुरंत बाहर निकल आए। बुद्धिमानी से वे परीक्षा में उत्तीर्ण हुए।

लंका पहुँचकर हनुमान ने रात्रि में अदृश्य होकर नगरी में प्रवेश किया। महल, उद्यान, भवन — सब खोजे। कहीं सीता नहीं मिलीं। तब उन्होंने अशोक वाटिका की ओर कदम बढ़ाए। वहाँ एक वृक्ष के नीचे, राक्षसियों के बीच, श्वेत वस्त्र धारण किए एक दिव्य स्त्री बैठी थीं — उनके नेत्रों में राम की याद थी।

हनुमान ने धीरे से राम कथा सुनानी शुरू की। सीता माँ चौंकीं — यह वानर राम का नाम जानता है? हनुमान ने राम की मुद्रिका उनके सामने रखी। सीता माँ की आँखों से अश्रु बह निकले। ""क्या राम मुझे भूले नहीं?"" हनुमान ने कहा — ""माते, वे एक पल भी आपको नहीं भूले। वे प्रतिदिन आपका नाम लेते हैं।""

सीता माँ ने हनुमान को आशीर्वाद दिया और अपनी चूड़ामणि दी — राम के लिए निशानी। हनुमान ने प्रणाम किया और आकाश में उड़ गए — हृदय में सीता की छवि और होठों पर राम का नाम। यह कथा सिखाती है: जब हम किसी के लिए प्रेम से कार्य करते हैं, तो समुद्र भी बाधा नहीं बनता।"
Shiva Destroys the Three Cities,शिव द्वारा त्रिपुर संहार,"The three sons of the demon Tarakasura were extraordinary beings — Tarakaksha, Kamalaksha, and Vidyunmali. They had witnessed their father's defeat and rather than seeking revenge in battle, they chose something more cunning: invincibility through devotion to Brahma. For a thousand years they performed tapas of unimaginable severity. Their austerities earned them a boon beyond the reach of most warriors. They asked Brahma for three indestructible cities — one of gold in the heavens, one of silver in the sky, and one of iron on the earth — connected and mobile, like fortresses that roamed the cosmos. And they added one final condition: these cities could only be destroyed by a single arrow, fired when all three aligned in the sky once every thousand years.

From their three cities — Tripura — the brothers conquered the heavens and terrorized every living being. The gods gathered their armies and fought. They lost. They appealed to Brahma, who had granted the boon. He spread his hands helplessly. They went to Vishnu, whose discus had never failed. Even he said: ""This is beyond my power alone. Only Mahadeva can destroy what I cannot."" The procession of gods came at last to Kailash and pleaded before Shiva. Shiva sat still in meditation for a long moment. Then: ""Have you tried to turn them away from their evil? Have you offered them the path back to dharma?"" The gods admitted they had not. ""Then try first,"" Shiva said. ""I am not a weapon to be used before all other options are exhausted.""

Vishnu himself took the form of an old brahmin and traveled to Tripura to offer the asura kings a final chance at redemption. He spoke to them of dharma, of the inevitable fall of those who live by conquest, of the peace that was available to them. They laughed him out of the city. The time for wisdom had passed. Now the gods assembled the greatest weapon ever constructed. The earth became the chariot's base. The sun and moon became its wheels. Mount Meru became the bow. Vasuki became the bowstring. Vishnu himself became the arrow. Agni became the arrowhead. Brahma took the reins as charioteer. Every element of creation offered itself in service of this single shot.

Once every thousand years, for one brief moment, the three cities aligned in a single line across the sky. That moment came. Shiva mounted the divine chariot — and then paused. The gods held their breath. Brahma tightened his grip on the reins. Every celestial being stared. What was the delay? Shiva closed his eyes. A smile played on his lips. ""Wait,"" he said simply. Seconds passed. The alignment would not last long. The gods were frantic. Then Shiva's eyes opened — calm, complete. He had spent those final moments not calculating trajectories but in deep, absolute meditation. He had centered himself in the stillness that exists beneath all action. When the arrow finally left the bow, it did not feel like violence. It felt inevitable.

A single arrow — and Tripura ceased to exist. All three cities erupted simultaneously in fire that burned through the sky like a second sun, then was gone. The three asura kings were liberated from their bodies and the accumulated karma of their conquest. The heavens rang with the celebration of the gods. Shiva was hailed as Tripurari — the enemy of Tripura — and Tripurantaka — the destroyer of the three cities. But as the gods danced and cheered, Shiva simply stepped off the chariot, sat down, and returned to silence. No pride. No celebration. What had been required was done. He had not enjoyed the destruction. He had performed it with the detachment of a physician who performs surgery: not from pleasure, but from necessity.

The story of Tripuradahana holds a truth that cuts through all easy morality: destruction, in Shiva's hands, is not the opposite of grace — it is its completion. The three asura kings were not simply killed; they were released. Their long arc of ego and conquest came to its inevitable end, and in that ending, their souls found freedom. Shiva did not celebrate this. He simply enabled it. This is the deep philosophy of Mahakala — the great time — who is another form of Shiva: all things that cling too long to existence must eventually be returned to the source. What Shiva destroys, he destroys with love. And what is destroyed by him is not lost — it is returned.","असुर तारकासुर के तीन पुत्र थे — तारकाक्ष, कमलाक्ष, और विद्युन्माली। तीनों ने ब्रह्मा की घोर तपस्या की। वरदान माँगा — ""हमें तीन अविनाशी नगरियाँ दो — स्वर्ण, चाँदी, और लोहे की। और इन्हें केवल एक ही बाण से नष्ट किया जा सके, जब तीनों एक पंक्ति में आएँ।""

त्रिपुर में रहकर तीनों असुरों ने स्वर्ग, पृथ्वी, और पाताल पर अत्याचार शुरू किया। देवता हार गए। वे ब्रह्मा के पास गए — ब्रह्मा ने हाथ खड़े किए। विष्णु के पास गए — विष्णु ने कहा: ""केवल महादेव।"" शिव के पास जब देवगण आए, तो शिव ध्यान में थे। उन्होंने शर्त रखी — ""पहले उन्हें धर्म के मार्ग पर लाने की कोशिश करो।""

विष्णु ने वृद्ध ब्राह्मण का रूप लिया और त्रिपुर में गए — तीनों असुरों को धर्म की ओर मोड़ने की कोशिश की। पर असुर राज बुद्धि खो चुके थे। उन्होंने उपदेश ठुकरा दिया। अब समय आया — शिव का। देवताओं ने मिलकर एक दिव्य रथ बनाया, जिसमें पृथ्वी पहिया थी, सूर्य-चंद्र चक्र थे, मेरु पर्वत धनुष, वासुकी नाग प्रत्यंचा — और बाण था अग्नि का।

हज़ार वर्षों में एक बार — तीनों नगरियाँ एक पंक्ति में आईं। वह क्षण आया। शिव ने रथ पर आरूढ़ होकर धनुष उठाया। पर एक पल के लिए — वे रुके। उनके होठों पर मुस्कान थी। देवता घबराए — ""अब क्यों रुके?"" शिव ने कहा: ""क्षण की प्रतीक्षा करो।"" और उस एक पल में — उन्होंने ध्यान किया।

एक बाण — और त्रिपुर का अस्तित्व समाप्त हो गया। तीनों नगरियाँ एक साथ जलकर राख हो गईं। तीनों असुर भस्म हो गए। देवताओं ने जयकार की। शिव ""त्रिपुरारि"" और ""त्रिपुरांतक"" कहलाए — त्रिपुर को नष्ट करने वाले। पर शिव का भाव उत्सव का नहीं था — वे तुरंत शांत हो गए, जैसे कुछ हुआ ही न हो।

यह कथा सिखाती है: शिव केवल संहारक नहीं — वे सबसे अंत में आते हैं, जब हर दूसरा विकल्प समाप्त हो जाता है। उनका विनाश अहंकार से नहीं, धर्म से होता है। और जो भी नष्ट होता है — वह मुक्ति पाता है। असुरों की मृत्यु भी उनके लिए मोक्ष थी। शिव की संहार-शक्ति अंततः करुणा का ही एक रूप है।"
Krishna Protects Draupadi's Honor,द्रौपदी की रक्षा,"The Pandavas had gambled everything and lost. Their kingdom, their freedom, their dignity — all gone in a single night of dice. Then Duryodhana ordered the unthinkable: Draupadi herself, their wife, was brought into the open court. Dushasana dragged her by her hair before the assembled kings, elders, and warriors of the Kuru court. She stumbled into the hall and looked around — at her husbands, sitting pale and silent; at Bhishma, looking at the floor; at Drona, unable to meet her eyes. Not one man rose.

Draupadi appealed to the elders with a voice that shook the pillars of the hall: ""Is there no dharma here? No one who will speak?"" Silence. The greatest warriors of the age sat frozen by their own complicity, their own debts, their own cowardice dressed as duty. Then Dushasana seized her sari and began to pull. Draupadi held on with both hands, her knuckles white, tears streaming down her face. She had tried every human recourse. Every door had closed. In that moment of absolute, total helplessness, she let go of her sari — she let go of protecting herself — and raised both hands. ""Govinda! Dwarkanadh! Krishna!""

In Dwaraka, thousands of miles away, Krishna suddenly stopped mid-conversation. He went still. Closed his eyes. Then smiled — the smile of someone answering a call they had been waiting for. In the court of Hastinapur, Dushasana pulled. And pulled. And the sari kept coming. He pulled faster, frantic now, confused — where was it coming from? The pile of fabric at his feet grew and grew. The entire court watched in stunned silence as the impossible unfolded before them. Draupadi stood with her eyes closed and her hands raised, tears streaming, lips moving in Krishna's name. And she was untouched.

Dushasana finally collapsed, exhausted, buried under the mountain of fabric that had poured from Draupadi's sari. He had pulled with all his strength until his arms gave out — and had achieved nothing. The court sat in the silence of people who have just witnessed something that cannot be explained. Draupadi opened her eyes. Her face was wet with tears, but her gaze was not the gaze of a defeated woman. She made a vow in a voice that filled the entire hall: ""These disheveled hair of mine will not be braided until they are washed with Dushasana's blood."" It was not a threat. It was a prophecy.

This story is one of the most powerful teachings on the relationship between surrender and divine protection. Draupadi's protection did not come when she fought back, when she appealed to human authority, or when she held on tight. It came the moment she released her own grip — on her sari, on her safety, on the idea that she could protect herself — and called out with everything she had. Complete, unconditional surrender. In that state, she became invulnerable. This is not a story about a woman being saved. It is a story about what becomes possible when a human being exhausts every option and turns entirely to God — with both hands raised, and nothing held back.

The moment Draupadi surrendered completely — releasing every human support, calling only on Krishna — the miracle began. Dushasana pulled and pulled, his arms burning with effort. The cloth continued. Elders in the court watched with horror, with shame, with a paralysis born of political calculation. Bhishma, who could have spoken, was silent. Drona, her teacher's father-in-law, looked at the floor. The court of Hastinapura failed every test that day — except one. The invisible presence that responded to a completely surrendered prayer proved that even when every human institution fails, grace does not. The sari did not end. Dushasana finally stopped, exhausted. Draupadi stood unharmed.

Draupadi made a vow that day — she would not bind her hair until it was washed with the blood of the man who had violated her dignity. That vow lived unbroken for thirteen years, through exile and hardship, and was finally fulfilled on the battlefield of Kurukshetra. It became the burning thread that held the Mahabharata together. But beneath the history and the vow and the war, this story asks one question that transcends all of it: when every support falls away — when the people who should protect you are silent, when justice feels impossible — what do you call upon? Draupadi's answer was Krishna. And the teaching of this story is that the call made with a completely surrendered heart — not bargaining, not conditional, just ""Govinda!"" — is always, always heard.","जुए में पांडव हार चुके थे। द्रौपदी को दांव पर लगाया गया था — और हारे थे। दुर्योधन ने आदेश दिया — द्रौपदी को भरी सभा में खींचकर लाओ। दुशासन ने उनके केश थामे और उन्हें घसीटता हुआ सभा में लाया। यह अपमान से भी बड़ा कुछ था।

द्रौपदी ने सभा में पुकारा — ""क्या कोई मेरी रक्षा करेगा? पितामह? आचार्य?"" कोई नहीं उठा। तब दुशासन ने उनकी साड़ी खींचनी शुरू की। द्रौपदी के हाथ साड़ी पकड़े थे — दोनों हाथों से। उन्होंने पुकारा — ""हे गोविंद! हे द्वारकानाथ!""

द्वारका में कृष्ण किसी कार्य में थे। अचानक रुके — जैसे किसी ने पुकारा। आँखें बंद कीं। फिर मुस्कुराए। हज़ारों मील दूर, कुरुक्षेत्र की सभा में — साड़ी बढ़ती रही। दुशासन खींचता रहा। पर अब साड़ी का कोई अंत नहीं था।

दुशासन थककर गिर पड़ा। वस्त्र का अंत नहीं आया। सभा स्तब्ध थी। द्रौपदी की साड़ी के पहाड़ से दुशासन दब गया। तब द्रौपदी ने आँखें खोलीं। उनके नेत्रों में आँसू थे — पर वे धर्म के आँसू थे, पराजय के नहीं। उन्होंने प्रण किया — ""जब तक दुशासन के रक्त से मेरे केश न धुलें, मैं इन्हें नहीं बाँधूँगी।""

यह कथा सिखाती है — जब मनुष्य की सारी शक्ति समाप्त हो जाए, तब यदि हम दोनों हाथ उठाकर ईश्वर को पुकारें — वे अवश्य आते हैं। द्रौपदी की रक्षा इसलिए नहीं हुई कि वे राजकुमारी थीं। इसलिए हुई क्योंकि उन्होंने स्वयं को पूरी तरह समर्पित कर दिया।

द्रौपदी ने जब पूरे मन से पुकारा — ""हे केशव!"" — तब वस्त्र का सिलसिला शुरू हुआ। दुःशासन थका, वस्त्र का अंत न आया। सभा स्तब्ध थी। भीष्म, द्रोण, कर्ण — सब बैठे रहे। इतिहास में यह वह क्षण था जब न्याय की परीक्षा हुई — और मनुष्य असफल रहे। केवल भगवान उत्तीर्ण हुए।

द्रौपदी ने कसम खाई — जब तक दुःशासन का रक्त उसके केशों में न लगे, वह अपने बाल न बाँधेगी। यह प्रतिज्ञा महाभारत युद्ध की नींव बनी। पर इस कथा का सबसे बड़ा सबक यही है: जब भी हम पूर्ण समर्पण के साथ कृष्ण को पुकारते हैं — वे आते हैं। अदृश्य रूप में, पर निश्चित रूप में।"
Krishna and Sudama - Eternal Friendship,कृष्ण-सुदामा की मित्रता,"Sudama was a brahmin of extraordinary learning and extraordinary poverty. As a boy he had studied alongside Krishna at the ashram of Guru Sandipani — they had eaten together, studied together, shared everything with the easy intimacy of children who don't yet know the difference between a king and a commoner. Then the world separated them. Krishna went on to become the king of Dwaraka — the most glorious city of its age. Sudama went home to a small village, a devoted wife, hungry children, and a thatched roof that let in the rain. One day his wife said gently: ""Your childhood friend is the king of Dwaraka. Go see him.""

Sudama's heart was full of hesitation. ""How does one go to a king — and a king like Krishna — with empty hands?"" His wife scraped together a small handful of flattened rice — poha — from the neighbors, tied it in an old cloth, and pressed it into his hands: ""Take this."" Sudama tucked the small parcel under his arm, embarrassed by its insignificance, and set off on the long walk to Dwaraka. With every mile, his doubts grew. By the time the golden spires of Dwaraka appeared on the horizon, he was nearly turning back. ""Will he even remember me? It has been so long. He is a king. I am nothing.""

At the palace gates, the guards stopped the thin, poorly dressed brahmin and asked his name. ""Sudama — a friend of Krishna's from childhood."" One guard disappeared inside. And then, before Sudama could decide whether to stay or flee, he heard running footsteps. Krishna burst through the palace doors — barefoot, his royal garments disheveled, tears streaming freely down his face — and wrapped his arms around Sudama before the old brahmin could even fold his hands in greeting. ""Sudama! My Sudama!"" He held him like someone who has found what they had lost and will not let go again.

Krishna led Sudama inside, sat him on his own seat, washed his friend's cracked and dusty feet with his own hands, called Rukmini to come and honor their guest. All the while, Sudama sat in a daze of wonder, clutching his small parcel tighter and tighter, hoping Krishna wouldn't notice it. But Krishna noticed everything. He reached over, gently took the cloth bundle from Sudama's hands, and unwrapped it himself. A handful of flattened rice — dry, plain, humble. Krishna's eyes lit up like a child's. He picked up a handful and ate it with visible delight, as if it were the finest feast he had ever tasted.

The days passed too quickly, and Sudama never asked. He had come with a request in his heart but each time he opened his mouth, the words dissolved in the warmth of Krishna's presence. He left empty-handed — or so he thought. On the long walk home, he wondered: ""I came for help and I didn't ask. He gave me nothing. What will I tell my wife?"" He arrived at the village — and stopped. Where the leaking hut had stood, there was now a palace. His wife stood at the door in silk, his children laughing and healthy. Sudama sat down on the road and wept. He understood: Krishna had given everything, without being asked, without being thanked — simply because Sudama had come.

Sudama left Dwarka with a lighter heart than he had arrived with — and yet with a nagging thought: he had asked for nothing. The entire audience with Krishna had been spent in laughter and tears and shared memories, and he had left without making his request. His wife was waiting at home with their hungry children. What had he accomplished? He walked the long road back with a complicated grief in his chest. But as he crested the familiar hill and looked toward where his hut should have been — he stopped. A white palace stood where cracked mud walls had been. Gardens where bare earth had baked. His wife stood at the entrance in fine silk, their children clean and laughing. Sudama understood, slowly, what had happened.

Sudama never became arrogant in his new prosperity. He gave generously, lived simply, and spent the rest of his life in gratitude. And the teaching of this story lives not in the miraculous transformation of the house but in the moment at the gate of Dwarka: when a poor, ashamed man nearly turned back, but went forward anyway. When he chose love over pride. When he brought a handful of beaten rice to the richest king in the world — not because it was impressive, but because it was his. That was the moment Krishna's heart opened completely. This is the secret of the Sudama story: Krishna is not purchased by wealth or eloquence or perfect ritual. He is purchased by love that shows up even when it is embarrassed, even when it has nothing to give.","सुदामा एक गरीब ब्राह्मण थे — कृष्ण के बचपन के मित्र, गुरु संदीपनी के आश्रम के साथी। वर्षों बीत गए। कृष्ण द्वारका के राजा बन गए। सुदामा अपनी झोपड़ी में पत्नी और बच्चों के साथ निर्धनता में जी रहे थे। एक दिन पत्नी ने कहा — ""कृष्ण तुम्हारे मित्र हैं — एक बार मिलने जाओ।""

सुदामा के मन में संकोच था — ""मैं एक राजा के पास कैसे जाऊँ? और खाली हाथ?"" पत्नी ने पड़ोसियों से माँगकर थोड़े से चावल के पोहे बाँधे — ""यही ले जाओ।"" सुदामा ने वह पोटली अपनी बगल में छुपा ली और द्वारका की ओर चले। रास्ते भर सोचते रहे — ""कृष्ण मुझे पहचानेंगे भी?""

सुदामा महल के द्वार पर पहुँचे। द्वारपालों ने उनका नाम पूछा। जैसे ही ""सुदामा"" कहा — भीतर से दौड़ते हुए स्वयं कृष्ण आए। नंगे पाँव, आँखों में अश्रु। उन्होंने सुदामा को गले लगाया जैसे युग की प्रतीक्षा टूट गई हो।

कृष्ण ने सुदामा को अपने महल में बैठाया, उनके पाँव धोए, रुक्मिणी को बुलाया। उन्होंने सुदामा की पोटली देखी — पर कुछ नहीं पूछा। खुद ही उसे खोला। पोहे निकले। कृष्ण के नेत्र चमक उठे। उन्होंने मुट्ठी भर पोहे उठाए और खाने लगे — आनंद से।

सुदामा अपनी बात नहीं कह सके — कभी माँगा नहीं। घर लौटे, मन में सोचते रहे — ""मैंने कुछ माँगा नहीं, कृष्ण ने कुछ दिया नहीं।"" पर घर पहुँचे तो — झोपड़ी की जगह महल था। पत्नी और बच्चे रेशमी वस्त्रों में। सुदामा की आँखों से अश्रु बह निकले। उन्होंने समझा — कृष्ण ने सब दे दिया, बिना माँगे।

सुदामा जब द्वारका से चले, तो उन्हें याद आया — उन्होंने कुछ माँगा ही नहीं। वे रास्ते भर सोचते रहे — ""क्यों नहीं माँगा? कृष्ण ने भी कुछ दिया नहीं।"" पर जब वे अपनी टूटी झोपड़ी के पास पहुँचे — वहाँ महल था। उनकी पत्नी रेशम में थी, बच्चे हँस रहे थे। सुदामा की आँखें भर आईं।

सुदामा ने कभी धन का अहंकार नहीं किया — उन्होंने जो मिला, उसे ईश्वर की देन मानकर स्वीकार किया। और इस कथा का सार यही है: कृष्ण धन से नहीं, प्रेम से खरीदे जाते हैं। जो मित्र के पास खाली हाथ जाता है — केवल मिलने के लिए — उसे कृष्ण खाली हाथ नहीं लौटाते।"
Shiva Drinks the Cosmic Poison,शिव का हलाहल विष पान,"In the earliest age of creation, the gods and demons set aside their ancient enmity to churn the great cosmic ocean — the Kshirasagara, the sea of milk. Mount Mandara served as the churning rod. The cosmic serpent Vasuki became the rope. Devas pulled from one end, Asuras from the other. The ocean groaned and churned. Wonderful things began to emerge — the divine physician Dhanvantari, the goddess Lakshmi, the celestial horse Ucchaishravas, the wish-granting tree Kalpavriksha. But the first thing to rise from the depths was not nectar. It was something that could unmake the world itself — the Halahala, the poison of cosmic annihilation.

The Halahala rose from the churned ocean like a column of black smoke that turned the sky red. Its heat cracked the ground. Its fumes made the devas stagger and fall to their knees, gasping. Demons fled in all directions. Even Brahma, the creator, covered his face. The poison began spreading outward — if it reached the earth, every living creature would perish. If it reached the heavens, the cosmos itself would collapse. Brahma looked toward Vishnu. Vishnu looked toward the one direction where there was any hope at all — toward the north, toward the mountains, toward Kailash. ""Only Mahadeva can hold what none of us can touch,"" Vishnu said. Together, every god and demon ran to beg Shiva.

On Mount Kailash, Shiva sat in meditation, Parvati by his side, when the desperate procession of gods and demons arrived at his feet. They fell prostrate before him, their cries mixing with the distant rumble of the spreading poison. Shiva listened with the stillness of someone who has already decided. He looked toward the horizon where the dark column of Halahala rose like a wound in the sky. Parvati reached out and took his hand. Her eyes asked the question her lips could not form. Shiva turned to her and smiled — the serene, deep smile of one who fears nothing because he is beyond all fear. ""For the good of all creation, my love."" He rose to his feet.

Shiva walked to the edge of the cosmic ocean as the poison boiled and hissed. Every deity stepped back. He alone stepped forward. He cupped the Halahala in his bare hands — the poison that could end all creation — and brought it to his lips. The sky turned black. The earth shook. Every god and demon held their breath in a single collective suspension of time. Then Shiva drank. He did not swallow it — he held it in his throat, containing its destruction within himself, letting not one drop reach the rest of the universe. His throat turned blue — deep, dark blue — the color it has borne ever since. The gods exhaled. The earth stilled. And Shiva stood there, blue-throated and serene, having swallowed the suffering of the world.

In that same moment, Parvati rushed to Shiva's side and pressed her hands around his throat — holding the poison in place, ensuring it would not descend further into his body. Her touch became his shield. This is the hidden teaching within the story: Shiva could bear the poison, but it was Shakti's love that contained it. Without her, even he might have been overwhelmed. The gods fell to their knees in awe of both — the Lord who consumed the darkness, and the Goddess whose love bound it. The churning resumed. Eventually, the nectar of immortality emerged. Creation was saved. And Shiva stood at the center of it all, blue-throated, smiling.

The story of Neelakantha — the blue-throated one — is not merely a mythological episode. It is a portrait of what true compassion looks like when lived completely. Shiva did not ask why the poison appeared, or who was responsible, or what he would receive in return. He simply saw suffering, saw that only he could absorb it, and acted. We all carry some poison in our lives — grief, betrayal, loss, the weight of a world that sometimes feels like too much. This story asks us: can we hold our own suffering with even a fraction of that grace? Can we contain it without letting it destroy us or those we love? Neelakantha watches over us — the one who swallowed darkness so the world could taste sweetness.","सृष्टि के आरंभ में देवताओं और असुरों ने मिलकर क्षीरसागर का मंथन किया — अमृत प्राप्त करने के लिए। मंदराचल पर्वत मथानी बना, वासुकी नाग रस्सी। मंथन शुरू हुआ — घड़ी-घड़ी हिलते समुद्र से अद्भुत वस्तुएँ निकलने लगीं। पर सबसे पहले जो निकला — वह अमृत नहीं, विष था।

हलाहल विष इतना भयंकर था कि उसकी गंध मात्र से देवता और असुर मूर्छित होने लगे। उसकी एक बूँद से संसार का अंत हो सकता था। देवगण घबराए, असुर भागे। ब्रह्मा जी ने कहा — ""इसे रोकने वाला एकमात्र महादेव ही हो सकता है।"" सब मिलकर कैलाश की ओर दौड़े।

देवी पार्वती के साथ कैलाश पर विराजमान शिव ने सबकी प्रार्थना सुनी। उनके नेत्रों में करुणा थी। वे जानते थे — यह कार्य केवल वे ही कर सकते हैं, और इसकी कीमत चुकानी होगी। पार्वती जी ने उनका हाथ थामा — उनकी आँखों में प्रश्न था। शिव मुस्कुराए — ""लोकसंग्रह के लिए, देवी।"" और वे उठ खड़े हुए।

शिव ने हलाहल विष को अपनी हथेली में लिया। विष भयंकर रूप से जल रहा था — देवता काँप रहे थे। फिर शिव ने उसे अपने मुख में डाला और कण्ठ में रोक लिया — न उगला, न निगला। उनका कण्ठ नीला हो गया। तभी से वे ""नीलकण्ठ"" कहलाए — जिन्होंने संसार का दुख अपने गले में धारण किया।

पार्वती जी ने तत्काल शिव के कण्ठ को अपने दोनों हाथों से थाम लिया — ताकि विष नीचे न उतरे। उनका यह स्पर्श शिव की रक्षा बन गया। जहाँ शक्ति और शिव मिलते हैं — वहाँ विनाश भी रुक जाता है। देवताओं ने प्रणाम किया। अमृत मंथन फिर प्रारंभ हुआ — अब बिना भय के।

यह कथा केवल पौराणिक नहीं है — यह जीवन का सत्य है। हर महान आत्मा को संसार का कुछ दुख अपने भीतर रखना पड़ता है। जो व्यक्ति दूसरों की पीड़ा को अपने हृदय में धारण करके भी मुस्कुराते रहते हैं — वे शिव के अंश हैं। नीलकण्ठ का नाम सुनते ही याद आता है — सबसे बड़ा त्याग, सबसे गहरी करुणा।"
Ganesha and the Devoted Farmer,गणेश और समर्पित किसान,"In a village at the foot of a mountain lived a farmer named Gopal — poor in coin, rich in simplicity. His land was small and stony, his tools were old, and his harvests were modest. But every single morning, before touching his plow, Gopal walked to the small Ganesha temple at the village entrance. He brought whatever he had — usually just a handful of fresh durva grass and, if the week had been good, a single modak. He would bow his head to the stone image, speak softly, and say: ""Ganesha ji, this day is in your hands."" Then he would go to work. His neighbors, men of more ambition and less faith, found this mildly ridiculous.

That year, the rains failed. The river shrank to a trickle. Farmers watched their crops yellow and die under a merciless sun. Arguments broke out over the few remaining wells. By midsummer, the village faced ruin. But in Gopal's small plot, a thin channel of water appeared — emerging from beneath a rock at the corner of his field, flowing just enough to keep his seedlings alive. No one could explain it. His neighbors bent over it, examined the source, found no logical explanation. ""Lucky man,"" they shrugged. Gopal said nothing. He simply went to the temple each morning and placed his durva grass and whatever small sweet he could manage, and spoke his familiar words: ""Ganesha ji, this day is in your hands.""

The following year, a traveling merchant passed through the village and saw the quality of Gopal's grain — grown from that mysteriously nourished soil. He offered a generous price. Gopal, who had never been a shrewd businessman, named a number that was fair — not inflated, not desperate. The merchant agreed immediately, sensing that this was not a man who would trick him. With the money, Gopal did something that surprised everyone: he did not buy new land or better tools. He hired workers to dig a well at the center of the village — accessible to every family, free of charge. He told no one it came from his sale. The well was simply there one morning, with a small Ganesha idol placed beside it.

Years passed. Gopal's hair turned grey. His small plot of land still fed his family. Then his only son fell gravely ill — a fever that would not break, that made the boy's body shake through cold nights. The village physician tried everything and finally shook his head. Gopal walked to the temple that evening — and for the first time in decades, he had nothing to bring. No grass, no sweet, no offering of any kind. He stood before Ganesha's image with empty hands. He bowed his head. ""Ganesha ji,"" he said, very quietly, ""you know."" That night, a stranger appeared at his door — an itinerant herbalist, not from the region, who said he had heard someone in the village was sick. He prepared a medicine from plants that nobody recognized.

Three days later, the boy's fever broke. He sat up, recognized his father, and asked for food. Gopal went to find the herbalist to pay him and thank him properly. The man was gone. The innkeeper at the village's only rest house said he had checked in but never checked out. He simply was not there. Several people had seen him; several more had not. Gopal walked to the temple. He did not say anything complicated. He did not list his gratitude or make new promises. He simply sat down on the stone floor in front of Ganesha's image and stayed there for a long time. The lamp flickered. The evening birds outside called. Gopal breathed.

Gopal's story does not appear in the great puranas or epics. But it does not need to. It is the story that happens in every village, in every generation, in every family that has kept faith through ordinary difficulty. Ganesha is the remover of obstacles — Vighnaharta — and his presence in Hindu life is deliberately approachable. He sits at the entrance of every temple, welcoming you before you reach the inner sanctum. He accepts durva grass when you have no flowers. He accepts an empty hand when you have nothing at all. His teaching is this: you do not need elaborate ritual, perfect pronunciation, or expensive offerings. You need only consistency. A daily bow. A daily remembrance. A daily ""This day is in your hands.""","एक गाँव में एक किसान था — गोपाल। गरीब, सरल, पर गणेश का परम भक्त। हर सुबह वह खेत जाने से पहले गणेश मंदिर जाता, एक दूर्वा और एक मोदक चढ़ाता, और कहता: ""गणेश जी, आज का दिन आपके हाथों में।"" फिर काम पर जाता। उसके पड़ोसी उस पर हँसते थे।

एक वर्ष भयंकर सूखा पड़ा। सभी किसानों की फ़सल जल गई। पर गोपाल के खेत में एक छोटे से स्रोत से पानी आता रहा जिसे किसी ने कभी नहीं देखा था। उसकी फ़सल बची। पड़ोसियों ने सोचा — भाग्य। पर गोपाल जानता था।

दूसरे वर्ष एक व्यापारी गाँव से गुज़रा। उसने गोपाल की फ़सल देखी और बड़ी रकम का प्रस्ताव किया। गोपाल ने उचित मूल्य माँगा — न अधिक, न कम। व्यापारी ने मान लिया। उस धन से गोपाल ने गाँव में एक छोटा कुआँ खुदवाया — सबके लिए।

वर्षों बाद गोपाल का एकमात्र पुत्र बीमार पड़ गया। वैद्य ने हाथ खड़े किए। गोपाल मंदिर गया। इस बार उसके पास दूर्वा भी नहीं थी। वह खाली हाथ गया, सिर झुकाया, और बोला: ""गणेश जी, आप जानते हैं।"" उस रात उसके बेटे को किसी अज्ञात वनस्पति से बनी दवाई मिली — एक अजनबी ने दी।

तीन दिन में बेटा ठीक हो गया। जब गोपाल उस अजनबी को धन्यवाद देने गया — वह जा चुका था। किसी ने उसे देखा था, किसी ने नहीं। गोपाल मंदिर गया। उसने कुछ नहीं माँगा, कुछ नहीं कहा। बस बैठा रहा — गणेश जी के पास। लंबे समय तक।

गोपाल की कथा किसी ग्रंथ में नहीं है। पर हर गाँव में एक गोपाल है। गणेश जी की भक्ति में कोई बड़ा कर्मकांड नहीं चाहिए — केवल प्रतिदिन का स्मरण, केवल हृदय का विश्वास, केवल यह भाव: ""आज का दिन आपके हाथों में।"" वे विघ्नहर्ता हैं — पर उन तक पहुँचने का मार्ग बड़ा सरल है।"
Durga and the Pride of Shumbha,दुर्गा और शुंभ-निशुंभ का अहंकार,"Two brothers — Shumbha and Nishumbha — rose to power in the demon world through a combination of extraordinary tapasya and strategic brilliance. They did not rely on brute force alone. They studied the gods, they understood their weaknesses, they waited. When they finally made their move against heaven, Indra was caught completely unprepared. The gods fled from Shumbha's armies, and for the third time in cosmic history, the devas were homeless. They journeyed to the Himalayas and prayed to the Devi. As they prayed, from the body of Parvati emerged a golden, radiant goddess — Ambika. It was the Devi herself, newly manifest, luminous with the power of all creation. Shumbha heard about this goddess and sent an ambassador with a proposal: marry me.

The Devi's answer to Shumbha's proposal was not an insult — it was a challenge. She said she had made a vow in youth: she would only marry one who could defeat her in battle. If Shumbha or Nishumbha could defeat her, she would go with them willingly. Shumbha was furious. He sent his general Dhumralochana with an army of sixty thousand demons. The Devi destroyed the entire army with a single breath — her warrior form Ambika exhaled, and the demons became ash. Dhumralochana himself she slew with the touch of her bell. The next general, Chanda and Munda, she slew through Kali. Then Raktabija, she neutralized through Kali's extraordinary solution. Shumbha watched general after general fall and finally understood — he would have to face her himself.

Nishumbha fell first — slain in a fierce battle with the Devi's forces. The moment his brother fell, Shumbha's fury reached its zenith. He rose into the sky and flew at the Devi directly, casting mountains at her, hurling divine weapons, shaking the very foundations of the cosmos with his power. The Devi met every weapon with a counter. The sky became a canvas of lightning and fire. She was magnificent — laughing, dancing between weapons, riding her lion with absolute grace. Then Shumbha landed a blow that staggered her. The gods watching from above went silent. Had she been injured? But she only shook her head once — and her laughter returned, deeper and more certain than before.

The battle's final phase began. Shumbha, desperate and brilliant, made one last strategy: he called all the other goddesses — Kali, Brahmani, Vaishnavi, every form that had emerged during the war — back into the Devi's body. Suddenly there were no more divine forces except the one Devi, standing alone. ""Now fight me alone!"" he roared. ""Without your helpers. Without your army. Without your tricks."" The Devi looked at him steadily. ""Where were they ever separate from me?"" she asked. ""All these forms that emerged — Kali, the warrior goddesses, the armies — they were always me. I am the one. There is only ever the one."" Then she raised her trident.

Shumbha charged. The Devi struck him with her trident, and he fell momentarily. As he struggled to rise, she leaped upon him and drove her spear through his chest. As the light faded from his eyes, Shumbha gasped one final question: ""You said you won alone. But it was the gods' weapons, the goddesses, the armies — how can you claim to be one?"" The Devi leaned close. ""I won with all of them because all of them are expressions of the one Shakti that permeates everything. You thought power was yours because you wielded it. But power belongs to no individual. It flows through the worthy. The moment you claimed it as personal — you had already lost.""

Shumbha's defeat was the most philosophically profound of all the Devi's victories. He was not slain for being evil — he was slain for the fundamental spiritual error of believing that power belongs to the individual. This is the teaching at the heart of the Devi Mahatmya: all strength flows from the same source. The sun does not create its own light — it channels what flows through it. The warrior does not generate strength — they become a vessel for the Shakti that permeates all things. Pride is not wrong because it is unpleasant. Pride is wrong because it is a lie — a misidentification of source. When we remember this, we become, like the Devi, instruments of something larger than ourselves.","दो भाई — शुंभ और निशुंभ — घोर तपस्या और रणनीति से असुर जगत में उठे। उन्होंने देवताओं को समझा, उनकी कमज़ोरियाँ पहचानीं, और जब आक्रमण किया — इंद्र पकड़ा गया। देवता तीसरी बार बेघर हुए। वे हिमालय गए और देवी को पुकारा। पार्वती के शरीर से एक सुनहरी देवी प्रकट हुईं — अंबिका। यही देवी थीं, नए रूप में। शुंभ ने सुना और दूत भेजा: मुझसे विवाह करो।

देवी का जवाब अपमान नहीं था — चुनौती थी। उन्होंने कहा: जो मुझे युद्ध में हरा दे, उसी से विवाह करूँगी। शुंभ क्रोधित हुआ। उसने धूम्रलोचन को भेजा साठ हज़ार सेना के साथ। देवी ने एक साँस में सारी सेना राख कर दी। फिर चंड-मुंड गए। फिर रक्तबीज। एक-एक करके सब गिरे। शुंभ को अब समझ आया — उसे स्वयं जाना होगा।

निशुंभ पहले गिरा। उसके गिरते ही शुंभ का क्रोध चरम पर पहुँचा। वह आकाश में उड़ा और सीधे देवी पर टूट पड़ा — पर्वत फेंके, दिव्यास्त्र चलाए। देवी ने हर अस्त्र का उत्तर दिया। आकाश बिजली और अग्नि का रंगमंच बन गया। वह हँसती हुई, नाचती हुई, हर वार को पार करती रहीं। फिर शुंभ का एक प्रहार लगा। देवगण चुप हो गए। पर उन्होंने केवल एक बार सिर हिलाया — और हँसी लौट आई, और गहरी।

युद्ध का अंतिम चरण। शुंभ ने एक आखिरी चाल चली — सभी देवियों को वापस बुला लिया देवी के शरीर में। अब केवल एक देवी अकेली खड़ी थी। ""अब अकेले लड़ो!"" वह चीखा। देवी ने शांत दृष्टि से देखा। ""वे मुझसे अलग कब थीं?"" उन्होंने पूछा। ""काली, योद्धा देवियाँ, सेनाएँ — सब मैं ही थी। एक ही है। हमेशा केवल एक।"" फिर उन्होंने त्रिशूल उठाया।

शुंभ आगे बढ़ा। देवी ने त्रिशूल से प्रहार किया, वह गिरा। जैसे ही वह उठने लगा, देवी ने छलाँग लगाई और भाला छाती में उतार दिया। अंतिम साँस में शुंभ ने पूछा: ""तुमने अकेले जीता? पर देवों के अस्त्र, देवियाँ, सेनाएँ — यह अकेला कैसे हुआ?"" देवी पास झुकीं। ""क्योंकि सब उसी एक शक्ति के रूप हैं जो सर्वत्र है। जिस क्षण तुमने शक्ति को अपनी व्यक्तिगत शक्ति मानी — तुम हार चुके थे।""

शुंभ की पराजय सबसे गहरी दार्शनिक विजय थी। वह बुरा था इसलिए नहीं मारा गया — बल्कि इसलिए कि उसने वह आत्मिक भूल की जो सबसे घातक है: शक्ति को व्यक्तिगत मानना। देवी महात्म्य का सार यही है: सारी शक्ति एक ही स्रोत से बहती है। सूरज अपनी रोशनी नहीं बनाता — वह चैनल है। गर्व बुरा नहीं है क्योंकि वह अप्रिय है — बुरा है क्योंकि वह झूठ है।"
Ardhanarishvara - The Divine Union,अर्धनारीश्वर - दिव्य मिलन,"The sage Bhringi was a devoted worshipper of Shiva — but his devotion carried an unexamined bias. He believed that the masculine principle was superior, that the divine was essentially male, and that Parvati, while respected, was secondary. To demonstrate this, he took the form of a bee so he could fly around only Shiva during pradakshina — the sacred circumambulation — without including Parvati. Around and around Shiva he buzzed, carefully excluding the goddess who sat beside her husband. Parvati watched this unfold and felt not anger, exactly — but a quiet, purposeful resolve. She decided to demonstrate something the sage clearly needed to understand.

Parvati placed her hand in Shiva's and merged into his left side. Not symbolically — actually. Shiva's right side remained as Shiva: matted locks, tiger skin, serpent, third eye, ash-smeared skin, the crescent moon. But his left side became Parvati: lustrous hair adorned with flowers, golden jewelry, silk garments, her gentle expression. The result was Ardhanarishvara — the Lord who is half woman. They were no longer two distinct beings standing beside each other. They were one being, inseparable. Bhringi circled them — and found he could not separate them to circumambulate only the male half. He drilled through, trying to separate them. Parvati smiled. The lesson had begun.

Parvati withdrew her energy from Bhringi alone. Everything in his body that came from the feminine principle — all the soft tissues, the blood, the muscle — departed. Bhringi was left as a skeleton. He collapsed. He could not stand, could not walk, had no strength left. In that sudden vulnerability, the truth arrived with painful clarity: his own mother had given him exactly the parts he had dismissed as inferior. Without the feminine — without Shakti — even the masculine principle has no body to inhabit. The sage lay helpless on the ground, his arrogance dissolved, his understanding finally cracked open. He begged for forgiveness.

The form of Ardhanarishvara is not simply a story about a stubborn sage receiving a lesson in gender equality — though it is that too. At its philosophical core, it describes the fundamental structure of existence. Shiva represents pure consciousness — awareness without form, intelligence without action. Parvati represents Shakti — the energy, the force, the creative power that gives form to awareness. Consciousness alone cannot create. Energy without awareness has no direction. It is only in their union — their absolute inseparability — that the universe is possible. Every birth in nature, every act of creation, every sunrise is Ardhanarishvara happening again.

Parvati looked at the collapsed sage with compassion. His lesson had been severe but effective. She restored him — and gifted him a third leg for support, since he had lost some of the strength that had once held him upright. Bhringi rose, steadied himself, and performed the full pradakshina — around both Shiva and Parvati, honoring the complete divine. His circumambulation was now whole. And perhaps this is why, even today, the most sacred circumambulation in Hindu temples goes around the entire divine form — never separating what is one.

The image of Ardhanarishvara stands in temples across India — one of the most recognizable and philosophically rich forms in all of Hinduism. Half Shiva, half Parvati, exactly equal, inseparable. And the teaching is not only about the cosmic or the divine — it lives in each of us. Every human being carries both the Shiva principle — the still, witnessing, rational, grounding force — and the Shakti principle — the feeling, creative, energetic, expressive force. When we suppress one and glorify the other, we become like Bhringi — unbalanced, falling. Wholeness comes from honoring both: the stillness and the dance, the logic and the love, the mountain and the river.","एक बार ऋषि भृंगी ने निर्णय किया कि वे केवल शिव की परिक्रमा करेंगे — पार्वती की नहीं। उनका मत था कि पुरुष तत्त्व श्रेष्ठ है। उन्होंने मधुमक्खी का रूप लिया और शिव के चारों ओर केवल उनकी परिक्रमा की — पार्वती को छोड़कर। पार्वती रुष्ट हुईं।

पार्वती ने शिव को अपनी ओर खींचा और उनके आधे शरीर में समा गईं। शिव का आधा भाग शिव रहा — जटा, तीसरा नेत्र, सर्प। और आधा  भाग पार्वती — केश, आभूषण, सौंदर्य। वे अर्धनारीश्वर बन गए — आधे नर, आधी नारी। भृंगी ने परिक्रमा जारी रखी — पर अब वे केवल शिव वाले आधे की परिक्रमा नहीं कर सकते थे।

पार्वती ने अपनी शक्ति वापस ली — केवल भृंगी से। भृंगी में जो भी स्त्री-तत्त्व था — रक्त, मांस, अस्थि-मज्जा — वह चला गया। भृंगी केवल हड्डियों का ढाँचा रह गए। वे खड़े भी न हो सके। तब उन्हें समझ आई — उनके शरीर का आधार ही माता से था।

अर्धनारीश्वर रूप का दार्शनिक अर्थ गहरा है। शिव = चेतना (पुरुष तत्त्व)। पार्वती = शक्ति (प्रकृति तत्त्व)। दोनों के बिना सृष्टि असंभव है। चेतना बिना शक्ति के निर्जीव है। शक्ति बिना चेतना के अंधी है। जब दोनों मिलते हैं — सृष्टि होती है, जीवन होता है।

पार्वती ने भृंगी को क्षमा किया। उन्हें तीसरा पैर दिया — स्थिरता के लिए। भृंगी ने तब पूरी परिक्रमा की — शिव और पार्वती दोनों की। उनकी भक्ति अब पूर्ण थी। यह कथा सिखाती है कि सच्ची भक्ति में दोनों तत्त्वों का सम्मान है — न केवल एक का।

अर्धनारीश्वर की मूर्ति आज भी हर शिव मंदिर में मिलती है। यह केवल धार्मिक प्रतीक नहीं — यह हमारे भीतर की पूर्णता का संदेश है। हर मनुष्य में शिव और शक्ति दोनों हैं — तर्क और अनुभूति, स्थिरता और गतिशीलता, ज्ञान और प्रेम। जब हम अपने भीतर दोनों को स्वीकारते हैं — तब हम अर्धनारीश्वर की पूजा सच्चे अर्थों में करते हैं।"
Nandi - The Perfect Devotee,नंदी - परम भक्त की कथा,"The sage Shilada had no children and longed for a son who would not be bound by death. He performed extraordinary tapas for Shiva, eating nothing, standing motionless for years, his mind fixed on the Lord. One day, while plowing his field, a child emerged from the earth itself — luminous, smiling, completely unafraid. The earth had given him what the sky could not. This was Nandi. From his very first breath, the child was different — not merely in the supernatural manner of his birth, but in the quality of his attention. Every time someone spoke of Shiva, Nandi's face transformed completely. He was not interested in power, knowledge, or wealth. He was interested in only one thing.

Nandi grew into a young man of exceptional strength and wisdom, beloved by everyone who met him. Then one day, the divine physicians Mitra and Varuna visited his father Shilada and delivered news that shattered the old sage: Nandi's lifespan was very short. He would not live long. Shilada wept uncontrollably, holding his extraordinary son and lamenting the cruelty of fate. Nandi came to his weeping father and knelt before him. He was not pale with fear. He was not angry. He was calm in a way that made the room itself feel steadier. ""Father,"" he said, ""please don't grieve. Whatever time I have, I will spend in the presence of Shiva. That is enough. That is more than enough.""

Nandi entered the sacred forest and began his tapas. He did not ask for long life. He did not ask for power or position. He did not negotiate with the divine. He simply sat — and loved. His meditation was not an act of control or acquisition; it was complete surrender. He repeated Shiva's name until it was no longer a chant but his own heartbeat. Days dissolved into weeks, weeks into months. His body thinned but his presence expanded. Animals came and sat near him without fear. The trees leaned toward him. Mount Kailash itself seemed to hum with the resonance of his devotion. Then — Shiva appeared.

Shiva stood before Nandi — and the young devotee opened his eyes to the sight that his entire life had been pointing toward. Shiva spoke: ""Nandi. Your devotion is unlike any I have witnessed. Ask for what you desire. I will give you anything."" The most powerful boon in creation was being offered. Long life? Certainly. Invincibility? Yes. The rule of the heavens? Possible. Nandi was quiet for a moment. Then, with complete simplicity: ""Lord, I ask for only one thing. Let me stand at your door. Let me be your gatekeeper — so that I may always be near you."" Shiva's eyes filled with tears.

Shiva granted Nandi everything — immortality, agelessness, the form of the divine bull, and the position that Nandi had asked for: eternal gatekeeper of Kailash. But in truth, Nandi was never merely a gatekeeper. He became Shiva's closest companion, the leader of his divine attendants, the one whose ear Shiva whispered secrets into, the one who was always present. The short life that Mitra and Varuna had prophesied became — through the alchemy of pure devotion — an eternal one. Even today, in every Shiva temple across the subcontinent, Nandi sits facing the Shivalinga — his gaze unwavering, his posture devoted, waiting.

There is a beautiful tradition in Shaivite temples: before approaching the Shivalinga, devotees whisper their wish into Nandi's ear. Not because Nandi has magical powers — but because Nandi is the one who is always listening, always present, always ready to carry your words to the Lord he loves. This simple act contains the whole philosophy of Nandi's life: the one who asks for nothing for themselves becomes the vessel through which grace flows to others. Nandi's story is for anyone who has ever felt that their love was too small to matter, their life too short to be significant. It says: the quality of your devotion — not the quantity of your years — is what the Lord remembers.","नंदी का जन्म ऋषि शिलाद के तपस्या-फल के रूप में हुआ था। शिलाद निःसंतान थे और उन्होंने शिव से पुत्र माँगा जो मृत्यु के भय से मुक्त हो। एक दिन जब वे खेत जोत रहे थे, तो भूमि से एक बालक निकला — दिव्य, तेजस्वी। यही नंदी थे।

नंदी बड़े हुए — बुद्धिमान, शक्तिशाली, पराक्रमी। पर एक दिन देवताओं के वैद्य मित्र-वरुण ने उनके पिता शिलाद को बताया कि नंदी की आयु बहुत कम है — वे अल्पायु हैं। शिलाद रो पड़े। नंदी ने यह सुना और मुस्कुराए। ""पिताजी, रोइए मत। जो भी समय है, मैं उसे शिव की भक्ति में लगाऊँगा।""

नंदी ने शिव वन में जाकर घोर तपस्या की। एकाग्र मन, अनवरत जप, निश्छल प्रेम। उनकी भक्ति में कोई माँग नहीं थी — न लंबी आयु, न शक्ति, न वरदान। केवल एक इच्छा: ""शिव के चरणों में रहना।"" उनकी साधना से कैलाश कंपित हो उठा।

शिव प्रकट हुए — नंदी के सामने। नंदी ने आँखें खोलीं और जो देखा उसे शब्दों में नहीं बाँधा जा सकता। शिव ने कहा: ""नंदी, तुम्हारी भक्ति अद्वितीय है। माँगो — क्या चाहते हो?"" नंदी ने कहा: ""प्रभु, केवल यही — कि आपके द्वार पर सदा खड़ा रहूँ। आपका द्वारपाल बनूँ।"" शिव के नेत्रों में अश्रु थे।

शिव ने नंदी को आशीर्वाद दिया — उन्हें अमर, अजर, और वृषभ स्वरूप प्रदान किया। नंदी कैलाश के द्वारपाल बने — शिव के सबसे प्रिय गण। वे केवल द्वारपाल नहीं — शिव के परम मित्र, परम भक्त, परम सेवक बने। आज भी हर शिव मंदिर में नंदी शिवलिंग की ओर मुख किए बैठे हैं।

जब भी आप किसी शिव मंदिर जाएँ — पहले नंदी के कान में अपनी इच्छा कहें। परंपरा है कि नंदी शिव के सबसे विश्वासपात्र हैं — आपकी बात शिव तक पहुँचाते हैं। नंदी का जीवन सिखाता है: जब हम बिना शर्त के प्रेम करते हैं — तो भगवान खुद हमारे जीवन को अमर बना देते हैं।"
The Rasa Leela — Divine Dance of Love,रास लीला — प्रेम का दिव्य नृत्य,"It was Sharad Purnima — the full moon of autumn, the most luminous night of the year, when moonlight falls on the earth like liquid silver. On the banks of the Yamuna, young Krishna raised his flute and began to play. Not the playful tunes of the afternoon. This was something different — a call that bypassed the ears entirely and went straight to the heart. In homes across Vrindavan, gopis stopped mid-motion. Those who were sleeping opened their eyes. Those who were cooking left their stoves. Some were in the middle of feeding their children. None of it mattered. The music was calling something in them that had waited lifetimes to be called.

When the gopis arrived at the riverbank, they found Krishna standing in the moonlight, smiling at them with an expression that was both welcoming and gently testing. ""Go home,"" he said. ""Your duties are there. Your families are there."" But the gopis, one by one, shook their heads. The boldest among them spoke for all: ""Lord, when your flute called us, every other duty dissolved. You ARE our dharma. You are our home. There is nowhere else to be."" Krishna looked at them for a long moment. Then his smile deepened into something that had no name.

The Rasa began. And Krishna did something that defies ordinary logic: he multiplied himself so that each gopi danced with her own Krishna — not a copy, not a division, but the complete, whole, undivided Krishna, present entirely for each of them simultaneously. Each gopi felt: he is only with me. He sees only me. Every step of the dance was a conversation between the soul and its source. The circle turned. The music rose and fell. The river watched. The moon held still. And for that one night on the banks of the Yamuna, time stopped being time and became something else entirely.

Then, mid-dance, something shifted. A subtle pride crept into some hearts — a thought so quiet it barely felt like a thought: we are the chosen ones. We are the most blessed. We are unlike anyone else. And in that exact moment, Krishna vanished. The music stopped. The dance broke apart. The gopis stood in the sudden silence and looked around — he was gone. The pride was like a cloud that had briefly obscured the sun. They searched. They wept. They called his name. And as the pride dissolved in their grief and longing, Krishna returned. This, too, was part of the teaching.

The Rasa Leela is one of the most misunderstood and most profound stories in all of Hindu tradition. On its surface it is a dance. In its depth it is a map of consciousness. The gopis represent individual souls — jeevatmas. Krishna is the paramatma, the universal soul. The Rasa is the state of complete union, where the individual self forgets its separateness and merges into the divine. The dance does not represent earthly romance — it represents the soul's ultimate homecoming. That night on the Yamuna is not a historical moment. It is an eternal one. It happens in the heart of every devotee who forgets themselves completely in love of God.

The Rasa Leela is the most beloved and most misunderstood story in the Krishna tradition. Understood literally, it is a moonlit dance. Understood philosophically, it is the entire spiritual journey compressed into one night. The gopis are the jivatmas — individual souls. Krishna is the Paramatma — the universal soul. The night is maya — the world of appearances and obligations. The flute's call is divine grace breaking through the noise of ordinary life. And the banks of the Yamuna are where the soul and its source finally meet. Every soul hears that flute at some point in its journey. The question this story asks us is the same question it asked the gopis: when you hear it — do you get up?

Vrindavan is a place on earth — near Mathura, in Uttar Pradesh. But the Rasa Leela is not geographically bound. Wherever a soul breaks free of its conditioning and turns toward the divine with complete love — there is the Rasa. Mirabai danced it in Rajasthan. Tulsidas experienced it in Varanasi. Kabir sang it in a weaver's workshop. And you — when you stand before an image of the divine and for a few moments forget everything else, when you sing a bhajan and the words carry you somewhere beyond your worries — you are on the banks of the Yamuna. You are in the circle. The flute is still playing.","शरद पूर्णिमा की रात — वर्ष की सबसे उज्ज्वल रात। यमुना के तट पर चाँदनी बिछी थी। कृष्ण ने बाँसुरी उठाई और एक ऐसी धुन बजाई जो केवल प्रेमी हृदय सुन सकता था। गोपियाँ अपने-अपने घरों में थीं — कुछ सो रही थीं, कुछ काम कर रही थीं। पर उस धुन ने सबको खींच लिया।

जब गोपियाँ यमुना तट पहुँचीं, उन्होंने कृष्ण को देखा — चाँदनी में, मुस्कुराते हुए। कृष्ण ने उनसे कहा — ""जाओ, घर लौट जाओ। तुम्हारे धर्म यहाँ नहीं हैं।"" पर गोपियाँ बोलीं — ""प्रभु, जब आपकी बाँसुरी बुलाती है, तो घर और धर्म सब आप ही हो जाते हैं।""

रास लीला आरंभ हुई। कृष्ण ने एक अद्भुत चमत्कार किया — प्रत्येक गोपी को लगा कि कृष्ण केवल उनके साथ नृत्य कर रहे हैं। सबके साथ, फिर भी प्रत्येक के साथ अकेले। वृत्त बना, संगीत था, चाँदनी थी — और वह रात समय से बाहर थी।

जब अभिमान आया — जब कुछ गोपियों ने सोचा ""हम धन्य हैं, हमसे बड़ा भक्त कौन?"" — कृष्ण अदृश्य हो गए। रास टूट गया। गोपियाँ रोने लगीं, खोजने लगीं। तब उन्हें समझ आया — कृष्ण की उपस्थिति अहंकार के साथ नहीं रहती। जैसे ही अहं गया, कृष्ण लौटे।

रास लीला का गहरा अर्थ है — यह भौतिक प्रेम नहीं, आत्मा का ईश्वर से मिलन है। गोपियाँ जीवात्माएँ हैं, कृष्ण परमात्मा हैं। यह नृत्य वह अवस्था है जब जीव अपने अहंकार को, अपनी अलगता को भूलकर परमात्मा में समाहित हो जाता है। शरद पूर्णिमा की वह रात आज भी हर ध्यान में जीवित है।

रास लीला केवल एक नृत्य नहीं — यह आत्मा और परमात्मा के मिलन का रूपक है। गोपियाँ जीवात्माएँ हैं। कृष्ण परमात्मा हैं। रात्रि संसार की माया है। बंसी की ध्वनि ईश्वर की पुकार है। और यमुना तट वह स्थान है जहाँ आत्मा अपने स्रोत से मिलती है। प्रत्येक आत्मा को यह पुकार सुनाई देती है — कोई-कोई उठता है।

रास लीला वृंदावन की घटना भले हो — पर उसकी अनुभूति हर युग में, हर देश में होती है। जब भी कोई आत्मा संसार की बाधाओं को पार करके ईश्वर की ओर बढ़ती है — वहाँ रास होता है। मीरा ने रास किया। तुलसीदास ने रास किया। जब भी आप मंदिर में खड़े होते हैं और कुछ पलों के लिए सब भूल जाते हैं — आप रास में होते हैं।"
The Birth of Kali,काली का जन्म,"After the slaying of Mahishasura, the demon world did not surrender — it regrouped. Two new demons, Chanda and Munda, rose to terrorize the heavens with renewed ferocity. The gods once again called upon the Devi, and from her divine brow she created Kali — dark as the deepest night, wild-eyed, wearing a garland of skulls, tongue blazing red, a sword in one hand and a severed demon head in the other. Where Durga was majestic and composed, Kali was untamed — the primordial darkness that predates creation. She was not born angry. She was born necessary. Sometimes the only answer to a darkness that laughs at light is a darkness deeper and more ancient than itself.

Kali swept through Chanda and Munda's armies like a storm through dry leaves. She laughed as she fought — a sound that shook the mountains. When Chanda and Munda themselves came forward, she seized both by their hair and severed their heads in a single stroke. She placed the heads before the Devi Durga as an offering. It was from this deed that she earned the name Chamunda — the slayer of Chanda and Munda. But even then the war was not over. The most terrifying demon still waited — Raktabija, whose name meant ""blood-seed."" Every drop of his blood that touched the ground would sprout a thousand copies of him. He had been impossible to kill for centuries.

The gods threw every weapon at Raktabija. Every wound they inflicted produced ten more of him. The battlefield became a sea of Raktabija clones — thousands, then tens of thousands — each one as powerful as the original. The gods fell back in horror. How do you kill something that grows stronger with every blow? The Devi Durga looked at the battlefield and understood. She called to Kali. ""Open your mouth,"" she said. Kali stretched her mouth impossibly wide — vast as the sky itself — and Durga commanded all the gods to keep wounding Raktabija. But this time, before a single drop of blood could touch the ground, Kali's tongue caught it. She drank every drop. No new demon was born.

Raktabija roared in fury as he felt himself weakening — his power draining with every drop of blood Kali consumed. He swung his mace at her, he screamed, he raged. But Kali was beyond his reach now, beyond his comprehension. She was not a being that could be frightened or bargained with. She was the void that consumes all things and returns them to their source. When the last drop of his blood was drunk and the last of his thousand forms collapsed, Kali stood alone on the silent battlefield. Then she began to dance. Her feet struck the earth with thunderous joy and the mountains shook. The gods watched in awe — but also in fear. The dance was growing more intense, more dangerous.

Kali's victory dance was becoming the Tandava of destruction. The earth cracked. Oceans overflowed their banks. Stars shook loose from their positions. The gods ran to Shiva — only he could stop her. Shiva lay down in Kali's path on the ground. In the frenzy of her dance, Kali stepped on him. The moment her foot touched Shiva's chest, she stopped. She looked down and saw her husband beneath her feet. Her blazing red tongue folded inward with shock and shame. She became still. The dance of destruction ended. In this moment the image of Kali standing on Shiva was born — not a symbol of dominance, but of love that can stop the most unstoppable force in existence.

Kali is worshipped across India — especially in Bengal, Assam, and Kerala — as the ultimate mother, the one who is both terrifying and tender. She wears skulls because she has conquered death. Her tongue is red because she has drunk the blood of demons so you don't have to face them. Her nakedness represents freedom from all illusion. She stands on Shiva because Shakti — divine feminine energy — animates even Shiva himself. Without Shakti, Shiva is Shava — a corpse. The most fierce love is still love. The most terrifying protector is still a mother. That is Kali. That is the Devi. That is the truth she has always carried.","महिषासुर के वध के बाद असुरों ने हार नहीं मानी। चंड और मुंड नाम के दो असुर उठे। देवताओं ने पुनः देवी को पुकारा। देवी के भ्रू-मध्य से काली प्रकट हुईं — कालिमा जैसी काली, खप्परों की माला पहने, लाल जीभ लपलपाती, एक हाथ में खड्ग, दूसरे में कटा हुआ सिर। जहाँ दुर्गा राजसी थीं, काली अदम्य थीं। वे क्रोध से नहीं जन्मीं — वे आवश्यकता से जन्मीं।

काली ने चंड-मुंड की सेना को तूफान की तरह बहा दिया। जब वे स्वयं आए, काली ने दोनों के बाल पकड़े और एक ही झटके में सिर काट दिए। उन्हें दुर्गा के चरणों में रख दिया। इसी से उनका नाम चामुंडा पड़ा। पर युद्ध अभी खत्म नहीं हुआ था। सबसे भयंकर असुर अभी बाकी था — रक्तबीज। उसके रक्त की हर बूँद जो धरती पर गिरती, हज़ार रक्तबीज जन्म लेते। वह सदियों से अजेय था।

देवताओं ने सारे अस्त्र चलाए। हर घाव से दस और रक्तबीज जन्मे। रणक्षेत्र हज़ारों रक्तबीजों से भर गया। देवता पीछे हटने लगे। तब दुर्गा ने काली को देखा। ""मुँह खोलो,"" उन्होंने कहा। काली ने मुँह खोला — आकाश जितना विशाल — और दुर्गा ने देवताओं को घाव देते रहने को कहा। पर अब हर बूँद रक्त, धरती पर गिरने से पहले, काली की जीभ पर आ गिरी। कोई नया असुर नहीं जन्मा।

रक्तबीज क्रोधित हुआ — उसकी शक्ति घट रही थी। उसने गदा चलाई, चीखा, भागा। पर काली अब उसकी पहुँच से परे थीं। जब उसकी अंतिम बूँद पी ली गई और हज़ार रूप ढह गए, काली अकेली रणक्षेत्र में खड़ी थीं। फिर वे नाचने लगीं। उनके पैरों से पृथ्वी हिल उठी। देवता देखते रहे — पर भय भी था। नृत्य तेज़ होता जा रहा था, खतरनाक होता जा रहा था।

काली का नृत्य प्रलय की ताण्डव बनता जा रहा था। धरती दरकने लगी, समुद्र उफनने लगे। देवता शिव के पास भागे। शिव काली के मार्ग में लेट गए। नृत्य के आवेश में काली का पैर शिव की छाती पर पड़ा। वह रुक गईं। नीचे देखा — पति थे। उनकी जीभ लज्जा से भीतर चली गई। विनाश का नृत्य थम गया। यहीं से वह चित्र बना — काली शिव पर खड़ी — प्रभुत्व का नहीं, प्रेम का प्रतीक।

काली की पूजा पूरे भारत में होती है — विशेषकर बंगाल, असम, केरल में। वे खोपड़ियाँ पहनती हैं क्योंकि उन्होंने मृत्यु को जीत लिया है। उनकी जीभ लाल है क्योंकि उन्होंने असुरों का रक्त पिया — ताकि आपको न पीना पड़े। वे शिव पर इसलिए खड़ी हैं क्योंकि शक्ति के बिना शिव शव हैं। सबसे भयंकर प्रेम भी प्रेम है। सबसे भयावह रक्षक भी माँ है। यही काली हैं। यही सत्य है।"
Navratri — The Nine Nights of the Devi,नवरात्रि — देवी की नौ रातें,"Before there were nine nights of Navratri, there was one prayer. The sage Markandeya, deep in the forest, asked his guru why the world suffered even when good people prayed. His guru told him: because we invoke the wrong force at the wrong moment. There is not one Shakti — there are nine. Nine faces of the same divine mother, each embodying a different kind of strength. To navigate life's challenges, you must know which face to call upon. This is why Navratri exists — not as a festival of entertainment, but as a school. Nine nights. Nine teachers. Nine lessons in what true strength looks like.

Night One: Shailaputri — Daughter of the Mountain. She teaches rootedness. Before you can rise, you must know where you stand. Her mount is the bull Nandi; she carries a trident and lotus. She is Parvati in her most elemental form — born of Himalaya himself, the most ancient and immovable thing on earth. When you feel unmoored, when the ground seems to shift under your feet, invoke Shailaputri. She teaches you that your roots are deeper than your fears. Night Two: Brahmacharini — the seeker. She walks barefoot, carrying a rosary and a water pot, performing severe tapasya. She teaches that wisdom is not given — it is earned through sustained, patient effort. She is the form that kept going when everything said stop.

Night Three: Chandraghanta — she who wears the half-moon as a bell. She is the warrior form — ready for battle, riding a tiger, ten arms holding weapons. She teaches courage in the face of direct threat. Night Four: Kushmanda — the creator of the universe. Her smile brought the cosmos into being. She teaches that joy is a creative force, not a reward for hard work. Night Five: Skandamata — mother of Kartikeya, the war god. She holds her infant son with the same arms that hold weapons, because the fiercest warriors are also the most tender parents. She teaches that strength and love are not opposites — they are the same thing expressing itself in two directions.

Night Six: Katyayani — the most fierce warrior form, named for the sage Katyayana whose intense prayers summoned her. She slays the demon Mahishasura in this form. She teaches righteous anger — that there is a time when patience is not a virtue but a failure of duty. Night Seven: Kalaratri — the darkest form. Black-skinned, disheveled hair, fire breathing — she is the destroyer of all darkness and ignorance. She teaches that sometimes you must go into the deepest darkness not to escape it, but to become comfortable enough with darkness that it no longer has power over you. Her name means ""dark night"" — and she is worshipped on the most intense night of Navratri.

Night Eight: Mahagauri — the supremely pure, radiant white as snow or jasmine. After Parvati's years of severe tapasya, Shiva bathed her in the Ganga and she emerged as Mahagauri — all darkness gone, luminous with inner purity. She teaches that no matter how much darkness you have walked through, the light is always recoverable. The purity she represents is not about never having been impure — it is about returning to radiance after the journey. Night Nine: Siddhidatri — the bestower of all eighteen supernatural powers. She sits on a lotus, worshipped even by Brahma, Vishnu, and Shiva. She teaches that the culmination of all spiritual practice is the capacity to give — not to keep power for yourself, but to become a source of it for others.

On the tenth day — Vijayadashami or Dussehra — we celebrate the victory. Not just Rama's victory over Ravana. Not just Durga's victory over Mahishasura. We celebrate the inner victory — the nine lessons learned, nine forms of strength awakened. The person who begins Navratri and the person who ends it are not the same. Because for nine nights they have sat with nine different teachers, each one asking: are you rooted? Are you patient? Are you courageous? Can you find joy? Can you be fierce when needed? Can you sit with darkness? Can you return to light? Can you give what you've learned? If yes — then Vijayadashami is yours. The victory was always internal.","नवरात्रि से पहले एक प्रार्थना थी। ऋषि मार्कण्डेय ने गुरु से पूछा: अच्छे लोगों की पूजा के बावजूद संसार दुखी क्यों है? गुरु ने कहा: क्योंकि हम सही समय पर सही शक्ति नहीं पुकारते। शक्ति एक नहीं है — नौ हैं। एक ही दिव्य माँ के नौ चेहरे, हर एक अलग प्रकार की शक्ति का प्रतीक। इसीलिए नवरात्रि है — मनोरंजन का पर्व नहीं, एक पाठशाला है। नौ रातें। नौ शिक्षक। नौ सबक।

पहली रात: शैलपुत्री — पर्वत की पुत्री। वे जड़ों की शिक्षिका हैं। उठने से पहले जानो — तुम कहाँ खड़े हो। दूसरी रात: ब्रह्मचारिणी — साधिका। वे नंगे पैर चलती हैं, माला और कमंडल लिए। वे सिखाती हैं: ज्ञान दिया नहीं जाता — अर्जित किया जाता है। वे वह रूप हैं जो तब भी चलती रहीं जब सब कुछ रुकने को कहता था।

तीसरी रात: चंद्रघंटा — आधा चंद्रमा धारण किए, युद्ध के लिए तैयार। वे साहस सिखाती हैं। चौथी रात: कूष्मांडा — ब्रह्मांड की रचयित्री। उनकी मुस्कान से सृष्टि बनी। वे सिखाती हैं: आनंद रचना की शक्ति है। पाँचवीं रात: स्कंदमाता — कार्तिकेय की माँ। वे शिशु को और अस्त्र को एक साथ थामती हैं — क्योंकि सबसे शक्तिशाली योद्धा भी सबसे कोमल माता होती है।

छठी रात: कात्यायनी — सबसे उग्र योद्धा रूप। वे सिखाती हैं: न्यायोचित क्रोध भी धर्म है। सातवीं रात: कालरात्रि — सबसे काली। काले शरीर, बिखरे केश, अग्नि श्वास — वे अज्ञान की विनाशिका हैं। वे सिखाती हैं: कभी-कभी अंधेरे में उतरना पड़ता है — भागने के लिए नहीं, बल्कि इतना परिचित होने के लिए कि वह शक्ति खो दे।

आठवीं रात: महागौरी — परम शुद्ध, बर्फ जैसी श्वेत। पार्वती की तपस्या के बाद शिव ने गंगा में स्नान कराया — सारा अंधकार छँट गया। वे सिखाती हैं: चाहे कितना अंधकार चला हो — प्रकाश हमेशा वापस आ सकता है। नवीं रात: सिद्धिदात्री — अठारह सिद्धियों की दात्री। वे सिखाती हैं: सारी साधना का अंतिम फल है — देने की क्षमता। शक्ति को रोकने के लिए नहीं, दूसरों का स्रोत बनने के लिए।

दसवें दिन — विजयदशमी — हम विजय मनाते हैं। राम की नहीं, दुर्गा की नहीं — भीतर की विजय। नौ सबक, नौ शक्तियाँ जागृत। नवरात्रि शुरू करने वाला और समाप्त करने वाला व्यक्ति एक नहीं होता। क्योंकि नौ रातों में नौ शिक्षकों ने पूछा — क्या तुम जड़ हो? क्या तुम साहसी हो? क्या तुम लौट सकते हो प्रकाश में? यदि हाँ — तो विजयदशमी तुम्हारी है।"
How Devi Worship Began,देवी पूजा का उद्गम,"Long before Mahishasura, long before any of the great demon wars, there was a first humbling. Indra sat in his palace in Swargaloka — proud, victorious, surrounded by every luxury the cosmos offered. He had just won a great battle. The musicians played. The apsaras danced. And then a blade of grass drifted into the hall — a simple blade of green grass, floating in the golden air. ""Burn it,"" Indra commanded the god of fire, Agni. Agni stepped forward with his full divine fire — and could not burn it. He tried again. Nothing. The grass floated there, untouched. Something had changed in the universe. Something was present that made all their powers irrelevant.

Vayu, the wind god, was sent next. He could move mountains. He could empty oceans. He blew at the blade of grass with everything he had — and the grass swayed gently, unaffected, as if laughing. The gods looked at each other in bewilderment. Indra himself rose and walked toward the grass — king of the gods, wielder of the thunderbolt, who had defeated thousands of demons. He reached out to crush it. As his hand approached, the grass vanished. And in its place appeared a woman — radiant, blazing, utterly serene. She sat in the air where the grass had been, looking at them with eyes full of love and amusement. ""Who are you?"" Indra asked. ""Who sent you?"" She smiled and said nothing. Then she vanished again, leaving only fragrance.

The gods went to Brahma in confusion. Brahma closed his eyes for a long moment, then opened them with an expression of wonder. ""That was Uma,"" he said. ""Daughter of Himalaya. The Shakti — the primordial feminine power — herself. The victory you thought was yours today was actually hers. She fought beside you invisibly. Every battle you have ever won — she was the power moving through you."" The gods sat in stunned silence. Every war they had been proud of. Every victory they had celebrated with feasts and music. Every time Indra had declared himself the greatest — it had been the Devi's Shakti animating his thunderbolt. The pride drained from them like water from a broken vessel.

Indra and the gods made a decision that changed the cosmos: they would seek her out properly. Not as subjects seeking a favor from a superior. Not as devotees making transactions. But as children who finally understand their mother and want to know her fully. They journeyed to the Himalayas where Uma sat in deep meditation. The mountains themselves seemed to bow as they arrived. They offered flowers, fruits, prayers composed on the spot — imperfect, heartfelt. Uma opened her eyes and looked at them with the same love she had always had, before any of them knew she existed. ""You have always had me,"" she said. ""You simply did not know it. And now that you do — what will you do with that knowledge?""

From that day, the gods established a practice: before any action, any battle, any great undertaking — they would first invoke the Shakti. They would acknowledge that they were not the source of their own power, but instruments of the one great force that flows through all things. This is why every Hindu puja begins with an invocation to Devi. This is why no auspicious event begins without her blessing. Not because she demands worship — but because the act of invocation itself changes the one who invokes. When you acknowledge a power greater than your ego before acting, you become a better instrument. You become capable of things your ego alone could never accomplish.

This is the origin of Devi worship — not in fear, not in transaction, but in the moment when the mightiest beings in all creation said: we cannot do this alone. We never could. We only thought we could. That honest admission — in Sanskrit, sharanagati, complete surrender — is the first and most advanced act of worship. All elaborate rituals, all complex mantras, all beautiful decorations are ultimately just elaborations of that one moment of honesty. The Devi does not need your flowers. She needs your truth. And when she gets it — she gives you everything she has always been giving you, now with your conscious awareness and gratitude. That is what worship is. That is what she is.","महिषासुर से बहुत पहले, एक प्रथम विनम्रता थी। इंद्र अपने स्वर्गलोक में बैठे थे — गर्वित, विजयी। एक युद्ध जीतकर लौटे थे। अप्सराएँ नाच रही थीं। तभी एक घास का तिनका सभा में आ तैरा — सोने की हवा में हरा, सरल। ""इसे जला दो,"" इंद्र ने अग्नि को आदेश दिया। अग्नि आगे बढ़े — और तिनका नहीं जला। फिर प्रयास किया। कुछ नहीं। ब्रह्मांड में कुछ बदल गया था। कोई उपस्थित था जिसके सामने सारी शक्तियाँ अर्थहीन हो गई थीं।

वायु को भेजा गया। वह पर्वत हिला सकते थे। उन्होंने तिनके पर पूरी शक्ति से वायु चलाई — तिनका धीरे से हिला, जैसे हँस रहा हो। इंद्र स्वयं उठे — देवराज, वज्रधारी। हाथ बढ़ाया — और तिनका अदृश्य हो गया। उसकी जगह एक स्त्री थी — दीप्तिमान, शांत, उनकी आँखों में प्रेम और विनोद। ""तुम कौन हो?"" इंद्र ने पूछा। उन्होंने मुस्कुराया। फिर अदृश्य हो गईं — केवल सुगंध छोड़कर।

देवता ब्रह्मा के पास गए। ब्रह्मा ने आँखें बंद कीं, फिर खोलीं — आश्चर्य से भरी। ""वे उमा थीं,"" उन्होंने कहा। ""हिमालय की पुत्री। शक्ति स्वयं। जो जीत आज तुम्हारी लगी — वह उनकी थी। हर युद्ध में वे अदृश्य लड़ीं। जो बिजली इंद्र ने चलाई — उसमें उनकी शक्ति थी।"" देवता स्तब्ध हो गए। जितना गर्व था, टूट गया — जैसे टूटे बर्तन से पानी।

इंद्र और देवताओं ने एक निर्णय लिया: वे उन्हें ठीक से खोजेंगे। लेन-देन के लिए नहीं — बल्कि उस बच्चे की तरह जो माँ को पहचान जाए। वे हिमालय गए। उमा ध्यान में बैठी थीं। उन्होंने फूल, फल, प्रार्थनाएँ अर्पित कीं — अपूर्ण, हार्दिक। उमा ने आँखें खोलीं। ""तुम्हारे पास मैं हमेशा से थी,"" उन्होंने कहा। ""तुम जानते नहीं थे। अब जानते हो — इस ज्ञान से क्या करोगे?""

उस दिन से देवताओं ने एक प्रथा बनाई: किसी भी कार्य से पहले — किसी युद्ध से, किसी महान उद्यम से — पहले शक्ति का आह्वान। यही कारण है कि हर हिंदू पूजा में देवी का आह्वान होता है। इसलिए नहीं कि वे पूजा माँगती हैं — बल्कि इसलिए कि आह्वान का कार्य ही आह्वानकर्ता को बदल देता है। जब आप अहंकार से पहले एक बड़ी शक्ति को स्वीकार करते हैं — आप बेहतर माध्यम बन जाते हैं।

यही देवी पूजा का उद्गम है — भय में नहीं, लेन-देन में नहीं — बल्कि उस क्षण में जब सृष्टि के सबसे शक्तिशाली प्राणियों ने कहा: हम अकेले नहीं कर सकते। शरणागति — पूर्ण समर्पण — यह पहला और सबसे उन्नत आराधना का कार्य है। देवी को फूल नहीं चाहिए — उन्हें आपका सत्य चाहिए।"
Sati and the Fire of Self-Respect,सती और आत्मसम्मान की अग्नि,"Sati was Daksha's most beloved daughter — radiant, devoted, the pride of her father's court. But she fell in love with Shiva, the ascetic who roamed cremation grounds, matted-haired and ash-covered, who owned nothing and needed nothing. Daksha was appalled. In his mind, Shiva was beneath them — uncouth, homeless, without the social standing that a daughter of Prajapati Daksha deserved. But Sati's love was not negotiable. She performed tapasya until Shiva appeared before her, and they were married with all the gods in attendance. For a time, the conflict with Daksha lay dormant. Then Daksha announced a great yajna — a grand sacred fire ceremony — and invited every being of importance in the cosmos. Except Shiva. The omission was deliberate.

Sati learned of the yajna and wanted to attend — not for Daksha's sake, but because she had always loved her childhood home, her sisters, the familiar rituals of her father's court. Shiva gently warned her. ""You have not been invited. Your father does not want us there. If we go uninvited, it will not end well."" But Sati was determined. How could her own father hold a celebration and exclude her? How could family be this severed? She went — alone, without Shiva — full of hope that love would overcome her father's pride. She arrived at the yajna grounds, golden and radiant. Every guest bowed to her. Except Daksha. He looked at his beloved daughter and said words no parent should ever say — a torrent of insults against Shiva, against her choice, against everything she had built her life around.

Sati stood in the middle of the yajna grounds and felt something shift inside her. Not grief — she had expected resistance. Not anger — she was beyond ordinary anger. What she felt was a clarity so absolute it was almost peaceful. She understood, with crystalline certainty, that this body — born from Daksha's lineage — could no longer remain in a place where Shiva was insulted. To stay would be to silently agree. To live in a body that bore Daksha's name while her husband was dishonored was a betrayal of everything she was. She faced her father one last time. ""I am ashamed to carry your name,"" she said quietly. ""This body, born from your family — I return it."" Then she walked to the sacred fire.

Sati stepped into the yajna fire and did not burn — she merged. The flame accepted her completely. There was no violence in it. There was only a return — of Shakti to its source, of divine energy to the formless from which it had briefly taken form. The yajna grounds went silent. Every god and sage present felt the weight of what had happened. Daksha stared at where his daughter had stood. He had won the argument. He had broken his daughter. And in doing so, he had invoked a consequence he could not imagine. The news reached Shiva on Mount Kailash. And then Shiva's grief became the Tandava — a dance of loss so powerful it began to unravel the fabric of creation itself.

Shiva's grief-Tandava threatened to destroy all of creation. Vishnu intervened — sending his Sudarshana Chakra to dismember Sati's body as Shiva carried it, scattering pieces across the land, creating the 51 Shakti Peethas. At each site where a part of Sati's body fell, a great temple arose — and the divine feminine presence settled, rooting itself into the very earth of Bharat. Sati's body had been returned to Daksha, but her Shakti — the divine energy she carried — became distributed across the entire land. She had not been destroyed. She had become the country itself. Every Shakti Peetha is a reminder: the one who is silenced does not disappear. She becomes the very ground you walk on.

Sati was reborn as Parvati — daughter of Himalaya — and through years of patient, devoted tapasya, she won Shiva back. The story completed its arc: love separated by pride was reunited through devotion. But the deeper teaching of Sati's story is this: she did not die because she was weak. She chose to leave a situation where her deepest truth was not honored — and that choice, though it looked like defeat in the moment, became the foundation of 51 sacred sites, the reunification of Shiva and Shakti, and the birth of Parvati. Sometimes the most spiritually advanced act is to refuse to remain where you are not seen. That refusal is not surrender. It is the fiercest form of self-respect.","सती दक्ष की सबसे प्रिय पुत्री थीं — दीप्तिमान, भक्त, पिता के दरबार का गौरव। पर उन्हें शिव से प्रेम हो गया — उस तपस्वी से जो श्मशान में विचरते थे, जटाजूट, भस्मलिप्त, जिनके पास कुछ नहीं था। दक्ष घबरा गए। उनके मन में शिव उनसे नीचे थे। पर सती का प्रेम अटल था। उन्होंने तपस्या की, शिव से विवाह हुआ। फिर दक्ष ने एक महायज्ञ की घोषणा की — सृष्टि के हर महत्वपूर्ण प्राणी को आमंत्रित किया। शिव को छोड़कर।

सती को यज्ञ का पता चला। वे जाना चाहती थीं — बचपन का घर, बहनें, परिचित संस्कार। शिव ने धीरे से कहा: ""हमें आमंत्रित नहीं किया। जाना ठीक नहीं।"" पर सती अटल थीं। वे गईं — अकेली। उम्मीद थी — प्रेम अहंकार पर जीतेगा। वे यज्ञस्थल पर पहुँचीं। हर अतिथि ने प्रणाम किया। दक्ष ने नहीं। उन्होंने शिव के बारे में, सती के चुनाव के बारे में — वे शब्द कहे जो कोई पिता नहीं कहता।

सती यज्ञस्थल के बीच खड़ी थीं। भीतर कुछ बदल गया — दुःख नहीं, क्रोध नहीं — एक ऐसी स्पष्टता जो लगभग शांत थी। उन्होंने समझा: यह शरीर — दक्ष के वंश से जन्मा — उस स्थान पर नहीं रह सकता जहाँ शिव का अपमान हो। रहना मौन स्वीकृति होती। उन्होंने पिता को अंतिम बार देखा। ""मुझे आपका नाम लेने में लज्जा आती है,"" उन्होंने शांति से कहा। ""यह शरीर — आपके वंश का — लौटाती हूँ।"" और वे पवित्र अग्नि की ओर चलीं।

सती यज्ञाग्नि में उतरीं और जली नहीं — विलीन हो गईं। अग्नि ने उन्हें सहर्ष स्वीकार किया। यज्ञस्थल पर सन्नाटा छा गया। दक्ष ने देखा — जहाँ पुत्री खड़ी थी। वे बहस जीत गए थे। पुत्री को तोड़ दिया था। और इसमें एक ऐसे परिणाम को जगा दिया था जिसकी कल्पना भी नहीं थी। समाचार कैलाश पहुँचा। और शिव का शोक ताण्डव बन गया।

शिव का शोक-ताण्डव सृष्टि को नष्ट करने लगा। विष्णु ने सुदर्शन चक्र से सती के शरीर को विभक्त किया — 51 टुकड़े, 51 स्थानों पर गिरे। हर स्थान पर शक्तिपीठ बना। सती का शरीर दक्ष को लौट गया, पर उनकी शक्ति पूरे भारत में बिखर गई। वे नष्ट नहीं हुई थीं — वे धरती बन गई थीं। हर शक्तिपीठ याद दिलाता है: जिसे चुप कराया जाए, वह गायब नहीं होती। वह वह भूमि बन जाती है जिस पर तुम चलते हो।

सती का पुनर्जन्म पार्वती के रूप में हुआ — हिमालय की पुत्री। वर्षों की तपस्या से उन्होंने शिव को पुनः पाया। प्रेम — जो अहंकार से बिछड़ा था — भक्ति से मिला। पर सती की कथा का गहरा सबक यह है: वे कमज़ोरी से नहीं गईं। उन्होंने उस स्थान से जाना चुना जहाँ उनका सत्य सम्मानित नहीं था। वह चुनाव — जो पराजय लगा — 51 शक्तिपीठों की नींव बना। कभी-कभी सबसे उन्नत आत्मिक कार्य यही है: जहाँ देखा न जाए, वहाँ न रहना।"
Hanuman Builds the Bridge to Lanka,हनुमान और राम सेतु,"The time for war had come. Rama's vast army stood at India's southern shore staring across a hundred yojanas of deep, churning sea. Rama sat at the water's edge for three days and nights, calling to ocean god Samudra through deep meditation. The sea did not stir. On the third night, Rama's eyes opened — and they burned with righteous resolve.

Rama stood, lifted the Agni astra and drew his bow until it bent like a crescent moon. The earth groaned. The ocean recoiled. Samudra Dev rose from the waves, hands folded in apology: ""Lord, I cannot change my nature. But among your army, brothers Nala and Nila carry a divine blessing — any stone they touch will float upon my surface. Build your bridge. I will hold it.""

Nala and Nila led hundreds of thousands of monkeys who fanned across forests, uprooting trees and tearing boulders from hillsides. Hanuman moved among them like a force of nature, inscribing each stone with the name ""Ram"" before setting it on the water — and every stone bearing that name floated. Five days. Five nights. Without rest, without complaint. Driven entirely by love.

On the fifth morning the bridge was complete — one hundred yojanas long, ten wide, standing firm against the churning waves. The gods gathered silently in the sky above. Brahma spoke quietly: ""In all my ages of creation I have built many wonders. But this is not my work. This is what happens when the love of a people for their Lord has no limit.""

Rama was first to step onto the bridge. Hanuman walked at his left, close enough to reach out and touch him, watching every step with fierce protective attention. Behind them, the great army streamed across — bears and monkeys in an endless river of devotion, their war cries mixing with the sound of the sea. Hanuman looked back at what they had all built together and felt a pride that had nothing to do with himself.

Ram Setu is spoken of to this day — satellite images still show a chain of ancient submerged stones along its path. The truth of this story does not depend on whether it is history or myth. One man's love for his wife, channeled through an army's devotion, bridged an ocean. Every stone was ordinary. Every hand ordinary. But the name on each stone was not — and that name made all the difference. Whatever ocean stands before you: inscribe His name on each step, and you will find the sea itself holds you up.","लंका पर चढ़ाई का समय आ गया था। राम की विशाल वानर सेना समुद्र के तट पर खड़ी थी। सामने था सौ योजन का अथाह समुद्र। राम तीन दिन और रात समुद्र देव की प्रतीक्षा में बैठे रहे — पर समुद्र नहीं हिला।

राम ने अग्नि बाण उठाया — पृथ्वी काँपी, समुद्र की लहरें पीछे हटीं। समुद्र देव प्रकट हुए: ""प्रभु, वानर नल और नील के हाथों से फेंका पत्थर जल पर तैरेगा। पुल बनाइए — मैं उसे थामूँगा।""

नल-नील के नेतृत्व में लाखों वानरों ने पर्वत उखाड़े, शिलाएँ लाए। हनुमान ने प्रत्येक पत्थर पर ""राम"" लिखा — और वे जल पर तैरने लगे। पाँच दिन-रात अथक परिश्रम से सौ योजन लंबा सेतु बन गया।

पाँचवें दिन की सुबह — सेतु पूर्ण था। सौ योजन लंबा, दस योजन चौड़ा — लहरों पर अडिग। देवता आकाश से देख रहे थे। ब्रह्मा जी बोले: ""यह मेरी सृष्टि का सबसे बड़ा चमत्कार है — पर इसे बनाने वाले मैं नहीं, इनकी भक्ति है।""

राम सबसे पहले सेतु पर चले — हनुमान उनके बाईं ओर, सतर्क और कृतज्ञ। उनके पीछे लक्ष्मण, सुग्रीव, और फिर पूरी सेना। समुद्र की लहरें शांत थीं — जैसे सागर स्वयं राम के चरण स्पर्श की प्रतीक्षा में हो।

यह सेतु आज भी ""राम सेतु"" कहलाता है। इस कथा का सार है — जब लाखों हाथ एक उद्देश्य से उठें और हर पत्थर पर भगवान का नाम हो, तो समुद्र पर पुल बन जाता है। आपके जीवन के किसी भी असंभव सागर पर — बस हर कदम पर उनका नाम लिखते जाइए।"
