Story Title (Hindi),Complete Story Text (Hindi)
माखन चोर की लीला,"गोकुल की हर माँ एक ही शिकायत लेकर यशोदा के पास आती थी — ""तुम्हारे कन्हैया ने फिर मेरा मटका तोड़ा!"" यशोदा सुनती, माफी माँगती, पर मन-ही-मन मुस्कुराती। उनका लाला था ही ऐसा — माखन के लिए कुछ भी।

कृष्ण की टोली की योजना बड़ी सोची-समझी होती थी। जहाँ माखन ऊँचे मटके में छुपाया जाता, वहाँ एक के कंधे पर दूसरा, दूसरे पर तीसरा — मानव-सीढ़ी बनाते। कृष्ण सबसे ऊपर, हाथ मटके में, माखन मुँह में और आँखों में शरारत।

एक दिन यशोदा ने रंगे हाथों पकड़ लिया। कृष्ण के मुख पर माखन लगा था। यशोदा ने पूछा — ""कन्हैया, क्या तूने माखन खाया?"" कृष्ण ने मुँह पोंछते हुए कहा — ""माँ, मैंने नहीं खाया। यह सब बलराम ने लगाया होगा!"" यशोदा हँस पड़ीं — पर फिर नाराज़गी का भाव लाया।

यशोदा ने कृष्ण को बाँधने का निश्चय किया। ऊखल से बाँधा — पर रस्सी हमेशा दो अंगुल छोटी रहती। जितनी रस्सी जोड़ो, उतनी कम। अंत में यशोदा हार गईं — थक गईं। तब कृष्ण ने अनुभव किया — माँ थक गईं, उन्हें चोट पहुँची। और उन्होंने बँध जाना स्वीकार किया।

इसीलिए कृष्ण को ""दामोदर"" कहते हैं — जिसका उदर रस्सी से बँधा। यह केवल बचपन की कहानी नहीं है। इसमें एक गहरा सत्य है — ईश्वर ब्रह्मांड की शक्ति से नहीं बँधता, पर भक्त के प्रेम से बँध जाता है। माखन तो बहाना था — असली बात थी यशोदा का वात्सल्य।

यह लीला आज भी जन्माष्टमी पर मटकी-फोड़ के रूप में मनाई जाती है। लोग एक-दूसरे के कंधों पर चढ़कर ऊँचाई पर टंगी मटकी तोड़ते हैं — कृष्ण की याद में। यह सिखाती है — ईश्वर का सबसे प्रिय रूप वह है जब वह हमारे बीच आकर हमारी तरह खाता है, हँसता है, और हमें प्रेम करता है।"
,
,
,
कालिया नाग दमन,"यमुना नदी के एक कुंड में कालिया नाग रहता था — जिसके विष से यमुना का पानी काला और जहरीला हो गया था। कुंड के पास के वृक्ष मर चुके थे। पक्षी उस दिशा में उड़ते नहीं थे। गोकुल के लोग भयभीत थे — ""न जाओ उस तट पर।""

एक दिन कृष्ण और उनके साथी यमुना के तट पर खेल रहे थे। गेंद कालिया के कुंड में जा गिरी। कृष्ण ने एक पल भी नहीं सोचा — एक ऊँचे कदंब के वृक्ष पर चढ़े और कुंड में छलाँग लगा दी। साथियों के मुँह से चीख निकल गई।

कालिया ने कृष्ण को अपनी कुंडलियों में जकड़ लिया। तट पर खड़े साथी और यशोदा-नंद रोने लगे। पर कृष्ण के होंठों पर मुस्कान थी। अचानक उनका शरीर विशाल होने लगा — कालिया की पकड़ ढीली पड़ने लगी। कृष्ण कालिया के फनों पर चढ़ गए।

कालिया के फनों से रक्त बहने लगा। उसकी पत्नियाँ — नाग-कन्याएँ — बाहर आईं और कृष्ण के चरणों में गिर पड़ीं: ""प्रभु, इसे क्षमा करें। यह अज्ञानी है। इसे जीवनदान दें।"" कृष्ण रुके। उन्होंने कालिया को देखा — अब उसमें अहंकार नहीं था, केवल पीड़ा थी।

कृष्ण ने कालिया को क्षमा किया और आदेश दिया — ""अब तुम इस यमुना में नहीं रह सकते। रमणक द्वीप जाओ। और मेरे पदचिह्न तुम्हारे फनों पर सदा रहेंगे — गरुड़ तुम्हें नहीं छुएगा।"" कालिया ने सिर झुकाया और यमुना छोड़ दी। नदी फिर से स्वच्छ, नीली, पवित्र हो गई।

यह कथा केवल नाग के दमन की नहीं है। यह सिखाती है — भीतर का कालिया हमारा अहंकार है। वह हमारी आत्मा की नदी को विषाक्त करता है। कृष्ण हमारे अंदर आकर उस पर नृत्य करते हैं — और जब हम झुक जाते हैं, हमें निष्कासित नहीं करते, क्षमा करते हैं।"
कृष्ण ने गोवर्धन पर्वत उठाया,"गोकुल में इंद्र की पूजा की परंपरा थी। हर वर्ष वर्षा के लिए इंद्र को प्रसन्न करने हेतु बड़ा यज्ञ होता। एक बार कृष्ण ने नंद बाबा से पूछा — ""हम गोवर्धन पर्वत की पूजा क्यों नहीं करते? वही हमें चारा देता है, जल देता है, छाया देता है।""

नंद बाबा चौंके। पर कृष्ण के तर्क में दम था। गोकुल ने इंद्र यज्ञ छोड़ गोवर्धन पूजा आरंभ की। इंद्र को यह अपमान लगा। उन्होंने अपने बादलों को आदेश दिया — ""गोकुल को डुबो दो।"" मूसलाधार वर्षा शुरू हुई — ऐसी जो पहले कभी नहीं देखी थी।

गोकुल के लोग घबराए। पशु, बच्चे, बूढ़े — सब भीग रहे थे। तब कृष्ण आगे आए। उन्होंने एक हाथ से गोवर्धन पर्वत उठा लिया — जैसे कोई छाता उठाता हो — और गोकुलवासियों से कहा: ""आओ, इसके नीचे आ जाओ।""

सात दिन और सात रात कृष्ण ने गोवर्धन थामे रखा। सारे गोकुलवासी, उनके पशु, सब उसके नीचे सुरक्षित थे। इंद्र की वर्षा जारी रही — पर एक बूँद भी नीचे नहीं आई। सातवें दिन इंद्र थक गए। उन्होंने बादल वापस बुलाए।

इंद्र अपने ऐरावत पर उतरे और कृष्ण के चरणों में झुके। ""प्रभु, मैंने अपनी भूल की। मैं नहीं जानता था आप कौन हैं।"" कृष्ण ने इंद्र को क्षमा किया और गोवर्धन को धीरे-धीरे वापस उसी स्थान पर रख दिया। फिर गोकुलवासियों से कहा — ""अब सब सामान्य है। घर जाओ।""

यह कथा हमें सिखाती है — अहंकार, चाहे इंद्र जैसे शक्तिशाली का हो, टिकता नहीं। और जो ईश्वर की शरण में है — उसे किसी और की शरण की ज़रूरत नहीं। गोवर्धन आज भी है। उस पर कृष्ण के हाथ की छाप आज भी है — जो याद दिलाती है: जब आप उनकी शरण लेते हैं, वे पर्वत बनकर आपकी रक्षा करते हैं।"
परीक्षण कथा,
सीता हरण,"पंचवटी का वन — नासिक के पास, गोदावरी के तट पर। राम, सीता और लक्ष्मण की वन-कुटिया यहाँ थी। वनवास के तेरह वर्ष बीत चुके थे — शांत, साधारण, संतुष्ट। पर उसी वन में रावण की बहन शूर्पणखा विचरती थी। उसने राम को देखा और मोहित हो गई। राम ने अस्वीकार किया। तब उसने सीता पर आक्रमण किया। लक्ष्मण ने उसकी नाक काटी।

रावण ने अपनी बहन की दशा देखी और प्रतिशोध की आग भड़क उठी। पर उसके मन में सीता की छवि भी बस गई — जो शूर्पणखा ने बताई थी। उसने मारीच को बुलाया — ""तुम सोने का हिरण बनो।"" मारीच ने मना किया — ""यह विनाश का मार्ग है।"" रावण ने धमकाया। और मारीच मर जाना पसंद करता था रावण के हाथों नहीं — तो वह सहमत हो गया।

सोने का हिरण आया — अद्भुत, चमकता, लुभावना। सीता मोहित हो गईं: ""राम, यह हिरण चाहिए।"" राम जानते थे — कुछ गड़बड़ है। पर सीता की इच्छा। वे गए। लक्ष्मण को आदेश: ""सीता की रक्षा करो।"" दूर जाकर राम ने बाण चलाया। मारीच मरते हुए चिल्लाया — ""हा सीते! हा लक्ष्मण!"" राम की आवाज़ में।

सीता ने आवाज़ सुनी — राम की। घबराकर लक्ष्मण को भेजा। लक्ष्मण ने मना किया — ""यह माया है।"" सीता ने कहा: ""जाओ — वरना मैं प्राण दे दूँगी।"" लक्ष्मण ने लक्ष्मण रेखा खींची। ""इसे पार मत करना।"" और चले गए। तब रावण आया — एक भिक्षु के वेश में। ""भिक्षां देहि।"" सीता ने भिक्षा देने के लिए कदम आगे बढ़ाया।

भिक्षु का रूप हटा — रावण खड़ा था। दस सिर, बीस भुजाएँ, सोने का मुकुट। सीता ने पुकारा — पर राम दूर थे। जटायु — गिद्धराज — ने रावण का मार्ग रोका। बूढ़ा पक्षी रावण से लड़ा — जब तक उसके पंख न कट गए। रावण सीता को लेकर आकाश में उड़ा — और सीता फूल गिराती गईं — राम के लिए।

राम वापस आए — कुटिया खाली थी। उनका विलाप उस वन में गूंजा जैसे किसी साधारण मनुष्य का — ""सीता... सीता...!"" यह अवतार का दर्द था। उन्होंने जटायु को मरते हुए पाया। जटायु ने बताया — दक्षिण की ओर। राम ने उन्हें अपने पिता की तरह अंत्येष्टि दी। और फिर दक्षिण की ओर चले। यह कथा कहती है — सबसे बड़ा परीक्षण तब आता है जब सबसे प्रिय खो जाता है। और सबसे बड़ी शक्ति तब दिखती है जब हम फिर भी चलते रहते हैं।"
रावण वध,"रामसेतु पार करके राम की सेना लंका के द्वार पर खड़ी थी। रावण ने विभीषण को राज्य से निकाला था — और विभीषण राम की शरण में आ गए थे। सुग्रीव ने पूछा: ""क्या इस पर विश्वास करें?"" राम ने कहा: ""जो भय छोड़कर मेरी शरण आए — मैं उसे कभी नहीं लौटाता।""

युद्ध आरंभ हुआ। रावण के महायोद्धा एक-एक गिरे। इंद्रजीत ने ब्रह्मास्त्र से लक्ष्मण को घायल किया — लक्ष्मण मूर्छित हो गए। राम विलाप करने लगे। हनुमान ने संजीवनी पर्वत उठाया, लक्ष्मण जीवित हुए। कुंभकर्ण जागा — विशाल, भयंकर। पर राम के बाण से वह भी गिरा। इंद्रजीत का अंत लक्ष्मण ने किया।

रावण स्वयं रणभूमि में उतरा। दस सिर, बीस भुजाएँ, चमकता कवच। राम के बाण उसके सिर काटते — नए सिर उग आते। राम ने सोचा। तब अगस्त्य मुनि प्रकट हुए — ""आदित्य हृदयम्।"" सूर्य स्तोत्र। राम ने तीन बार पाठ किया। उनके भीतर एक अलग ऊर्जा जागी। वे जानते थे अब — कहाँ प्रहार करना है।

विभीषण ने बताया था — रावण की नाभि में अमृत है। वहाँ बाण लगे तो ही वह मरेगा। राम ने ब्रह्मास्त्र उठाया — अगस्त्य मुनि द्वारा दिया गया दिव्य बाण। उस बाण में वायु था, अग्नि था, सूर्य का तेज था, पर्वतों का भार था। राम ने प्रत्यंचा खींची। पूरा आकाश स्तब्ध हो गया।

बाण छूटा। सीधा रावण की नाभि में। रावण गिरा — जैसे कोई महापर्वत धराशायी होता है। उसके दस सिर शांत हो गए। उसका तेज — वह ज्ञान, वह शक्ति, वह अभिमान — एक प्रकाश बनकर राम के चरणों में समा गया। देवता फूल बरसाने लगे। सीता अशोक वाटिका से मुक्त हुईं। राम ने विभीषण को लंका का राजा बनाया।

रावण के पतन से एक प्रश्न उठता है — वह तो महापंडित था, वेदों का ज्ञाता, शिव भक्त। फिर क्यों मारा गया? क्योंकि ज्ञान बिना विनम्रता के अहंकार बन जाता है। शक्ति बिना संयम के विनाश बन जाती है। रावण के पास सब कुछ था — पर वह ""नहीं"" सुनना नहीं जानता था। और जो ""नहीं"" नहीं सुनता, वह एक दिन राम का सामना करता है।

रावण वध विजयादशमी पर मनाया जाता है — दशहरा। पूरे भारत में रावण के पुतले जलाए जाते हैं। पर यह उत्सव केवल एक दानव के अंत का नहीं — यह हमारे भीतर के अहंकार, क्रोध, और अधर्म को जलाने का संकल्प है। जब रावण का पुतला जले — तो उसके साथ अपने भीतर का एक दोष भी जलाएँ। यही दशहरे का असली अर्थ है।"
शिव-पार्वती विवाह,"देवी सती की मृत्यु के बाद शिव वैरागी हो गए। वे हिमालय की गुफाओं में समाधि में लीन हो गए — न खाना, न पानी, न संसार की चिंता। तब असुर तारकासुर ने ब्रह्मा से वरदान माँगा — ""केवल शिव-पुत्र ही मुझे मार सके।"" उसे विश्वास था — वैरागी शिव का पुत्र कभी नहीं होगा।

हिमालय-पुत्री पार्वती, देवी सती का ही पुनर्जन्म थीं — पवित्र, दिव्य, अनंत प्रेम से भरी। उन्होंने शिव को प्रेम किया — न शक्ति के लिए, न वरदान के लिए, केवल इसलिए कि वे शिव थे। उन्होंने उनकी सेवा का निश्चय किया। वे प्रतिदिन उनकी गुफा के पास फूल चढ़ातीं, साफ़ करतीं, प्रार्थना करतीं। शिव की समाधि न टूटी।

देवताओं ने कामदेव को भेजा — प्रेम के देवता — शिव की समाधि तोड़ने के लिए। कामदेव ने फूलों का बाण चलाया। शिव की आँखें खुलीं — तीसरा नेत्र। एक ज्वाला निकली और कामदेव भस्म हो गए। देवता भयभीत हुए। पर शिव ने पार्वती को देखा — शांत, समर्पित, निष्काम। उनका क्रोध शांत हुआ।

पार्वती ने तब कठोर तपस्या का संकल्प लिया। उन्होंने फल-फूल खाना छोड़ा, पत्ते खाए, फिर वे भी छोड़ दिए। ""अपर्णा"" — बिना पत्तों वाली — वे कहलाईं। उनकी तपस्या से तीनों लोक गर्म होने लगे। तब शिव प्रकट हुए — एक वृद्ध ब्राह्मण के रूप में — पार्वती की परीक्षा लेने।

वृद्ध ब्राह्मण का रूप विलुप्त हुआ — और सामने खड़े थे स्वयं महादेव। पार्वती की तपस्या पूरी हुई। शिव ने उनका हाथ माँगा। हिमालय और मेनका की सहर्ष स्वीकृति मिली। विवाह का उत्सव तीनों लोकों में मनाया गया। शिव का दुकूल-वेश, जटाओं में गंगा, गले में नाग, माथे पर चंद्रमा — पार्वती ने उन्हें वैसे ही स्वीकार किया।

शिव-पार्वती का विवाह केवल एक कथा नहीं — यह एक संदेश है। पार्वती ने सिखाया: प्रेम में कोई शर्त नहीं होती। प्रतीक्षा में शक्ति होती है। निष्काम भक्ति कभी व्यर्थ नहीं जाती। और शिव ने सिखाया: कितने भी घाव हों, प्रेम की वापसी संभव है। जो जोड़ी कैलाश पर विराजमान है — वह संसार को सिखाती है कि प्रेम, शक्ति, और वैराग्य एक साथ हो सकते हैं।"
नटराज का ब्रह्मांडीय नृत्य,"एक बार तिलवनम के जंगल में कुछ अहंकारी ऋषि रहते थे जो समझते थे कि वेद-मंत्रों से ही सारी शक्ति मिलती है — ईश्वर की कृपा बिना भी। उन्होंने यज्ञ और तंत्र से जो चाहा प्राप्त किया। उनका अहंकार बढ़ता गया। तब एक दिन उनके जंगल में एक भिखारी आया — रूखे बाल, राख लिपा शरीर, मुस्कुराता चेहरा।

ऋषियों ने यज्ञकुण्ड से एक भयंकर व्याघ्र उत्पन्न किया और उस भिखारी पर छोड़ा। भिखारी ने मुस्कुराते हुए बाघ को पकड़ा और उसकी खाल उतारकर अपने कंधे पर ओढ़ ली। ऋषियों ने एक विषधर सर्प उत्पन्न किया — भिखारी ने उसे गले में माला की तरह पहन लिया। तब उन्होंने एक बौना राक्षस — अपस्मार — भेजा।

भिखारी के पैर ने अपस्मार को एक क्षण में दबा दिया — और फिर वह नृत्य करने लगा। पर यह कोई साधारण नृत्य नहीं था। आकाश में तारे थमे, देवता झुके, पृथ्वी काँपी — और उस भिखारी के चारों ओर ज्वाला का एक वृत्त प्रकट हुआ। तब ऋषियों ने देखा — यह भिखारी नहीं, स्वयं महादेव थे।

नटराज के नृत्य के पाँच अर्थ हैं — पाँच कार्य: सृष्टि (दमरू की ध्वनि), स्थिति (अभय मुद्रा), संहार (अग्नि), तिरोभाव (माया का आवरण), और अनुग्रह (मुक्ति का मार्ग)। उनके पैर के नीचे अपस्मार — अज्ञान और अहंकार का दानव — दबा है। यह मुद्रा कहती है — ज्ञान के प्रकाश में अज्ञान का कोई स्थान नहीं।

ऋषि अब जान चुके थे — शक्ति केवल मंत्रों में नहीं, भक्ति में है। वे शिव के चरणों में गिरे। महादेव ने उन्हें उठाया। उनका क्रोध नहीं था — केवल करुणा। उन्होंने ज्ञान दिया: ""मंत्र साधन है, प्रेम साध्य है। अनुष्ठान रास्ता है, अनुभव मंज़िल है।""

आज चिदंबरम का नटराज मंदिर उसी स्थान पर है जहाँ यह नृत्य हुआ था। नटराज की मूर्ति संसार की सबसे प्रसिद्ध मूर्तियों में से एक है — CERN के भवन के बाहर भी नटराज की मूर्ति है, क्योंकि वैज्ञानिक उसमें ब्रह्माण्ड की गति का सत्य देखते हैं। जो शिव ने उस जंगल में सिखाया — विज्ञान भी आज वही खोज रहा है।"
अयोध्या वापसी,"चौदह वर्ष। तीन वर्ष वन में, दस वर्ष कठिनाइयों में, एक वर्ष युद्ध में। और अब — पुष्पक विमान पर, सीता के साथ, लक्ष्मण के साथ, हनुमान के साथ — राम अयोध्या लौट रहे थे। नीचे से वे देख सकते थे — सरयू नदी, वे राजपथ, वे महल। राम की आँखें भर आईं।

अयोध्या को पता था। भरत ने हर दिन प्रतीक्षा की थी — राम की खड़ाऊँ सिंहासन पर रखकर, स्वयं तपस्वी की भाँति। जिस दिन उन्हें संदेश मिला — भरत दौड़े। नंदिग्राम से अयोध्या की ओर। नगरवासी दौड़े। माताएँ दौड़ीं। और जब पुष्पक विमान उतरा — पूरी अयोध्या एक साथ रोई और हँसी।

उस रात अयोध्या में दीप जले — हर घर में, हर गली में, हर छत पर। जहाँ तक दृष्टि जाए — प्रकाश ही प्रकाश। राम आए हैं — यह समाचार दीपों की भाषा में पूरी धरती को बताया गया। यही दीपावली का जन्म था — प्रकाश का वह उत्सव जो तब से हर वर्ष, उसी स्मृति में मनाया जाता है।

राज्याभिषेक हुआ — वह जो चौदह वर्ष पहले नहीं हो सका था। राम राजा बने। सीता रानी। लक्ष्मण युवराज। हनुमान... हनुमान ने कोई पद नहीं माँगा। वे बस वहाँ थे — राम के पास। और राम राज्य आरंभ हुआ — वह शासन जिसे आज भी न्याय का आदर्श कहा जाता है।

दीपावली पर आज भी जब दीप जलाए जाते हैं — तो वे सिर्फ रोशनी के लिए नहीं। वे एक स्मृति हैं। उन नागरिकों की जिन्होंने अपने राजा की राह देखी। उस भरत की जिसने राज-सत्ता खड़ाऊँ को सौंप दी। उस हनुमान की जो पूरे रास्ते साथ रहे बिना कुछ माँगे। उस सीता की जो संकट में भी अपनी गरिमा न खोईं। और राम की — जिन्होंने वन को भी राजपथ की तरह चला।

""राम"" — यह केवल एक नाम नहीं। यह एक जीवन जीने का तरीका है। जब ""र"" और ""म"" के बीच ""आ"" आता है — वह खुला स्वर है, निर्बाध, मुक्त। राम का नाम लेते ही हृदय खुलता है। इसीलिए यह सबसे सरल मंत्र भी है और सबसे गहरा भी। अयोध्या के दीप आज भी जलते हैं। राम आज भी लौटते हैं — हर उस हृदय में जो उनके लिए दरवाज़ा खोलता है।"
गणेश और चंद्रमा का उपहास,"एक रात गणेश बहुत सारे मोदक खाकर अपने मूषक पर सवार होकर घर लौट रहे थे। रास्ते में एक सर्प देखकर मूषक डर गया, और गणेश गिर पड़े। उनके पेट से मोदक बिखर गए। गणेश ने उन्हें वापस उठाया और पेट दबाकर उस सर्प को कमरबंद बना लिया। आकाश में चंद्रमा यह देख रहा था।

चंद्रमा ने यह दृश्य देखा और ठहाका लगाया। वे हँसते रहे — हाथी के सिर वाला देवता, गिरा, मोदक बिखरे, सर्प को बेल्ट बनाया। उन्हें बड़ा मज़ा आया। उनकी हँसी आकाश में गूँजती रही। गणेश ने ऊपर देखा। उनकी आँखों में आहत गरिमा थी — पर वे क्रोध से नहीं, दुःख से देख रहे थे।

गणेश ने चंद्रमा को श्राप दिया: ""तुमने मेरे रूप का उपहास किया। आज से तुम्हारी चाँदनी देखने वाले पर कलंक लगेगा। तुम्हारी कलाएँ घटेंगी और बढ़ेंगी — कभी पूर्ण नहीं रहोगे।"" चंद्रमा का प्रकाश तत्काल फीका पड़ गया। सम्पूर्ण सृष्टि अंधकार में डूब गई।

देवताओं ने गणेश से विनती की। चंद्रमा ने अपनी भूल स्वीकार की और क्षमा माँगी। गणेश ने श्राप को पूरी तरह नहीं हटाया — पर नरम किया: ""गणेश चतुर्थी की रात तुम्हें देखना वर्जित है। बाकी समय तुम्हारी चाँदनी से जगत आलोकित होगा।""

यही कारण है कि गणेश चतुर्थी पर चंद्रमा नहीं देखते। यदि भूल से देख लिया तो श्रीमद्भागवत की कथा सुनने से दोष कटता है। इस कथा का गहरा संदेश है — किसी के रूप, आकार या परिस्थिति का उपहास करना सबसे निम्न कार्य है। गणेश का स्वरूप असाधारण है — और इसीलिए वे विघ्नहर्ता हैं, क्योंकि उन्होंने स्वयं विघ्न झेले हैं।

चंद्रमा ने गणेश से क्षमा माँगी। उसने माना — सुंदरता की जो प्रतिभा उसे मिली है, वह किसी की हँसी उड़ाने के लिए नहीं। गणेश ने उसे क्षमा किया और शाप में संशोधन किया। पर वह एक रात — गणेश चतुर्थी — आज भी याद करने के लिए बची।

आज भी गणेश चतुर्थी की रात को चंद्रमा देखना वर्जित है। यदि भूलवश देख लें तो श्री कृष्ण की शरण लें — वे इस शाप से रक्षा करते हैं। इस कथा का सार है: ईश्वर के स्वरूप में कभी दोष न देखें — क्योंकि जो देखता है, वह केवल अपनी संकुचित दृष्टि को दर्शाता है।"
दीवाली पर लक्ष्मी,"दीपावली की रात — वह रात जब करोड़ों घरों में दीप जलते हैं, जब आकाश रोशन हो जाता है, जब लक्ष्मी की पूजा होती है — क्या आप जानते हैं इस रात का असली रहस्य क्या है? यह केवल राम के लौटने की खुशी नहीं है। इस रात का एक और, और भी गहरा सन्देश है। लक्ष्मी स्वयं इस रात विशेष यात्रा पर निकलती हैं — मृत्युलोक में, हम सबके बीच। वे एक-एक घर में झाँकती हैं। और जहाँ जाती हैं, वहाँ जाने का कारण उनके पास होता है।

पुराणों की कथा है — कार्तिक अमावस्या की रात, जब चाँद भी नहीं होता, लक्ष्मी पृथ्वी पर उतरती हैं। वे हर घर के द्वार पर आती हैं। लेकिन वे हर घर में प्रवेश नहीं करतीं। वे देखती हैं — घर की साफ-सफाई, घर का वातावरण, और सबसे महत्वपूर्ण — घर के लोगों का भाव। जिस घर में स्वच्छता है, जिसमें प्रेम है, जिसमें परिश्रम की खुशबू है — वहाँ लक्ष्मी प्रवेश करती हैं और आशीर्वाद देती हैं। इसीलिए दीपावली से पहले घर साफ किए जाते हैं — ताकि देवी को निमंत्रण मिले।

एक छोटी सी कहानी है जो माताएँ बच्चों को सुनाती हैं। एक धोबी का घर था — छोटा, मिट्टी का, सादा। लेकिन उसकी पत्नी ने दीपावली की रात घर को साफ करके दीप जलाए। उनके पास चाँदी-सोने के दीपक नहीं थे — मिट्टी के दीपक थे। उनके पास महंगा तेल नहीं था — सरसों का तेल था। लेकिन उनका भाव शुद्ध था। उस रात लक्ष्मी उनके घर आईं। सुबह जब धोबी उठा, तो घर के एक कोने में सोने के सिक्के मिले। पड़ोसी के बड़े महल में कुछ नहीं था।

लेकिन दीपावली की रात का एक और पहलू है — जो अक्सर भुला दिया जाता है। यह रात केवल लक्ष्मी की नहीं, काली की भी है। इसी रात बंगाल में काली पूजा होती है। यह विरोधाभास नहीं है — यह सत्य है। लक्ष्मी जहाँ समृद्धि का प्रतीक हैं, काली वहाँ भय और अज्ञान का नाश करती हैं। अमावस्या की अंधेरी रात में एक तरफ लक्ष्मी के दीप हैं, दूसरी तरफ काली का अंधकार-नाश। दोनों एक ही सच्चाई के दो रूप हैं — प्रकाश तभी अर्थपूर्ण है जब अंधकार हो।

दीपावली का एक और गहरा आयाम है — इस रात राम अयोध्या लौटे थे। चौदह साल के वनवास के बाद। अयोध्यावासियों ने उनका स्वागत दीपों से किया। लेकिन इसका अर्थ केवल एक राजा का लौटना नहीं है। राम धर्म के प्रतीक हैं — और धर्म के लौटने पर लक्ष्मी का आगमन स्वाभाविक है। जहाँ धर्म है, वहाँ समृद्धि है। यही कारण है कि दीपावली की रात में राम, सीता, लक्ष्मी, और काली — सब एक साथ हैं। यह रात सम्पूर्णता की रात है।

तो इस दीपावली, जब आप दीप जलाएँ — याद रखें कि आप केवल एक परंपरा नहीं निभा रहे। आप लक्ष्मी को निमंत्रण दे रहे हैं। आप काली के अंधकार-नाश की साक्षी बन रहे हैं। आप राम के धर्म की वापसी का उत्सव मना रहे हैं। वह छोटा मिट्टी का दीपक — उसमें जो लौ है, वह ब्रह्म की ज्योति है। और जो घर उस लौ को जलाए रखता है — वहाँ लक्ष्मी रुकती हैं। सदा के लिए नहीं — लेकिन उतनी देर जितनी देर भाव शुद्ध रहे।"
वेदों की माता,"ज्ञान का सबसे पवित्र रूप क्या है? यह प्रश्न जब ऋषियों ने पूछा, तो उत्तर आया — वेद। और वेदों की माता कौन? सरस्वती। इस कथा का आरंभ उस युग से होता है जब ज्ञान केवल ध्यान में था — किसी भाषा में नहीं, किसी लिपि में नहीं। ऋषि बैठते, ध्यान करते, और कभी-कभी कुछ सुनाई देता — एक ध्वनि, एक सत्य, एक अनुभव। लेकिन उसे शब्दों में कैसे उतारें? यही वह प्रश्न था जिसने सरस्वती को वेदों की माता बनाया।

सरस्वती ने सबसे पहले वाणी की रचना की — वह शक्ति जिससे विचार शब्द बन सके। संस्कृत भाषा का जन्म हुआ — एक ऐसी भाषा जिसमें हर ध्वनि का एक अर्थ है, हर अक्षर एक शक्ति है। सरस्वती ने ऋषियों को यह भाषा सिखाई। और फिर ऋषियों ने ध्यान में जो सुना, उसे इस भाषा में उतारा। इस प्रक्रिया को कहते हैं — श्रुति। जो सुना गया। वेद मनुष्य ने नहीं लिखे — वेद सुने गए। सरस्वती उस सुनने की शक्ति थीं।

चार वेद हैं — ऋग्वेद, सामवेद, यजुर्वेद, और अथर्ववेद। सरस्वती ने इन चारों को अलग-अलग रूप दिए। ऋग्वेद — मंत्रों का संग्रह, देवताओं की स्तुति। सामवेद — संगीत का वेद, मंत्रों को राग में गाने की विधि। यजुर्वेद — यज्ञ की विधि, क्रिया का ज्ञान। अथर्ववेद — जीवन के व्यावहारिक ज्ञान का वेद, आयुर्वेद और ज्योतिष का आधार। ये चार वेद जीवन के चार आयाम हैं — भक्ति, कला, कर्म, और विज्ञान।

एक बार एक युवा शिष्य ने गुरु से पूछा — ""गुरुजी, मैंने वेद पढ़े, समझे, याद किए। फिर भी मुझे शांति नहीं मिली। क्यों?"" गुरु ने कहा — ""क्योंकि तुमने वेद पढ़े — वेद सुने नहीं।"" शिष्य ने पूछा — ""क्या अंतर है?"" गुरु ने कहा — ""पढ़ना बाहर से भीतर जाता है। सुनना भीतर से जागता है। जब तुम इतने शांत हो जाओगे कि तुम्हारे भीतर की आवाज़ सुनाई दे — तब तुम वेद को समझे।"" यही सरस्वती का अर्थ है — वह शक्ति जो भीतर से सुनाती है।

सरस्वती का सबसे बड़ा उपहार वेद नहीं है — सरस्वती का सबसे बड़ा उपहार विवेक है। वह बुद्धि जो सही और गलत में अंतर करे। वह बुद्धि जो जानकारी और ज्ञान में अंतर समझे। जानकारी बाहर से आती है — किताबों से, गुरुओं से, अनुभव से। ज्ञान भीतर से आता है — जब जानकारी आत्मा में उतर जाए। सरस्वती उस यात्रा की देवी हैं — जानकारी से ज्ञान तक, शब्द से मौन तक, पढ़ने से जीने तक।

आज के युग में जब जानकारी की बाढ़ है — हर जगह डेटा, हर जगह खबरें, हर जगह राय — सरस्वती की आवश्यकता पहले से कहीं अधिक है। वह शक्ति जो तय कर सके — क्या सुनना है, क्या छोड़ना है। क्या सत्य है, क्या केवल शोर है। वसंत पंचमी को जब हम सरस्वती की पूजा करते हैं — तो हम केवल एक देवी की नहीं, उस विवेक की पूजा करते हैं जो हमें मनुष्य बनाता है। ज्ञान के बिना बुद्धि खाली है। बुद्धि के बिना ज्ञान खतरनाक है। दोनों जब साथ हों — सरस्वती वहाँ हैं।"
महिषासुर मर्दिनी,"महिषासुर — भैंसे के सिर वाला राक्षसराज — ब्रह्मा की तपस्या से इतना शक्तिशाली हो गया था कि कोई पुरुष उसे मार न सके। उसने स्वर्ग जीत लिया। देवता भागे। इंद्र का सिंहासन खाली था। ब्रह्मा, विष्णु, महेश सभी के पास गए देवता — पर कोई उपाय न था। तब तीनों के क्रोध से एक तेज उत्पन्न हुआ।

उस तेज से एक स्त्री उत्पन्न हुई — दस भुजाओं वाली, सिंहवाहिनी, दिव्य आयुधों से सज्जित। हर देवता ने अपना सर्वश्रेष्ठ अस्त्र दिया — शिव का त्रिशूल, विष्णु का चक्र, इंद्र का वज्र, अग्नि का शक्ति, वायु का धनुष। यह देवी थीं — दुर्गा। जन्म से ही युद्ध के लिए तैयार, जन्म से ही अजेय।

महिषासुर ने देवी को देखा और मोहित हो गया। उसने विवाह का प्रस्ताव भेजा। देवी ने उत्तर भेजा — ""जो मुझे युद्ध में हराए, वही मेरा स्वामी होगा।"" महिषासुर हँसा। उसने सोचा — एक स्त्री, मेरे सामने? युद्ध आरंभ हुआ। महिषासुर की सेना देवी के सामने पत्तों की तरह उड़ गई।

नौ दिन और नौ रात युद्ध चला। महिषासुर रूप बदलता रहा — सिंह, हाथी, मनुष्य, फिर महिष। देवी हर रूप के साथ लड़ती रहीं। उनका क्रोध बढ़ता गया — और उनकी शक्ति के साथ उनकी करुणा भी। वे जानती थीं — यह युद्ध केवल एक राक्षस के लिए नहीं, समस्त सृष्टि की रक्षा के लिए है।

दसवाँ दिन — विजयादशमी। महिषासुर ने अंतिम रूप लिया — विशाल महिष। देवी ने त्रिशूल उठाया। सिंह ने महिष को दबाया। देवी उसकी गर्दन पर खड़ी हुईं और त्रिशूल से उसका वध किया। आकाश से फूलों की वर्षा हुई। देवताओं ने जयकार की। और देवी — अपनी मुद्रा में स्थिर, शांत, विजयी।

महिषासुर मर्दिनी की यह कथा नवरात्रि के नौ दिनों में पढ़ी जाती है। दुर्गा के नौ स्वरूप — शैलपुत्री, ब्रह्मचारिणी, चंद्रघंटा, कूष्मांडा, स्कंदमाता, कात्यायनी, कालरात्रि, महागौरी, सिद्धिदात्री — हर रात एक स्वरूप। हर स्वरूप एक गुण — जो भक्त में जागृत होता है।

दुर्गा का संदेश यह नहीं कि ""मैं लड़ूँगी, तुम देखो।"" उनका संदेश है: ""मैं उस शक्ति का प्रतीक हूँ जो तुम्हारे भीतर भी है।"" जब एक माँ अपने बच्चे की रक्षा करती है — वह दुर्गा है। जब एक स्त्री अन्याय के सामने खड़ी होती है — वह दुर्गा है। जब कोई भी — स्त्री या पुरुष — अपने भीतर के राक्षस से लड़ता है — वह दुर्गा की आराधना करता है।"
नवरात्रि की उत्पत्ति,"नवरात्रि की कथा केवल एक युद्ध की नहीं — यह नौ रातों की आंतरिक यात्रा है। जब देवताओं ने देवी से प्रार्थना की, तो उन्होंने वरदान दिया: ""मैं हर वर्ष नौ रातों के लिए पृथ्वी पर उतरूँगी। जो भक्त इन नौ रातों में मेरी आराधना करेगा — मैं उसके जीवन के हर अंधकार को भस्म करूँगी।""

नवरात्रि वर्ष में दो बार आती है — चैत्र और आश्विन में। दोनों ऋतु-संधि के समय — जब प्रकृति बदलती है, जब वातावरण में परिवर्तन होता है। देवी का आगमन उसी समय होता है जब हमारा शरीर और मन भी परिवर्तन के लिए सबसे अधिक तैयार होते हैं। यह संयोग नहीं — यह ज्ञान है।

नौ रातें — नौ स्वरूप। प्रत्येक रूप एक गुण का प्रतीक है जो भक्त में जागृत होना चाहिए। शैलपुत्री: पर्वत-जैसी स्थिरता। ब्रह्मचारिणी: तपस्या और साधना। चंद्रघंटा: शांति के भीतर शक्ति। कूष्मांडा: सृजन की ऊर्जा। स्कंदमाता: पोषण और प्रेम। कात्यायनी: साहस। कालरात्रि: अंधकार का सामना। महागौरी: शुद्धता। सिद्धिदात्री: पूर्णता।

नवरात्रि में उपवास क्यों? देवी ने स्वयं कहा: ""जो नौ दिन अपने शरीर और मन को शुद्ध करे — जो इन्द्रियों को संयमित करे — उसके भीतर मेरी शक्ति प्रवेश करती है।"" उपवास केवल भोजन न करना नहीं — यह अनावश्यक विचारों, शब्दों, और आदतों का भी उपवास है। शरीर हल्का होता है, मन खुलता है।

गरबा और डांडिया — नवरात्रि का नृत्य। यह केवल उत्सव नहीं — यह देवी की परिक्रमा है। वृत्ताकार नृत्य सृष्टि के चक्र का प्रतीक है — जन्म, जीवन, मृत्यु। केंद्र में दीप — देवी का प्रतीक। और भक्त उसके चारों ओर घूमते हैं। हर डांडिया की ठोक — एक मंत्र। हर कदम — एक प्रार्थना।

नवरात्रि के अंत में — विजयादशमी — वह दिन जब राम ने रावण को हराया, जब दुर्गा ने महिषासुर को हराया। दो विजयों का एक दिन। परम्परा है — इस दिन कोई नया कार्य आरंभ करें। क्योंकि नौ दिनों की साधना के बाद जो शक्ति मिली है — वह नए आरंभ के लिए सबसे शुभ है। नवरात्रि समाप्त नहीं होती — वह एक नई शुरुआत में बदल जाती है।"
राम का जन्म,"अयोध्या — सरयू नदी के तट पर बसी, स्वर्ग से भी सुंदर नगरी। राजा दशरथ उसके प्रतापी राजा थे — सत्यवादी, वीर, न्यायप्रिय। पर उनके हृदय में एक गहरा दुख था जो उन्हें रात को सोने नहीं देता था। उनकी तीन रानियाँ थीं — कौसल्या, कैकेयी, सुमित्रा — पर कोई पुत्र नहीं था। राज्य बिना उत्तराधिकारी के था।

ऋषि वशिष्ठ ने दशरथ को पुत्रकामेष्टि यज्ञ का सुझाव दिया — पुत्र प्राप्ति के लिए एक महायज्ञ। श्रृंग ऋषि के नेतृत्व में यज्ञ आरंभ हुआ। दिनों तक मंत्रोच्चार गूंजते रहे। अग्नि की लपटें आकाश को छूने लगीं। तब एक अद्भुत घटना हुई — यज्ञकुण्ड से एक दिव्य पुरुष प्रकट हुआ, सोने का पात्र लेकर।

दिव्य पुरुष ने दशरथ को पायसम दिया: ""इसे अपनी रानियों में बाँटो। विष्णु स्वयं तुम्हारे पुत्र बनने आ रहे हैं।"" दशरथ के हाथ काँप रहे थे। उन्होंने कौसल्या को आधा, कैकेयी को आधे का आधा, और शेष सुमित्रा को दिया। और चैत्र शुक्ल नवमी के दिन — अयोध्या में एक साथ चार बच्चे जन्मे।

ज्येष्ठ पुत्र का नाम रखा गया — राम। ऋषि वशिष्ठ ने नाम दिया। ""र"" — अग्नि बीज, तेज का प्रतीक। ""म"" — चंद्र बीज, शांति का प्रतीक। राम — जिसके नाम में संसार की समस्त ऊर्जा समाहित है। कैकेयी के पुत्र भरत, सुमित्रा के लक्ष्मण और शत्रुघ्न — चारों भाइयों में प्रेम इतना गहरा था कि लोग कहते थे — ये चार शरीर हैं, आत्मा एक है।

बालराम की एक झलक उनके असाधारण स्वभाव की थी। वे कभी क्रोध में नहीं आते थे। जो भी उनसे मिलता — लौटते हुए कुछ हल्का महसूस करता। गुरु विश्वामित्र जब उन्हें देखने आए, तो दशरथ ने हाथ जोड़े: ""यह मेरी प्राण वायु है।"" विश्वामित्र बोले: ""इन्हें मेरे साथ जाने दो — संसार को इनकी आवश्यकता है।""

राम का जन्म केवल एक राजकुमार का जन्म नहीं था — यह धर्म का धरती पर अवतरण था। जब भी पृथ्वी पर अधर्म का बोझ असह्य हो जाता है, विष्णु किसी रूप में आते हैं। राम के रूप में उन्होंने सबसे कठिन अवतार लिया — एक मनुष्य का। सीमाओं के साथ जीना, कष्ट सहना, धर्म का पालन करना — और फिर भी कभी न टूटना। इसीलिए वे ""मर्यादा पुरुषोत्तम"" हैं।"
सीता स्वयंवर,"मिथिला के राजा जनक के दरबार में एक अद्भुत स्वयंवर का आयोजन था। शर्त एक थी — जो शिव जी के महान धनुष पिनाक को उठाकर उस पर प्रत्यंचा चढ़ा सके, उसी से सीता का विवाह होगा। सैकड़ों राजा आए थे — महाबली, अहंकारी, शक्तिशाली। एक के बाद एक उन्होंने प्रयास किया। धनुष हिला तक नहीं।

सीता — जनक की पुत्री, धरती माता की अंश — प्रतिदिन उस धनुष को फूल चढ़ाने जाती थीं। एक दिन उन्होंने उसे खेल-खेल में उठा लिया था — बचपन में। पर जनक जानते थे कि यह साधारण बात नहीं थी। जो धनुष उठा सके, वही सीता का सच्चा जोड़ीदार होगा। सीता की आँखें हर आने वाले राजा पर पड़तीं — और लौट जातीं। कुछ कमी थी। कोई नहीं था।

तब विश्वामित्र ने राम को आदेश दिया — ""उठो, राम।"" राम उठे। उनके मुख पर कोई उत्तेजना नहीं थी, कोई अहंकार नहीं। वे धनुष के पास गए जैसे कोई पुराने मित्र से मिलने जाता है। सीता ने पहली बार उन्हें देखा — और कुछ उनके हृदय में ठहर गया। राम ने एक हाथ से धनुष उठाया।

राम ने धनुष पर प्रत्यंचा चढ़ाई — और वह टूट गया। ऐसे जैसे सूखी लकड़ी टूटती है। उसकी गड़गड़ाहट से धरती काँपी, महल हिला, राजा गिर पड़े। पर राम अविचल खड़े रहे। और सीता — वे उठीं, वरमाला लेकर, और राम के पास आईं। उनकी आँखों में न संकोच था, न भय। केवल पहचान थी — जैसे किसी पुरानी स्मृति का अचानक साकार होना।

परशुराम का क्रोध भी आया — ""किसने शिव का धनुष तोड़ा?"" उनके नेत्र अग्नि से भरे थे। राम ने शांत भाव से उत्तर दिया। परशुराम ने विष्णु का धनुष उठाने को कहा — परीक्षा के रूप में। राम ने उसे भी उठाया, उस पर बाण चढ़ाया। परशुराम के सामने सत्य प्रकट हुआ — यह साधारण राजकुमार नहीं, स्वयं विष्णु हैं। वे नतमस्तक हो गए।

राम और सीता का विवाह हुआ — जनकपुर में, वैदिक रीति से। लक्ष्मण का उर्मिला से, भरत का मांडवी से, शत्रुघ्न का श्रुतकीर्ति से। चारों भाइयों का एक साथ विवाह। अयोध्या लौटते समय जो प्रसन्नता थी — वह शब्दों से परे थी। पर इस कथा का सबसे गहरा संदेश यह है — राम और सीता का मिलन केवल दो व्यक्तियों का नहीं था। यह धर्म और शक्ति का, पुरुष और प्रकृति का, चेतना और शक्ति का मिलन था।"
राम का वनवास,"अयोध्या में राज्याभिषेक की तैयारी थी — राम का राजतिलक होने वाला था। पूरी नगरी सजी थी। दशरथ के चेहरे पर वह तृप्ति थी जो जीवन भर की साधना के बाद मिलती है। पर उसी रात रानी कैकेयी के कक्ष में एक और दृश्य था — दासी मंथरा कैकेयी के कान में विष घोल रही थी।

मंथरा ने कैकेयी को याद दिलाया — दशरथ ने एक बार उन्हें दो वरदान दिए थे। ""अभी माँगो। राम को चौदह वर्ष का वनवास और भरत को राजगद्दी।"" कैकेयी का हृदय डूबा — फिर उभरा। उन्होंने क्रोध का आवरण ओढ़ा और दशरथ के सामने वरदान माँगा। दशरथ काँपे। उनकी आँखों से आँसू बहने लगे। पर वचन दिया था।

राम को बुलाया गया। दशरथ कुछ बोल न सके — केवल रोए। कैकेयी ने सब बताया। राम ने एक पल सुना। फिर मुस्कुराए। ""पिताजी का वचन पूरा होगा। मैं अभी वन जाता हूँ।"" न क्रोध, न शिकायत, न प्रश्न। केवल स्वीकृति — इतनी गहरी कि दरबार में उपस्थित हर व्यक्ति रो पड़ा।

सीता जी ने वन जाने का निश्चय किया। राम ने समझाया — ""वन कठोर है।"" सीता ने उत्तर दिया: ""जहाँ आप नहीं, वहाँ अयोध्या का महल भी मेरे लिए वन है।"" लक्ष्मण भी साथ चले — ""भाई बिना, राजमहल का क्या अर्थ?"" भरत उस समय मामा के घर थे। जब लौटे और सत्य जाना — तो कैकेयी को माँ मानने से इनकार कर दिया।

दशरथ तीन दिन बाद चल बसे — ""राम... राम..."" उनके अंतिम शब्द थे। भरत लौटे, सत्य जाना, और वन की ओर दौड़े। उन्होंने राम से राजगद्दी वापस माँगी। राम ने मना किया — ""पिताजी का वचन पूरा होना चाहिए।"" तब भरत ने राम की खड़ाऊँ लेकर सिंहासन पर रखीं — और स्वयं तपस्वी की भाँति रहने लगे। ""जब तक भैया नहीं आते, मैं राजा नहीं।""

यह कथा असाधारण है — क्योंकि इसमें कोई खलनायक नहीं जीतता। मंथरा ने बीज बोया। कैकेयी ने अपनी सबसे बड़ी गलती की। पर राम ने उन्हें कभी दोष नहीं दिया। ""माँ ने जो किया, वह विधाता की इच्छा थी।"" यह क्षमा नहीं — यह उससे भी गहरा कुछ था। राम जानते थे — जो हो रहा है, वह उनके अवतार का उद्देश्य है। रावण का अंत इसी वन से शुरू होगा।"
परीक्षण कथा,नमस्ते
लक्ष्मी का जन्म,"सब कुछ एक श्राप से शुरू हुआ। ऋषि दुर्वासा स्वर्ग में एक दिव्य माला लेकर चल रहे थे। इंद्र ने लापरवाही से माला ली, ऐरावत के सिर पर रख दी। हाथी ने झटककर कुचल दिया। दुर्वासा ने शांति से कहा: ""लक्ष्मी तुम्हारा लोक छोड़ देंगी।"" और देवी चली गईं — न गड़गड़ाहट से, न क्रोध से। बस चली गईं। और फर्क — विनाशकारी था।

लक्ष्मी के जाने से भोजन का स्वाद गया, संगीत की मिठास गई। ब्रह्मा-विष्णु ने उपाय सोचा: क्षीरसागर मंथन — मंदराचल पर्वत को मथनी, वासुकि को रस्सी बनाकर। देव और असुर दोनों खींचेंगे। दोनों को लाभ होगा। आवश्यकता का एक गठबंधन — सबसे बड़े लक्ष्य की सेवा में।

मंथन से पहले जो निकला वह खज़ाना नहीं था — विष था। हलाहल, जो सृष्टि को नष्ट कर देता। शिव ने पिया, पार्वती ने गला पकड़ा — नीलकंठ। फिर उपहार आए: धन्वंतरि, कामधेनु, पारिजात, ऐरावत। पर देखने वाले कुछ महसूस कर रहे थे — इन सब उपहारों से परे कुछ आने वाला था।

एक कमल उठा और उसके हृदय में — लक्ष्मी। हज़ार सूर्यों जैसी दीप्तिमान, शांत जल जैसी गंभीर। असुर लपके — प्रतिस्पर्धा करते। उन्होंने शांत आँखों से देखा और फेर लिया। एक-एक देव को देखा। फिर विष्णु पर दृष्टि पड़ी — शांत, माँगते नहीं, केवल उपस्थित। वे उनकी ओर बढ़ीं और माला पहनाई।

विष्णु और लक्ष्मी — हरि और श्री — सनातन जोड़ी हैं। वे संरक्षक, वे समृद्धि जो संरक्षण को सार्थक बनाती है। जहाँ विष्णु हैं, लक्ष्मी हैं। जहाँ धर्म फलता है, समृद्धि स्वाभाविक आती है। उनका पुनर्मिलन लेन-देन नहीं था — पहचान था। एक ही दिव्य सत्य के दो पहलू, सागर के मंथन के बाद एक-दूसरे को याद करते हुए।

इसीलिए दीवाली की लक्ष्मी पूजा धन के लिए नहीं — alignment का अनुष्ठान है। हम दीप जलाते हैं — क्योंकि लक्ष्मी प्रकाश की ओर जाती हैं। घर साफ करते हैं — क्योंकि वे ठहराव में नहीं रहतीं। लक्ष्मी के उदय की कथा उस काम की कथा है जो भीतर गहराई में होता है — जब हम अपने भीतर झाँकते हैं, जो विषैला है उसका सामना करते हैं — समृद्धि स्वयं उठती है।"
शक्तिपीठ की कथा,"यह कथा प्रेम, विरह, और परिवर्तन की सबसे गहरी कथाओं में से एक है। सती, जो दक्ष प्रजापति की पुत्री थीं, उन्होंने शिव से विवाह किया था — उस शिव से जिन्हें उनके पिता ने कभी स्वीकार नहीं किया। एक बार दक्ष ने एक महायज्ञ का आयोजन किया जिसमें सभी देवताओं को आमंत्रित किया — सिवाय शिव के। सती ने आग्रह किया कि वे बिना बुलाए भी जाएंगी। शिव ने मना किया। लेकिन सती का मन नहीं माना।

सती के वहाँ पहुँचते ही दक्ष ने शिव का घोर अपमान किया। उन्होंने शिव को नीच, श्मशान का वासी, और अयोग्य कहा। सती ने सुना — और उनके भीतर कुछ टूट गया। वह अपमान शिव का नहीं था, बल्कि उस प्रेम का था जिसे सती ने अपनी पूरी आत्मा से चुना था। उन्होंने तय किया — इस देह में रहकर इस अपमान को और नहीं सहेंगी। यज्ञ की अग्नि में उन्होंने स्वयं को समर्पित कर दिया।

जब शिव को सती की मृत्यु का समाचार मिला, तो उनका क्रोध और शोक ब्रह्मांड को कंपाने लगा। वे सती के दग्ध शरीर को अपनी बाँहों में उठाकर तांडव करने लगे। उनका विलाप इतना तीव्र था कि सृष्टि अस्थिर हो गई। देवता भयभीत हो गए। भगवान विष्णु ने समझा कि इस शोक को कम करने का एकमात्र उपाय है — सती के शरीर को शिव से अलग करना। उन्होंने अपना सुदर्शन चक्र चलाया।

सुदर्शन चक्र ने सती के शरीर को 51 भागों में विभाजित कर दिया। वे 51 अंग जहाँ-जहाँ गिरे, वहाँ-वहाँ पृथ्वी पवित्र हो गई। वे स्थान शक्तिपीठ बन गए। कामाख्या में देवी का गर्भ गिरा — आज सबसे शक्तिशाली तंत्र केंद्र। वाराणसी में कान गिरे। प्रयागराज में उँगलियाँ गिरीं। हर शक्तिपीठ एक जीवंत द्वार बन गया — जहाँ देवी आज भी विराजती हैं।

शिव का विरह शांत हुआ जब उन्हें बोध हुआ — सती गई नहीं हैं। वे 51 स्थानों पर जीवित हैं। वे पृथ्वी बन गई हैं। यह ज्ञान शिव के शोक को समाधि में बदल गया। सती ने अपने जाने से शिव को एक सच्चाई सिखाई जो जीते-जी नहीं सिखाई जा सकती थी — प्रेम देह में नहीं रहता, यह स्थान में रहता है, स्मृति में रहता है, शक्ति में रहता है।

आज भी वे 51 शक्तिपीठ देवी की जीवंत उपस्थिति के प्रतीक हैं। जो भक्त इन तीर्थों की यात्रा करते हैं, वे केवल एक मंदिर नहीं देखते — वे उस स्थान को स्पर्श करते हैं जहाँ देवी का अंग पड़ा था। यह कथा हमें बताती है कि प्रेम कभी नष्ट नहीं होता — वह रूप बदलता है। सती का प्रेम पृथ्वी बन गया। और जब भी कोई सच्चे मन से पुकारता है — देवी सुनती हैं।"
लक्ष्मी का प्रस्थान,"स्वर्ग में एक दिन ऐसा आया जब लक्ष्मी ने जाने का निश्चय किया। कारण था एक छोटी सी घटना — ऋषि दुर्वासा की माला का अपमान। ऋषि दुर्वासा ने देवराज इंद्र को एक दिव्य पुष्पमाला भेंट की थी — एक वरदान-स्वरूप उपहार। लेकिन इंद्र ने उस माला को उदासीनता से अपने हाथी ऐरावत के सूंड पर डाल दिया। हाथी ने माला को जमीन पर फेंक दिया। ऋषि दुर्वासा को लगा — यह केवल माला का अपमान नहीं, यह देवी लक्ष्मी का अपमान है।

दुर्वासा ऋषि ने क्रोध में श्राप दिया — ""देवराज, तुम्हारे अहंकार ने लक्ष्मी का अपमान किया है। अब लक्ष्मी स्वर्ग छोड़ देंगी।"" और सच में ऐसा ही हुआ। लक्ष्मी धीरे-धीरे स्वर्ग से विदा होने लगीं। उनके जाने के साथ स्वर्ग की शोभा, समृद्धि, और ऊर्जा सब क्षीण होने लगी। फूल मुरझाने लगे। देवताओं में उत्साह नहीं रहा। यज्ञ के फल नहीं मिले। और धीरे-धीरे देवता भी कमजोर पड़ने लगे — क्योंकि जहाँ कृतज्ञता नहीं, वहाँ लक्ष्मी नहीं।

लक्ष्मी समुद्र में जाकर बैठ गईं — उस क्षीर सागर में जहाँ से वे उत्पन्न हुई थीं। वे क्षीर सागर की शांत गहराइयों में विश्राम करने लगीं। स्वर्ग में हाहाकार मच गया। असुरों ने इस अवसर का फायदा उठाया और देवताओं पर आक्रमण कर दिया। इंद्र हार गए। सारा संसार अव्यवस्था में था। देवता ब्रह्मा के पास गए, ब्रह्मा ने विष्णु के पास भेजा। विष्णु ने कहा — ""लक्ष्मी को वापस लाना है। लेकिन यह काम किसी एक के वश का नहीं। समुद्र मंथन करना होगा।""

समुद्र मंथन की तैयारी हुई। मंदराचल पर्वत को मथानी बनाया, वासुकी नाग को रस्सी बनाया। देवता और असुर — दोनों मिलकर मंथन करने लगे। यह मंथन आसान नहीं था। पर्वत डूबने लगा — विष्णु ने कच्छप रूप लेकर सहारा दिया। भयानक विष हलाहल निकला — शिव ने पिया। एक के बाद एक, मंथन से रत्न निकलते रहे। और फिर — एक दिव्य प्रकाश में, कमल पर विराजमान, हाथों में कमल थामे, शंख की ध्वनि के बीच — लक्ष्मी प्रकट हुईं।

लक्ष्मी ने प्रकट होकर सबसे पहले भगवान विष्णु को वरमाला पहनाई। वे उनके वक्ष पर विराजमान हुईं — श्रीवत्स चिह्न के पास। यह मिलन केवल दो व्यक्तियों का नहीं था — यह शक्ति और संरक्षण का, समृद्धि और धर्म का, सौंदर्य और सत्य का मिलन था। देवताओं ने स्तुति की। ऋषियों ने अभिषेक किया। गंगा ने जल दिया। समुद्र ने रेशम वस्त्र दिए। विश्वकर्मा ने आभूषण दिए। सृष्टि ने अपनी सबसे प्रिय देवी का स्वागत किया।

इस कथा का सन्देश केवल समृद्धि की देवी के बारे में नहीं है। यह हमें बताती है कि लक्ष्मी का वास वहाँ होता है जहाँ कृतज्ञता होती है, जहाँ परिश्रम होता है, जहाँ दूसरों के उपहारों का सम्मान होता है। इंद्र ने एक माला फेंकी — और समृद्धि चली गई। जब देवों और असुरों ने मिलकर कठिन परिश्रम किया, तब लक्ष्मी लौटीं। आज भी जब हम अपने जीवन में जो पाया है उसकी कदर नहीं करते — लक्ष्मी धीरे-धीरे वहाँ से विदा होने लगती हैं।"
शुम्भ-निशुम्भ वध,"त्रेतायुग में एक बार स्वर्ग पर संकट आया जिसने सभी देवताओं को कंपा दिया। शुंभ और निशुंभ — दो राक्षस भाई — जिन्होंने ब्रह्मा से वरदान पाया था कि कोई पुरुष उन्हें नहीं मार सकता। इस वरदान के बल पर उन्होंने स्वर्ग पर अधिकार कर लिया। इंद्र को भागना पड़ा। देवता निराश और दिशाहीन हो गए। उनके पास कोई उपाय नहीं था — क्योंकि वे सभी पुरुष थे। तब उन्हें याद आई वह शक्ति जो न पुरुष है, न स्त्री की सीमा में बंधी है — वह महाशक्ति जो स्वयं देवी है।

देवताओं ने हिमालय पर्वत पर जाकर देवी की स्तुति की। उनकी प्रार्थना सुनकर पार्वती के शरीर से एक तेज प्रकट हुआ — और उस तेज से एक दिव्य नारी का रूप उभरा। यह थीं देवी कौशिकी — शुभ्र वर्ण, अत्यंत सुंदर, और असीम शक्ति से युक्त। शुंभ-निशुंभ के दूतों ने उन्हें देखा और मोहित हो गए। उन्होंने दूत भेजा — ""हमारे राजा तुमसे विवाह करना चाहते हैं। तुम इतनी सुंदर हो कि तुम्हें किसी दुर्बल की पत्नी नहीं बनना चाहिए।""

देवी ने मुस्कुराते हुए उत्तर दिया — ""मैंने एक प्रतिज्ञा ली है। जो मुझे युद्ध में जीत लेगा, मैं केवल उसी से विवाह करूँगी।"" यह सुनकर शुंभ-निशुंभ क्रोधित हो गए। उन्होंने अपने सेनापतियों — धूम्रलोचन, चंड, मुंड — को भेजा। एक के बाद एक, देवी ने सभी को परास्त किया। चंड और मुंड का वध करने पर देवी का नाम पड़ा चामुंडा। हर बार जब नया असुर आया, देवी के एक नए रूप ने उसका सामना किया — यह दिखाते हुए कि शक्ति के अनंत रूप हैं।

सबसे बड़ी चुनौती तब आई जब रक्तबीज मैदान में उतरा। उसका वरदान था — उसके रक्त की जो भी बूँद जमीन पर गिरे, उससे उतने ही नए रक्तबीज पैदा हो जाएं। देवी की हर प्रहार से हजारों रक्तबीज उत्पन्न होने लगे। युद्ध का मैदान राक्षसों से भर गया। तब देवी ने काली को बुलाया। काली ने अपना मुख इतना बड़ा फैलाया कि रक्तबीज के रक्त की एक बूँद भी जमीन पर नहीं पड़ी। काली ने सब कुछ पी लिया — रक्त, असुर, और उनका अहंकार भी।

अंततः शुंभ स्वयं मैदान में उतरा। उसने देवी पर आरोप लगाया — ""तुम दूसरों की शक्ति से लड़ती हो! यह कहाँ का पराक्रम है?"" देवी ने शांत भाव से उत्तर दिया — ""मैं अकेली हूँ। यहाँ जो भी है — काली, अंबा, भवानी — वे सब मैं ही हूँ। यह जगत भी मुझमें समाया है।"" और तब उन्होंने अपने सभी रूपों को वापस अपने में समेट लिया — और एक ही देवी, एक ही शक्ति ने शुंभ का वध कर दिया। अकेली। सम्पूर्ण।

देवताओं ने देवी की स्तुति की। स्वर्ग पुनः मुक्त हो गया। लेकिन इस कथा का सबसे गहरा सन्देश युद्ध की विजय में नहीं है — वह है देवी के उस वाक्य में: ""मैं अकेली हूँ।"" यह अहंकार नहीं था। यह पूर्णता थी। जब हम अपने भीतर की सभी शक्तियों को एकत्रित कर लेते हैं — भय, क्रोध, करुणा, बुद्धि — और उन्हें एक दिशा देते हैं, तब हम भी अपराजेय होते हैं। यही दुर्गा का सन्देश है — तुम्हारे भीतर भी वह शक्ति है। उसे पहचानो।"
माँ का आशीर्वाद,"प्राचीन काल में, जब धरती पर अंधकार का साया था और देवता भी असहाय हो गए थे, तब ब्रह्मांड के कोने-कोने से एक करुण पुकार उठी। वह पुकार किसी एक स्वर की नहीं थी — वह लाखों पीड़ित आत्माओं की सामूहिक चीख थी। यह वह क्षण था जब शक्ति को जागना था। देवी, जो सृष्टि की आदि शक्ति हैं, उस पुकार को अनसुना नहीं कर सकीं। क्योंकि माँ कभी अपने बच्चों की पुकार को नहीं भूलती।

देवी की यह कहानी एक साधारण राजा से शुरू होती है — राजा सुरथ, जो एक कुशल और न्यायप्रिय शासक था। उसके राज्य में सुख-समृद्धि थी, प्रजा खुश थी। लेकिन नियति को कुछ और ही मंजूर था। शत्रुओं ने धोखे से उसका राज्य छीन लिया। परिवार ने उसे अकेला छोड़ दिया। वह राजा जिसने कभी हजारों लोगों पर शासन किया था, आज जंगल में भटक रहा था — अकेला, टूटा हुआ, और निराश। संसार की माया ने उसे सब कुछ दिया और फिर एक पल में सब छीन लिया।

उसी जंगल में राजा की भेंट एक व्यापारी से हुई — समाधि, जिसकी कहानी राजा से भी अधिक दर्दनाक थी। उसके अपने बेटों और पत्नी ने मिलकर उसे घर से निकाल दिया था, उसकी सारी संपत्ति हड़प ली थी। दोनों ने मिलकर महर्षि मेधा के आश्रम में शरण ली। एक शाम, नदी के किनारे बैठकर दोनों ने अपने दुख साझा किए। राजा ने पूछा — ""हमें पता है कि उन्होंने हमें धोखा दिया, फिर भी हमारा मन उन्हीं की ओर क्यों खिंचता है?"" महर्षि मेधा ने मुस्कुराते हुए कहा, ""यही माया है। और इस माया से मुक्ति केवल एक शक्ति दे सकती है।""

महर्षि मेधा ने उन्हें देवी महामाया की कथा सुनाई। उन्होंने बताया कि यह वही शक्ति हैं जो सृष्टि को चलाती हैं, जो हर जीव में चेतना के रूप में विद्यमान हैं। ""जब कोई उन्हें सच्चे मन से पुकारता है,"" मेधा ऋषि ने कहा, ""तो वे अवश्य आती हैं — माँ की तरह, रक्षक की तरह, शक्ति की तरह।"" राजा और व्यापारी दोनों के मन में एक जिज्ञासा जागी। उस रात उन्होंने निश्चय किया — वे देवी की आराधना करेंगे, न राज्य के लिए, न संपत्ति के लिए — केवल ज्ञान और मुक्ति के लिए।

तीन वर्षों तक राजा सुरथ और समाधि ने देवी की घोर तपस्या की। उन्होंने मिट्टी से देवी की मूर्ति बनाई और वन के फूलों, नदी के जल, और अपने हृदय की भावनाओं से उनकी पूजा की। भूखे रहे, जागते रहे, रोए, गाए, पुकारते रहे। और एक दिन — जब उनकी आँखों में आँसू थे और होठों पर नाम — देवी प्रकट हुईं। उनका रूप दिव्य था, करुणामय था। उनकी आँखों में वह ममता थी जो संसार की कोई माँ नहीं दे सकती। ""मैं यहाँ हूँ,"" उन्होंने कहा। बस इतने से दोनों का सारा दर्द पिघल गया।

देवी ने उन दोनों को वरदान दिया। राजा ने माँगा — ""मुझे मेरा राज्य वापस दो और अगले जन्म में मैं मनु बनूँ।"" देवी ने दोनों वर पूरे किए। लेकिन व्यापारी समाधि ने कुछ और माँगा — ""माँ, मुझे केवल वह ज्ञान दो जिससे मैं इस माया से सदा के लिए मुक्त हो जाऊँ।"" देवी मुस्कुराईं। यही असली वरदान था। यह कहानी हमें सिखाती है कि देवी हर पुकार सुनती हैं — चाहे वह राज्य के लिए हो या मुक्ति के लिए। वे माँ हैं। माँ कभी खाली हाथ नहीं लौटाती।"
भक्त और लक्ष्मी,"द्वापर युग की बात है। एक छोटे से गाँव में एक धोबी रहता था — नाम था श्रीधर। वह दिन-रात कपड़े धोता, थका-माँदा रहता, लेकिन शाम को एक काम ज़रूर करता — लक्ष्मी माँ की एक छोटी मूर्ति के सामने एक दीपक जलाता और कहता, ""माँ, मैं जो हूँ वह आपका है। मुझे बस आपके चरणों की धूल चाहिए।"" वह धन नहीं माँगता था। शोहरत नहीं माँगता था। वह बस माँ से बात करता था — जैसे एक बच्चा माँ से करता है।

एक दिन एक व्यापारी गाँव से गुज़रा। उसने श्रीधर के घर पर रुककर पानी माँगा। श्रीधर ने सादर पानी और थोड़ा खाना दिया। व्यापारी ने देखा — घर में कुछ नहीं था। मिट्टी की दीवारें, फटे कपड़े, लेकिन एक कोने में एक छोटा दीपक जल रहा था और उसके सामने लक्ष्मी की छोटी मूर्ति। व्यापारी ने पूछा — ""तुम कितने गरीब हो, फिर भी पूजा करते हो?"" श्रीधर ने मुस्कुराकर कहा — ""माँ के पास जाने के लिए अमीरी की ज़रूरत नहीं होती।""

उस रात व्यापारी एक धर्मशाला में रुका। उसे नींद नहीं आई — वह श्रीधर की बात भूल नहीं सका। ""माँ के पास जाने के लिए अमीरी की ज़रूरत नहीं।"" उसने अपने पूरे जीवन में केवल धन के लिए पूजा की थी। तीर्थ यात्राएँ कीं लेकिन हर बार एक माँग के साथ। उस रात उसे पहली बार लगा — शायद उसने माँ से कभी बात ही नहीं की। उसने केवल सौदे किए। वह रात उसके जीवन की सबसे लंबी रात थी।

अगले दिन व्यापारी वापस श्रीधर के पास गया। उसने कहा — ""मैं तुम्हारे साथ व्यापार करना चाहता हूँ।"" श्रीधर हँसा — ""मेरे पास देने के लिए क्या है?"" व्यापारी ने कहा — ""मेरे गोदाम भरे हैं लेकिन मेरा घर खाली है। तुम्हारा घर खाली है लेकिन तुम्हारा दिल भरा है। मुझे वह सिखाओ जो तुम जानते हो।"" दोनों ने मिलकर एक व्यापार शुरू किया — श्रीधर की ईमानदारी और व्यापारी का धन। एक साल में श्रीधर का घर समृद्ध था। लेकिन श्रीधर को पता था — यह माँ की कृपा थी, उसकी बुद्धि की नहीं।

धीरे-धीरे गाँव में बात फैली। लोग श्रीधर से पूछने लगे — ""तुम्हारे पास पहले कुछ नहीं था, अब इतना कैसे?"" श्रीधर एक ही बात कहता — ""मैंने माँ से कभी धन नहीं माँगा। बस उनके पास रहना चाहा। धन तो वे खुद देखती हैं।"" यही लक्ष्मी का स्वभाव है — वे उनके पास नहीं जातीं जो उन्हें पकड़ना चाहते हैं। वे उनके पास जाती हैं जो उनसे बस प्रेम करते हैं। जो हाथ माँगने के लिए नहीं, स्पर्श के लिए उठते हैं — उन्हीं हाथों को लक्ष्मी भर देती हैं।

इस कहानी का सन्देश सरल है लेकिन जीवन बदलने वाला है। लक्ष्मी केवल धन की देवी नहीं हैं — वे सम्पूर्णता की देवी हैं। जहाँ स्वच्छता है, ईमानदारी है, कृतज्ञता है, और निष्काम प्रेम है — वहाँ लक्ष्मी रहती हैं। जहाँ लालच है, अहंकार है, और देवी को केवल एक सौदे की तरह देखा जाता है — वहाँ लक्ष्मी टिकती नहीं। श्रीधर जैसे भक्त लक्ष्मी के सबसे प्रिय हैं — क्योंकि वे माँ को माँ की तरह देखते हैं, देवी की तरह नहीं।"
लक्ष्मी-विष्णु,"यदि हिंदू दर्शन में सबसे पूर्ण प्रेम कहानी ढूँढनी हो, तो वह है लक्ष्मी और विष्णु की। यह केवल दो देवताओं का मिलन नहीं है — यह दो तत्वों का मिलन है जो एक-दूसरे के बिना अधूरे हैं। विष्णु हैं पालनकर्ता — वे सृष्टि को धारण करते हैं। लक्ष्मी हैं शक्ति — वे उस धारण करने की ऊर्जा हैं। विष्णु हैं धर्म — लक्ष्मी हैं उस धर्म का फल। दोनों अलग-अलग नहीं हैं — जैसे अग्नि और उसकी ऊष्मा, जैसे चाँद और उसकी चाँदनी।

पुराणों में एक कथा है। एक बार लक्ष्मी से किसी ने पूछा — ""आप सदा विष्णु के पास क्यों रहती हैं? क्या आपकी अपनी कोई इच्छा नहीं?"" लक्ष्मी ने कहा — ""जहाँ धर्म है, वहाँ मैं स्वाभाविक रूप से हूँ। मैं इसलिए नहीं रहती कि मुझे रहना है — मैं इसलिए रहती हूँ क्योंकि मेरा स्वभाव ही यही है। जल नीचे बहता है, लौ ऊपर जाती है — यह उनका स्वभाव है। मैं जहाँ धर्म हो वहाँ जाती हूँ — यह मेरा स्वभाव है।""

लक्ष्मी और विष्णु का सम्बन्ध हर युग में नए रूप में प्रकट हुआ। त्रेता युग में विष्णु राम बने — और लक्ष्मी सीता बनीं। वह सीता जो राम के साथ वन गईं, जो हर कष्ट में साथ थीं, जो पृथ्वी की पुत्री थीं और लक्ष्मी का अवतार। द्वापर युग में विष्णु कृष्ण बने — और लक्ष्मी रुक्मिणी बनीं, वह रानी जिसने स्वयं कृष्ण को पत्र लिखा और कहा ""आओ, मुझे ले जाओ।"" हर युग में वही प्रेम, हर बार नया रूप।

क्षीर सागर में विष्णु शेषनाग पर विश्राम करते हैं — यह दृश्य हिंदू दर्शन का सबसे गहरा प्रतीक है। लक्ष्मी उनके पैर दबाती हैं। यह सेवा नहीं है — यह साहचर्य है। यह दासता नहीं है — यह पूर्णता है। जब पूर्ण शक्ति पूर्ण धर्म की सेवा करे — तो ब्रह्मांड का संतुलन बना रहता है। और यह दृश्य कहता है — सबसे बड़ी शक्ति वह है जो स्वेच्छा से सेवा में लग जाए। लक्ष्मी महाशक्ति हैं — फिर भी वे सेवा में हैं। क्योंकि प्रेम में सेवा अपमान नहीं, सम्मान है।

एक बार देवर्षि नारद ने लक्ष्मी से पूछा — ""यदि विष्णु और आपमें कोई कमज़ोरी हो तो क्या है?"" लक्ष्मी ने उत्तर दिया — ""भगवान की कमज़ोरी यह है कि वे अपने भक्तों के लिए कुछ भी कर सकते हैं। और मेरी कमज़ोरी यह है कि जहाँ भक्त हों, मैं वहाँ जाती हूँ।"" तब नारद ने मुस्कुराते हुए कहा — ""तो भगवान भक्तों के दास हैं और आप भक्तों के पीछे चलती हैं। तो फिर भक्त ही सबसे शक्तिशाली हुए।"" लक्ष्मी हँसीं — ""बिल्कुल सही।""

लक्ष्मी और विष्णु की कथा हमें यह सिखाती है कि सच्चा प्रेम कभी एकतरफा नहीं होता। यह दो पूर्ण व्यक्तित्वों का मिलन है — जहाँ एक दूसरे को पूरा करता है, कम नहीं करता। जहाँ दोनों की स्वतंत्रता बनी रहती है। जहाँ साथ रहना आवश्यकता नहीं, चुनाव है। और जब ऐसा प्रेम हो — तो ब्रह्मांड भी उस प्रेम से चलता है। हर घर में जब पति-पत्नी एक-दूसरे को धर्म और शक्ति के रूप में देखते हैं — तो उस घर में लक्ष्मी-विष्णु का वास होता है।"
संगीत की उत्पत्ति,"सृष्टि के आरंभ में — जब ब्रह्मा ने दुनिया बनाई — तब सब कुछ था लेकिन एक चीज़ नहीं थी। संसार में रंग थे, आकाश था, नदियाँ थीं, पर्वत थे — लेकिन एक गहरी खामोशी थी। पत्तियाँ हिलती थीं पर उनमें संगीत नहीं था। पक्षी थे पर उनकी बोली में कोई राग नहीं था। नदी बहती थी पर उसमें लय नहीं था। ब्रह्मा ने देखा — सृष्टि सुंदर है लेकिन आत्माहीन है। तब उन्होंने सरस्वती की कल्पना की — वह शक्ति जो सृष्टि में प्राण फूँकेगी।

ब्रह्मा के मन में विचार उठा और उनके मुख से एक दिव्य प्रकाश प्रकट हुआ। वह प्रकाश स्त्री रूप में परिवर्तित हुआ — श्वेत वस्त्र, वीणा हाथ में, कमल पर विराजमान। यह थीं सरस्वती — ज्ञान, वाणी, और संगीत की देवी। उन्होंने पहली बार अपनी वीणा के तार छुए — और उस एक स्पर्श से ब्रह्मांड में एक अद्भुत कंपन उठी। वह कंपन हवा में फैली, नदियों ने लय पकड़ी, पक्षियों ने गाना शुरू किया, पत्तियाँ हवा के साथ नृत्य करने लगीं। सृष्टि को पहली बार अपनी आत्मा मिली।

सरस्वती ने सात स्वर बनाए — सा, रे, ग, म, प, ध, नि। ये सात स्वर सात रंगों की तरह हैं — अकेले भी सुंदर, मिलकर और भी सुंदर। उन्होंने सिखाया कि संगीत केवल कान के लिए नहीं है — यह आत्मा के लिए है। जब कोई सच्चे भाव से गाता है, तो वह केवल ध्वनि नहीं निकालता — वह ईश्वर से बातें करता है। इसीलिए भारत में सदियों से गायन को साधना माना गया है — साधन नहीं, साधना। वह जीवन जीने का तरीका।

एक बार देवताओं और असुरों में विवाद हुआ — संगीत पर। असुरों का कहना था — ""संगीत शक्ति का साधन है। जो सबसे ऊँचा स्वर निकाले, वही सबसे शक्तिशाली।"" देवताओं ने सरस्वती के पास जाकर पूछा — ""माँ, सबसे श्रेष्ठ संगीत क्या है?"" सरस्वती ने कहा — ""वह संगीत जो सुनने वाले के भीतर कुछ जगाए। जो आँखों में आँसू लाए — खुशी के हों या दर्द के। जो मन को शांत करे। जो किसी को याद दिलाए कि वह अकेला नहीं है।"" यही संगीत का अर्थ है।

सरस्वती ने मनुष्यों को वीणा, बाँसुरी, तबला, और मृदंग — इन वाद्ययंत्रों का ज्ञान दिया। उन्होंने सिखाया कि हर वाद्य एक अलग भाव को व्यक्त करता है। वीणा — ध्यान और शांति। बाँसुरी — प्रेम और विरह। तबला — उत्साह और शक्ति। मृदंग — भक्ति का उद्घोष। इसीलिए मंदिरों में अलग-अलग समय पर अलग-अलग वाद्य बजाए जाते हैं — क्योंकि हर भाव की देवी से अपनी भाषा है।

आज जब भी कोई कलाकार मंच पर बैठता है, वह अनजाने में सरस्वती की उपासना करता है। जब भी कोई बच्चा पहली बार संगीत सीखता है — वह सरस्वती के चरणों में पहला कदम रखता है। सरस्वती की सबसे बड़ी सीख यह है — ज्ञान और कला केवल दिमाग से नहीं, हृदय से ग्रहण होती है। और जब हृदय से ग्रहण हो — तो वह ज्ञान अमर हो जाता है। इसीलिए हजारों साल बाद भी सात स्वर वही हैं। बदले नहीं। क्योंकि सच्चाई कभी नहीं बदलती।"
सरस्वती नदी,"भारत में एक नदी है जो दिखती नहीं। जिसे आप छू नहीं सकते। जिसे आप गागर में नहीं भर सकते। लेकिन जो है — और जिसे हर ऋषि ने अनुभव किया है। यह है सरस्वती नदी — वह पवित्र नदी जो पृथ्वी के भीतर बहती है और प्रयागराज में गंगा-यमुना के संगम पर आकर मिलती है। यही त्रिवेणी संगम है — तीन नदियों का मिलन। दो दिखती हैं, एक अदृश्य। यह अदृश्य नदी सरस्वती ही है — और इस रहस्य में एक गहरी सच्चाई छुपी है।

सरस्वती नदी कभी पृथ्वी के ऊपर बहती थी। ऋग्वेद में इसका वर्णन है — एक विशाल, वेगवान, पवित्र नदी। ऋषियों के आश्रम इसी के किनारे बसे थे। वेदों की रचना इसी के तट पर हुई। लेकिन धीरे-धीरे — जलवायु बदली, भूगोल बदला, और सरस्वती पृथ्वी के भीतर समा गई। वह अदृश्य हो गई लेकिन समाप्त नहीं हुई। वह आज भी बहती है — लेकिन उसे देखने के लिए आँखें नहीं, भाव चाहिए।

वैज्ञानिकों ने हाल के वर्षों में उपग्रह चित्रों से एक अदृश्य नदी के प्रवाह के निशान खोजे हैं। राजस्थान के रेगिस्तान में एक सूखी हुई नदी की धारा के अवशेष मिले हैं — जो सरस्वती नदी के मार्ग से मेल खाते हैं। विज्ञान ने वह खोज की जो ऋषियों को हज़ारों साल पहले से पता था। यह कथा यही सिखाती है — जो आँखों से नहीं दिखता, वह झूठ नहीं होता। ज्ञान, आत्मा, परमात्मा — ये सब सरस्वती की तरह हैं। अदृश्य, पर अस्तित्वशाली।

सरस्वती का अदृश्य होना एक आध्यात्मिक प्रतीक भी है। ज्ञान की गहराई दिखाई नहीं देती — वह भीतर होती है। एक विद्वान का ज्ञान उसके वस्त्रों से नहीं, उसके शब्दों से नहीं — उसके मौन से पता चलता है। जो जितना अधिक जानता है, वह उतना ही कम बोलता है। सरस्वती का प्रवाह भी ऐसा ही है — वह तीव्र है, शक्तिशाली है, लेकिन शोर नहीं करती। गंगा-यमुना शोर करती हैं — सरस्वती चुपचाप उनमें मिल जाती है और उन्हें और भी पवित्र बना देती है।

प्रयागराज में हर बारह साल में कुंभ मेला लगता है। करोड़ों लोग त्रिवेणी संगम पर स्नान करने आते हैं। वे दो नदियाँ देखते हैं — गंगा और यमुना। लेकिन जब वे डुबकी लगाते हैं, तो वे तीनों नदियों में स्नान करते हैं। सरस्वती नीचे से प्रवाहित होती है — अदृश्य लेकिन वर्तमान। वह स्नान केवल शरीर का नहीं होता — वह ज्ञान का, वाणी का, और अंतरात्मा का शुद्धिकरण भी होता है। सरस्वती इसीलिए त्रिवेणी में हैं — क्योंकि ज्ञान के बिना कोई संगम पूर्ण नहीं।

सरस्वती नदी की यह कथा हमें एक अनमोल सत्य देती है — जो चीज़ें अदृश्य हैं, वे अक्सर सबसे शक्तिशाली होती हैं। प्रेम दिखता नहीं — पर देखो क्या करता है। आत्मा दिखती नहीं — पर देखो इसके बिना देह क्या है। ईश्वर दिखते नहीं — पर इनकार करने वाले भी किसी कठिन पल में झुक जाते हैं। सरस्वती उस सत्य की प्रतीक हैं जो शोर नहीं करता, जो दिखावा नहीं करता, जो बस बहता रहता है — चुपचाप, गहरे, नीचे — और जब मिलता है, तो सब कुछ पवित्र कर देता है।"
गणेश को मोदक क्यों प्रिय हैं,"एक बार कैलाश पर एक दिव्य उत्सव था। देवी अनुसुया ने ब्रह्मा, विष्णु और महेश को भोजन पर आमंत्रित किया था। उनके घर में एक विशेष मिठाई बनी थी — मोदक। जब गणेश ने उसकी सुगंध ली, तो कुछ हुआ जो देवताओं को भी अचरज में डाल गया।

गणेश जी मोदक की ओर दौड़े — पर देवी अनुसुया ने कहा: ""पहले अपनी माँ पार्वती को ले आओ।"" गणेश ने तुरंत माँ पार्वती को संदेश भेजा। पार्वती आईं। उन्होंने अनुसुया से मोदक लिए और गणेश को देने बैठीं। पर गणेश इतने उत्साहित थे कि वे एक के बाद एक खाते रहे।

गणेश ने इक्कीस मोदक खाए। फिर एक और। फिर और। उनका उदर इतना भर गया कि वे बाहर जाते हुए मूषकराज से टकराए और गिर गए। उनके पेट पर बँधा साँप खुल गया और मोदक लुढ़क गए। चंद्रमा ने यह देखकर हँसी की। गणेश ने एक पल रुककर... चंद्रमा की ओर देखा।

गणेश जी उठे, साँप को दोबारा बेल्ट की तरह बाँधा, बिखरे मोदक वापस उठाए — और चंद्रमा की ओर मुड़े। उनका एक दाँत था। उन्होंने शाप दिया: ""जो तुम्हें देखेगा, उस पर झूठा कलंक लगेगा।"" चंद्रमा काला हो गया, सिकुड़ गया। देवता घबराए। पर गणेश के नेत्रों में क्रोध नहीं था — शिक्षा थी।

चंद्रमा ने क्षमा माँगी। गणेश ने शाप में संशोधन किया — ""केवल गणेश चतुर्थी के दिन चंद्रमा देखने पर झूठा कलंक लगेगा। बाकी दिन चंद्रमा के दर्शन शुभ रहेंगे।"" यही कारण है कि आज भी गणेश चतुर्थी के दिन चंद्रमा देखना वर्जित माना जाता है।

मोदक आज भी गणेश जी का सबसे प्रिय भोग है। जब हम उन्हें मोदक चढ़ाते हैं, तो याद रखते हैं — वे ज्ञान के देवता हैं जो सरल आनंद में भी पूर्ण हैं। जो देवता ब्रह्माण्ड की बाधाएँ हटाता है, वही देवता एक मिठाई की खुशबू पर पूरी तरह प्रसन्न होता है — यही उनकी दिव्यता का रहस्य है।"
हनुमान संजीवनी बूटी लाते हैं,"युद्धभूमि में लक्ष्मण शक्ति बाण से मूर्छित होकर गिर पड़े थे। राम के नेत्रों से अश्रु बह रहे थे। वैद्य सुषेण ने कहा — ""एकमात्र उपाय है संजीवनी बूटी, जो द्रोणाचल पर्वत पर मिलती है। पर सूर्योदय से पहले लानी होगी।"" सारी सेना स्तब्ध थी — वह पर्वत सैकड़ों योजन दूर था।

हनुमान एक पल भी नहीं रुके। ""प्रभु, मैं जाता हूँ।"" और वे आकाश में उड़ गए — रात के अंधकार को चीरते हुए, उत्तर की ओर। राम उन्हें जाते देखते रहे। उनके नेत्रों में दो भाव थे — लक्ष्मण के लिए चिंता, और हनुमान के लिए अटूट विश्वास।

द्रोणाचल पर्वत पर पहुँचकर हनुमान ने संजीवनी खोजने की कोशिश की। पर रात के अंधकार में वे पहचान न सके कि कौन सी बूटी संजीवनी है। समय बीत रहा था। हनुमान ने एक पल सोचा — फिर मुस्कुराए। उन्होंने अपनी भुजाएँ फैलाईं और पूरे पर्वत को ही उखाड़ लिया।

पर्वत को लेकर उड़ते हनुमान का मार्ग अयोध्या के ऊपर से गुजरा। भरत ने रात को एक विशाल आकृति देखी जो पर्वत लिए उड़ रही थी। उन्होंने बाण चलाया। हनुमान गिरे। तब उन्होंने अपना परिचय दिया — ""मैं राम का दूत हूँ।"" भरत की आँखों में अश्रु आ गए। उन्होंने हनुमान को उठाया और तेज़ी से लंका भेजा।

हनुमान सूर्योदय से ठीक पहले लंका पहुँचे। वैद्य सुषेण ने संजीवनी को पहचाना और लक्ष्मण को औषधि दी। धीरे-धीरे लक्ष्मण की आँखें खुलीं। उन्होंने उठकर राम को प्रणाम किया। सारी सेना में जयकार हुई। राम ने हनुमान को इतने प्रेम से गले लगाया कि सब देखते रह गए।

इस कथा का सार है — भक्ति में असंभव शब्द नहीं होता। हनुमान के पास कोई नक्शा नहीं था, कोई साथी नहीं था, रात का अंधकार था। पर उनके पास था — राम का विश्वास और सेवा का संकल्प। जब हम किसी के लिए निःस्वार्थ भाव से कुछ करते हैं, तो ईश्वर स्वयं हमारा मार्गदर्शन करते हैं।"
गणेश द्वारा महाभारत लेखन,"महर्षि व्यास के मन में सम्पूर्ण महाभारत था — लाखों श्लोक, असंख्य पात्र, जटिल दर्शन। पर इसे लिखना असंभव था — इतनी तेज़ी से कोई लिख नहीं सकता था जितनी तेज़ी से वे बोलते। ब्रह्मा ने सुझाया: ""गणेश से प्रार्थना करो — वे ही इस कार्य के योग्य हैं।""

व्यास जी ने गणेश जी से विनती की। गणेश ने स्वीकार किया — पर एक शर्त रखी: ""मैं लिखता रहूँगा — रुकूँगा नहीं। यदि आप एक पल भी रुके, तो मैं लिखना बंद कर दूँगा।"" व्यास चतुर थे। उन्होंने भी शर्त रखी: ""ठीक है — पर आप जो लिखें, उसका अर्थ समझे बिना न लिखें।""

व्यास बोलने लगे — अनवरत। गणेश लिखते रहे। दिन बीते, सप्ताह बीते। व्यास जब थक जाते, तो वे विशेष रूप से जटिल श्लोक बोलते — जिन्हें समझने में गणेश को पल भर लगता। उस पल में व्यास अगले श्लोक की रचना कर लेते। दोनों की बुद्धिमत्ता का यह खेल चलता रहा।

लिखते-लिखते एक बार गणेश की लेखनी टूट गई। पर वे रुक नहीं सकते थे — व्यास बोल रहे थे और शर्त थी कि रुकना नहीं। गणेश ने बिना हिचके अपना एक दाँत तोड़ा और उसे लेखनी बना लिया। एक दाँत गया — पर महाभारत पूरी हुई।

महाभारत पूरी हुई। एक लाख श्लोक। एक लाख ज्ञान के मोती। व्यास ने गणेश को प्रणाम किया। गणेश ने व्यास को। उनके बीच हुआ यह आदान-प्रदान केवल लेखन नहीं था — यह ज्ञान को संसार के लिए सुरक्षित करने का यज्ञ था। ""एकदंत"" — एक दाँत वाले — गणेश का यह नाम इसी बलिदान की स्मृति है।

जब भी आप महाभारत पढ़ें — उन दोनों को याद करें। व्यास जिन्होंने अपने जीवन का सार बोला। गणेश जिन्होंने अपना दाँत देकर उसे लिखा। और याद रखें: सभी महान रचनाओं के पीछे केवल प्रतिभा नहीं होती — वहाँ होता है त्याग, समर्पण, और एक-दूसरे का सम्मान।"
सरस्वती का आशीर्वाद,"उज्जैन के एक गुरुकुल में एक शिष्य था — नाम था कालिदास। लेकिन यह वह कालिदास नहीं जिन्हें आप जानते हैं। यह उनसे पहले की कथा है। एक ऐसा युवक जो पढ़ने में कमज़ोर था, जो बात करने में हकलाता था, जिसे साथी शिष्य मूर्ख कहते थे। वह दिन-रात परिश्रम करता लेकिन ज्ञान उसके पास नहीं आता था। एक रात वह रोते हुए सरस्वती मंदिर पहुँचा और बोला — ""माँ, मैं अपात्र हूँ। लेकिन बस एक बार — बस एक बार कृपा करो।""

उस रात मंदिर में एक दीप जल रहा था। युवक ने देवी की मूर्ति के सामने घंटों बैठकर रोते हुए प्रार्थना की। वह नहीं जानता था कि क्या माँगे — उसे बस अपनी असमर्थता का दर्द था। तभी उसे लगा — मंदिर में एक मीठी सुगंध आई, दीप की लौ स्थिर हो गई, और एक गहरी शांति छा गई। उसे नहीं पता कब नींद आई। लेकिन जब वह उठा — तो भीतर कुछ बदल गया था। उसके मुख से शब्द निकले — और वे शब्द ऐसे थे जो उसने पहले कभी नहीं सोचे थे।

अगले दिन गुरुकुल में जब गुरुजी ने शिष्यों से एक श्लोक की व्याख्या माँगी — तो सबसे पहले वही उठा जिसे कल तक मूर्ख कहा जाता था। उसने जो व्याख्या दी — वह इतनी गहरी थी, इतनी काव्यमय थी, कि गुरुजी और सभी शिष्य स्तब्ध हो गए। यह वह नहीं था जो कल था। गुरुजी ने उससे पूछा — ""रात क्या हुआ?"" उसने सच बता दिया — ""मैं सरस्वती मंदिर गया था। माँ ने कृपा की।"" गुरुजी ने कहा — ""यही सरस्वती का स्वभाव है — वे उसे देती हैं जो माँगना नहीं जानता, बस प्रेम करना जानता है।""

यह कथा आगे बढ़ती है। वह युवक कालिदास बने — संस्कृत के सबसे महान कवि। उनके नाटक अभिज्ञानशाकुन्तलम्, मेघदूत, और रघुवंशम् आज भी विश्व साहित्य की धरोहर हैं। लेकिन कालिदास कभी नहीं भूले — वह रात, वह दीप, वह आँसू, और वह कृपा। उन्होंने अपनी हर रचना सरस्वती को समर्पित की। हर ग्रंथ की शुरुआत में लिखा — ""माँ सरस्वती की कृपा से।"" क्योंकि वे जानते थे — यह प्रतिभा उनकी नहीं, माँ की देन है।

सरस्वती की यह कृपा केवल कालिदास को नहीं मिली। हर युग में ऐसे भक्त हुए हैं जो अपात्र थे लेकिन जिनमें एक चीज़ थी — सच्ची लगन। देवी सरस्वती प्रतिभा नहीं देखतीं — वे समर्पण देखती हैं। वे पुरस्कार नहीं देखतीं — वे प्रेम देखती हैं। इसीलिए परीक्षा से पहले सरस्वती की पूजा होती है — इसलिए नहीं कि देवी पेपर आसान कर देंगी। बल्कि इसलिए कि जब हम उनके सामने बैठते हैं, तो हम खुद को याद दिलाते हैं — ज्ञान उपहार है, अधिकार नहीं।

तो अगली बार जब आप किसी परीक्षा से पहले, किसी महत्वपूर्ण काम से पहले, सरस्वती की पूजा करें — याद रखें। आप केवल अच्छे परिणाम नहीं माँग रहे। आप उस भाव को जगा रहे हैं जो उस युवक में था उस रात — जो नहीं जानता था कि क्या माँगे, बस आया था, और माँ के सामने खड़ा हो गया था। वह भाव काफी है। सरस्वती उन्हें देती हैं जो इस तरह आते हैं — खाली हाथ, भरे दिल से।"
वसंत पंचमी,"वसंत पंचमी — वह दिन जब पूरे भारत में पीले रंग की बाढ़ आ जाती है। पीले वस्त्र, पीले फूल, पीली मिठाइयाँ। स्कूल-कॉलेजों में सरस्वती की मूर्ति सजती है। बच्चे अपनी किताबें, कलम, और वाद्ययंत्र देवी के चरणों में रखते हैं। पर क्या आप जानते हैं — इस परंपरा के पीछे क्या कथा है? वसंत पंचमी सरस्वती का जन्मदिन क्यों मानी जाती है? और पीला रंग क्यों?

कथा यह है — जब ब्रह्मा ने सृष्टि बनाई, तब उन्होंने देखा कि सब कुछ है — पर किसी में उत्साह नहीं। सृष्टि जड़ थी। तब उन्होंने अपने कमंडल से जल लेकर चारों दिशाओं में छिड़का। उस जल से एक अद्भुत शक्ति प्रकट हुई। वही थीं सरस्वती — वीणा हाथ में, श्वेत वस्त्र, और मुख पर एक ऐसी मुस्कान जो सृष्टि को जगा दे। जिस दिन वे प्रकट हुईं, वह माघ शुक्ल पंचमी का दिन था — वसंत का आगमन। इसीलिए यह दिन उनका जन्मदिन बना।

पीला रंग वसंत का रंग है — सरसों के फूलों का रंग, गेहूँ की बालियों का रंग, सूरज की पहली किरण का रंग। पीला रंग उर्जा और ज्ञान का प्रतीक है। जब सरस्वती प्रकट हुईं, तो प्रकृति ने उनका स्वागत पीले रंग से किया — खेतों में सरसों खिली, आम्र मंजरी आई, हवा में गर्मी का पहला स्पर्श आया। इसीलिए इस दिन पीला पहनना और पीले फूल चढ़ाना सरस्वती को सबसे प्रिय है — यह वसंत का, नई शुरुआत का, और ज्ञान के उत्सव का रंग है।

वसंत पंचमी पर एक परंपरा है जो विशेष है — विद्यारंभ संस्कार। इस दिन छोटे बच्चों को पहली बार लिखना सिखाया जाता है। गुरु या पिता बच्चे का हाथ पकड़कर पहला अक्षर लिखवाते हैं — ""ॐ""। यह केवल एक अक्षर नहीं है — यह एक जीवन का आरंभ है। इस संस्कार में बच्चे को समझाया जाता है — ""तुम जो पढ़ोगे, वह केवल तुम्हारे लिए नहीं है। ज्ञान बाँटने के लिए है।"" यही सरस्वती की सबसे गहरी शिक्षा है — ज्ञान दिया जाए तो बढ़ता है, रखा जाए तो मरता है।

एक बार एक पंडित ने पूछा — ""माँ, ज्ञान और विद्या में क्या अंतर है?"" सरस्वती ने कहा — ""विद्या वह है जो तुम सीखते हो। ज्ञान वह है जो तुम बन जाते हो।"" यह अंतर महत्वपूर्ण है। बहुत लोग विद्वान होते हैं — उन्हें सब पता होता है। लेकिन जिनमें ज्ञान हो — वे बदल जाते हैं। उनका व्यवहार बदलता है, उनकी दृष्टि बदलती है। वसंत पंचमी केवल किताबों की पूजा नहीं है — यह उस परिवर्तन का उत्सव है जो सच्चा ज्ञान लाता है।

वसंत पंचमी का संदेश सरल और गहरा है — हर साल एक बार हम रुककर यह स्वीकार करते हैं कि हम अभी भी शिष्य हैं। चाहे हमारी उम्र कुछ भी हो, चाहे हम कितना भी जानते हों — ज्ञान का महासागर अनंत है। उस दिन जब हम सरस्वती के सामने अपनी किताबें रखते हैं — हम कह रहे होते हैं, ""माँ, मैं अभी भी सीख रहा हूँ। मुझे मार्ग दिखाओ।"" और यह विनम्रता — यही सबसे बड़ी विद्या है। यही सरस्वती को सबसे प्रिय है।"
दुर्गा का काली रूप,"महिषासुर के बाद दो और महादानव उठे — शुम्भ और निशुम्भ। उनकी सेना में थे चंड और मुंड — क्रूर, अहंकारी, अपराजेय। देवताओं ने फिर देवी से प्रार्थना की। देवी प्रकट हुईं — पार्वती के शरीर से। पार्वती ने कहा: ""मेरे शरीर की कोशिका से उत्पन्न हुई हैं ये — इसलिए ये कौशिकी कहलाएँगी।""

चंड और मुंड काली के पास आए — देवी का अपहरण करने के लिए। काली का क्रोध भयंकर था। उन्होंने अपना मुख फाड़ा — भयानक दाँत, लाल आँखें, काला शरीर। एक ही झपट में चंड और मुंड का अंत हो गया। उनके सिर काटकर काली ने अंबिका को दिए। ""तेरे ये उपहार।"" अंबिका हँसीं — ""चामुंडा — यही तेरा नाम होगा।""

अब बारी थी रक्तबीज की — वह दानव जिसे ब्रह्मा ने वरदान दिया था: ""तेरे रक्त की हर बूँद से एक नया रक्तबीज जन्म लेगा।"" देवताओं के अस्त्र-शस्त्र बेकार थे — जितना लहू बहता, उतने नए दानव। युद्धक्षेत्र दानवों से भर गया। देवता हताश हो गए। तब काली आगे बढ़ीं।

काली ने अपना मुख असीमित रूप से फैलाया — और रक्तबीज पर आक्रमण किया। जहाँ भी रक्त की बूँद गिरने वाली थी — काली की जिह्वा वहाँ पहले पहुँच जाती। एक भी बूँद ज़मीन पर न गिरी। एक भी नया रक्तबीज न जन्मा। और रक्तबीज — रक्त रहित, शक्तिहीन — अंत को प्राप्त हुआ। काली की जीभ लाल थी — रक्त से नहीं, विजय से।

पर एक समस्या थी — रक्तबीज के अंत के बाद काली का क्रोध शांत नहीं हुआ। वे तांडव करती रहीं — पूरी सृष्टि काँप रही थी। देवता घबराए। तब शिव स्वयं उनके मार्ग में लेट गए। काली का पैर शिव की छाती पर पड़ा। उन्होंने नीचे देखा — और अचानक होश आया। लज्जा से उनकी जिह्वा बाहर निकल आई।

काली की वह मूर्ति — जिह्वा बाहर, एक पैर शिव की छाती पर — आज भी भारत के हर काली मंदिर में है। वह मुद्रा लज्जा की नहीं — चेतना की है। क्रोध जब ज़रूरी हो — उठो। जब काम हो जाए — रुको। और जो व्यक्ति तुम्हें उस क्षण में रोक सके — वही तुम्हारा असली साथी है। काली और शिव — शक्ति और चेतना — दोनों मिलकर सृष्टि को संतुलित रखते हैं।"
गणेश की विश्व परिक्रमा,"एक दिन देवर्षि नारद कैलाश पर एक दिव्य फल लेकर आए — ऐसा फल जो ज्ञान, सौंदर्य और अमरत्व देता है। पर फल था केवल एक। शिव और पार्वती के सामने दोनों पुत्र — गणेश और कार्तिकेय। नारद ने कहा: ""यह फल उसे मिलेगा जो पूरी सृष्टि की परिक्रमा कर पहले लौटे।""

गणेश धीरे-धीरे उठे। उन्होंने अपने मूषक को देखा — छोटा, धीमा। ब्रह्मांड की परिक्रमा? इस वाहन से? सब देख रहे थे। कुछ मुस्कुरा रहे थे। गणेश ने एक पल आँखें मूँदीं। फिर उनके होंठों पर मुस्कान आई — एक गहरी, शांत मुस्कान।

गणेश अपने माता-पिता के पास गए। उन्होंने शिव और पार्वती की परिक्रमा की — एक बार, दो बार, तीन बार — पूरी श्रद्धा से, हाथ जोड़कर। फिर वे रुके और बोले: ""माता-पिता ही मेरी संपूर्ण सृष्टि हैं। जो उनकी परिक्रमा करे, उसने समस्त ब्रह्मांड की परिक्रमा की।""

शिव और पार्वती मुग्ध थे। पार्वती की आँखें भर आईं। शिव की वाणी गंभीर हो गई: ""पुत्र, तुमने सबसे बड़ी सच्चाई कही है।"" उन्होंने वह दिव्य फल गणेश को दे दिया। जब कार्तिकेय सम्पूर्ण ब्रह्मांड की परिक्रमा करके लौटे — गणेश फल खा चुके थे।

यह कथा केवल एक प्रतियोगिता की नहीं है। यह सिखाती है — जो ज्ञान बाहर की दुनिया दौड़कर नहीं मिलता, वह माता-पिता की सेवा में, उनके प्रेम में मिलता है। गणेश की बुद्धि इसीलिए अतुलनीय है — वे जानते हैं कि ब्रह्मांड का केंद्र वह है जो हमें सबसे अधिक प्रेम करता है।

कार्तिकेय बहुत दूर जा चुके थे — दुनिया का चक्कर लगाते हुए। जब वे वापस आए, तो गणेश आम खा रहे थे — प्रसन्न और शांत। कार्तिकेय ने जब माँ-बाप की परिक्रमा का अर्थ सुना, तो उन्हें लगा — क्या मेरी यात्रा व्यर्थ थी? गणेश ने कहा: ""नहीं। तुम्हारी यात्रा ने तुम्हें शक्तिशाली बनाया। मेरी परिक्रमा ने मुझे ज्ञानवान।""

शिव-पार्वती ने दोनों पुत्रों को आशीर्वाद दिया। उन्होंने सिखाया: जीवन की सबसे बड़ी परिक्रमा बाहर नहीं, भीतर होती है — माता-पिता और गुरु के प्रति प्रेम में। जो संसार की यात्रा करे पर घर की नींव न पहचाने — वह बहुत देखता है, पर बहुत कम जानता है।"
कुबेर का अहंकार और गणेश,"कुबेर — देवताओं के कोषाध्यक्ष, धन के देवता — अपनी विशाल संपत्ति पर बड़े गर्वित थे। एक दिन उन्होंने शिव और पार्वती को भोज पर आमंत्रित किया — स्वर्णिम महल में, सोने की थालियों में, सौ प्रकार के व्यंजनों के साथ। उनका उद्देश्य? अपनी समृद्धि का प्रदर्शन करना।

गणेश कुबेर के महल पहुँचे — एक छोटे बालक के रूप में। कुबेर ने सोचा — ""बस एक बच्चे को खिलाना है।"" गणेश ने खाना शुरू किया। और खाते गए। और खाते गए। सारे व्यंजन समाप्त हो गए। गणेश की क्षुधा नहीं मिटी। उन्होंने थालियाँ चाटनी शुरू कर दीं — ""और दो!""

कुबेर घबरा गए। ""यह बालक मेरे पूरे भंडार को खा जाएगा!"" वे दौड़कर कैलाश गए और शिव के सामने गिड़गिड़ाए — ""प्रभु, इस बालक की भूख कैसे मिटे?"" शिव मुस्कुराए। उन्होंने एक मुट्ठी भर सादा चावल लिया और कहा — ""यह ले जाओ। प्रेम से परोसो।""

कुबेर वापस लौटे। उन्होंने वह एक मुट्ठी चावल — प्रेम और विनम्रता से — गणेश के सामने रखा। गणेश ने खाया। और उनकी भूख शांत हो गई। कुबेर स्तब्ध रह गए — एक मुट्ठी साधारण चावल ने वह किया जो उनके समस्त वैभव से नहीं हुआ।

इस कथा का सार है — ईश्वर अन्न से नहीं, भाव से तृप्त होते हैं। कुबेर का सारा वैभव व्यर्थ था क्योंकि उसमें घमंड था। एक मुट्ठी सादा चावल — प्रेम से अर्पित — भगवान की भूख मिटा सका। यही कारण है कि मंदिर में अर्पित तुलसी-पत्र का महत्व सोने के थाल से अधिक है।

कुबेर के सारे खज़ाने खाली हो गए — गणेश की भूख न मिटी। तब गणेश ने कहा: ""मुझे एक मुट्ठी चावल दो — जो तुम्हारी माता ने भक्ति से पकाया हो।"" कुबेर चकित हुए — इतनी सरल बात? एक वृद्धा माता ने चावल का भोग लगाया — गणेश तृप्त हो गए। उन्होंने आँखें बंद कीं और मुस्कुराए।

कुबेर घुटनों पर बैठ गए। उन्होंने समझा — धन तृप्ति नहीं देता, भक्ति देती है। जो उनकी तिजोरियों में था, वह असंख्य था — पर भाव खाली था। जो उस वृद्धा के हाथों में था, वह एक मुट्ठी था — पर भाव पूर्ण था। गणेश ने उन्हें आशीर्वाद दिया और कहा: ""अपने धन से सेवा करो — संग्रह मत करो।"""
गणेश जी को हाथी का सिर कैसे मिला,"एक दिन माता पार्वती स्नान करने जा रही थीं। उन्होंने अपने शरीर के उबटन से एक बालक बनाया, उसमें प्राण फूँके, और कहा — ""पुत्र, तुम मेरे द्वारपाल हो। किसी को भीतर मत आने देना।"" और वह बालक — जो था तो मिट्टी से बना, पर माँ के प्रेम से जीवित — खड़ा हो गया।

शिव कैलाश लौटे। द्वार पर एक बालक खड़ा था — अपरिचित, निडर। ""मुझे जाने दो,"" शिव ने कहा। बालक ने मना किया। शिव क्रोधित हुए। उनके गणों ने आक्रमण किया — बालक ने सबको परास्त किया। देवता भी लड़े — बालक पर्वत-सा अडिग रहा। तब शिव ने स्वयं त्रिशूल उठाया।

शिव के त्रिशूल से बालक का मस्तक कट गया और दूर जा गिरा। पार्वती स्नान से लौटीं। उन्होंने देखा — उनका पुत्र भूमि पर पड़ा है, सिर नहीं। माँ का विलाप सुनकर तीनों लोक काँप उठे। पार्वती ने क्रोध में कहा — ""यदि मेरे पुत्र को जीवित नहीं किया गया — तो मैं सृष्टि का विनाश कर दूँगी।""

ब्रह्मा ने उपाय बताया — ""उत्तर दिशा में जाओ, जो पहला जीव मिले जो उत्तर की ओर सो रहा हो, उसका मस्तक ले आओ।"" शिव के गण गए। उन्हें मिला — एक हाथी, उत्तर की ओर सोता हुआ। उसका मस्तक लाया गया। शिव ने अपने हाथों से उस मस्तक को बालक के धड़ पर लगाया।

बालक उठा — हाथी के मस्तक के साथ, नई आँखों में ब्रह्मांड की समझ लिए। पार्वती ने अपने पुत्र को गले लगाया। शिव ने घोषणा की — ""यह बालक गणेश है, गणों का अध्यक्ष। इसे सर्वप्रथम पूजा जाएगा। कोई भी शुभ कार्य इसकी पूजा के बिना सफल नहीं होगा।""

गणेश का हाथी-मस्तक उनकी सीमा नहीं — उनकी शक्ति है। हाथी का बड़ा मस्तक — विशाल सोच। बड़े कान — ध्यान से सुनना। छोटा मुँह — कम बोलना। बड़ा पेट — सब कुछ पचाने की क्षमता। एक दाँत — एकाग्रता। और उनका वाहन मूषक — यह बताता है कि जो सबसे छोटी रुकावट है, उस पर भी सवारी करनी होती है। गणेश हर शुरुआत में हैं — क्योंकि हर शुरुआत एक नया जन्म है।"
हनुमान द्वारा लंका दहन,"लंका की स्वर्णिम नगरी में प्रवेश करने के बाद, हनुमान ने अशोक वाटिका में माता सीता को खोज लिया। वे शोकमग्न थीं, परंतु राम के दूत को देखकर उनके नेत्रों में आशा की किरण जागी। हनुमान ने उन्हें श्री राम की मुद्रिका दी और आश्वासन दिया — ""माता, प्रभु राम शीघ्र ही आएंगे।""

सीता माँ से मिलने के बाद, हनुमान ने सोचा — ""मैं लंका की शक्ति का परीक्षण करूँगा।"" उन्होंने अशोक वाटिका के वृक्षों को उखाड़ना शुरू किया, राक्षसों को ललकारा। रावण के पुत्र अक्षय कुमार को उन्होंने मार गिराया। तब रावण ने अपने सबसे शक्तिशाली पुत्र इंद्रजित को भेजा।

इंद्रजित ने ब्रह्मास्त्र का प्रयोग किया। हनुमान ब्रह्मा जी का सम्मान करते हुए स्वेच्छा से बंधन में आ गए। नाग-पाश में जकड़े हुए उन्हें रावण की सभा में घसीटा गया। समस्त राक्षस हँस रहे थे — पर हनुमान के नेत्रों में भय का एक कण भी नहीं था।

हनुमान ने रावण की आँखों में सीधे देखते हुए कहा: ""हे लंकेश, मैं श्री राम का दूत हूँ। माता सीता को सम्मान सहित लौटा दो और क्षमा माँगो। अन्यथा राम के बाण तुम्हारी इस स्वर्णिम लंका को भस्म कर देंगे।"" रावण का अहंकार आहत हुआ। उसने आदेश दिया — ""इस वानर की पूँछ में आग लगाओ!""

सैनिकों ने तेल में भीगे वस्त्र हनुमान की पूँछ पर लपेटे और अग्नि प्रज्वलित की। पर हनुमान ने अपने शरीर को छोटा किया और बंधन तोड़ दिए। फिर उन्होंने विशाल रूप धारण किया — उनकी जलती हुई पूँछ एक प्रचंड मशाल बन गई। वे छत से छत पर कूदते गए, और लंका की हर इमारत अग्नि की लपटों में घिरती गई।

हनुमान को अचानक माता सीता की चिंता हुई। ""कहीं अग्नि माता को हानि न पहुँचाए!"" वे तत्काल अशोक वाटिका की ओर दौड़े। पर देखा — वहाँ शीतल वायु बह रही थी और माता सीता सुरक्षित थीं। तब हनुमान को ज्ञात हुआ — राम की कृपा से अग्नि ने स्वयं माता को नहीं छुआ था।

हनुमान ने समुद्र में अपनी पूँछ बुझाई और आकाश में उड़ गए। जब वे राम के पास लौटे, सेना में जयकार हुई। राम ने हनुमान को हृदय से लगाया — यह आलिंगन किसी पुरस्कार से बढ़कर था। इस कथा का सार यही है: जो धर्म के लिए जलता है, वह स्वयं नहीं जलता — वह दूसरों का अंधकार मिटाता है।"
हनुमान और राम की प्रथम भेंट,"सीता हरण के बाद राम और लक्ष्मण वन में सीता को खोजते हुए ऋष्यमूक पर्वत के पास पहुँचे। वहाँ वानरराज सुग्रीव छिपकर रहते थे। उन्होंने दो दिव्य तेजस्वी पुरुषों को देखा और भय से काँप उठे — कहीं ये रावण के दूत तो नहीं?

सुग्रीव ने हनुमान को उन दोनों के पास भेजा — ""जाओ, पता करो ये कौन हैं।"" हनुमान ने ब्राह्मण का वेश धारण किया और उन दोनों के समीप पहुँचे। उनके शब्द, उनका व्यवहार, उनकी विद्वत्ता — सब कुछ असाधारण था। पर जब उन्होंने राम के नेत्रों में देखा, तो हनुमान के हृदय में कुछ पहचाना — जैसे वे इन्हें पहले से जानते हों।

राम ने लक्ष्मण से धीरे से कहा — ""लक्ष्मण, देखो इस वानर को। व्याकरण, शब्द, स्वर — सब परिपूर्ण। इसके गुरु धन्य हैं। और इसके नेत्रों में जो भाव है — वह शत्रु का नहीं हो सकता।"" हनुमान ने अपना परिचय दिया। राम ने पूछा — ""तुम हनुमान हो?"" और हनुमान को लगा जैसे उनके नाम का असली अर्थ आज पहली बार प्रकट हुआ।

हनुमान ने राम को सुग्रीव के पास ले जाने का प्रस्ताव रखा। राम सहमत हुए। हनुमान ने दोनों को अपने कंधों पर बैठाया और पर्वत पर चढ़ गए। जिस क्षण राम हनुमान के कंधे पर बैठे — हनुमान को लगा यही उनके जीवन का सबसे पवित्र क्षण है।

सुग्रीव और राम मिले। दोनों ने अपनी-अपनी पीड़ा साझा की। राम ने सुग्रीव की मदद का वचन दिया — वाली को परास्त करने का। और सुग्रीव ने वचन दिया — सीता को खोजने में सहायता का। हनुमान इस मैत्री के साक्षी बने और मन-ही-मन जानते थे — यह मेल ईश्वरीय योजना का हिस्सा है।

उस रात हनुमान ने राम के चरणों में बैठकर उनका गुणगान सुना। जब राम सो गए, हनुमान उनके पास बैठे रहे। उन्होंने मन-ही-मन प्रण किया — ""अब इस जीवन का एक-एक क्षण राम की सेवा में अर्पित होगा।"" यह मुलाकात नहीं थी — यह एक आत्मा का अपने उद्देश्य से मिलना था।"
बाल हनुमान और सूर्य निगलन,"बालक हनुमान अपनी माँ अंजना की गोद में खेल रहे थे। सूर्योदय हुआ — आकाश में एक बड़ा, चमकीला, लाल गोला उगा। बालक हनुमान ने अपनी नन्ही आँखें फैलाईं और सोचा — ""वह तो बड़ा पका हुआ फल है!"" और वे उड़ चले।

माँ अंजना की गोद से फिसलकर, छोटे हनुमान ने पंख फैलाए और आकाश की ओर उड़ चले। वायुदेव उनके पिता थे — हवा उनका सहारा थी। जैसे-जैसे वे सूर्य के निकट पहुँचते गए, उनकी आँखों की चमक और बढ़ती गई। भूख और जिज्ञासा — इन दो भावों से भरा एक बालक, ब्रह्मांड की सीमाओं को पार कर रहा था।

उसी दिन सूर्यग्रहण था। राहु भी सूर्य को ग्रसने आया था — और उसने देखा एक बालक उससे पहले सूर्य की ओर झपट रहा है। राहु घबराकर इंद्र के पास गया — ""देवराज, कोई और राहु आ गया!"" इंद्र ने ऐरावत पर सवार होकर हनुमान को रोकने की कोशिश की।

इंद्र ने वज्र चलाया। बालक हनुमान के जबड़े पर वज्र लगा और वे एक पर्वत पर जा गिरे। माता अंजना का रोना सुनकर वायुदेव क्रोधित हो उठे। उन्होंने वायु रोक ली — सारे ब्रह्मांड में श्वास रुक गई। देवता, मनुष्य, समस्त जीव तड़पने लगे।

ब्रह्मा जी दौड़े आए। वायुदेव को मनाया, हनुमान को जीवित किया। इंद्र ने क्षमा माँगी और वरदान दिया — ""इस बालक का शरीर वज्र से भी कठोर होगा।"" सूर्यदेव ने कहा — ""मैं इसे अपना शिष्य बनाऊँगा।"" ब्रह्मा ने कहा — ""इसे ब्रह्मास्त्र काम नहीं करेगा।"" एक के बाद एक देवताओं ने आशीर्वाद दिए।

इसी घटना में हनुमान को ""हनुमान"" नाम मिला — ""हनु"" अर्थात जबड़ा, जो वज्र से टूटा था। यह कथा बताती है — जो ईश्वर का बालक है, उसे चोट लग सकती है, पर वह नष्ट नहीं होता। संकट उसे और शक्तिशाली बनाता है। और जो निर्भय होकर सूर्य की ओर उड़ता है — उसे एक दिन सूर्य भी अपना गुरु मानता है।"
हनुमान के हृदय में राम,"लंका विजय के बाद राम अयोध्या लौटे थे। राज्याभिषेक हुआ। सभी को पुरस्कार मिले। सीता माँ ने अपना मोती-हार उतारा और सोचने लगीं — इसे देने के योग्य कौन है? उनकी दृष्टि हनुमान पर टिकी — और उन्होंने हार उन्हें दे दिया।

हनुमान ने हार लिया और उसे ध्यान से देखने लगे। एक-एक मोती उठाकर देखा, तोड़ा, और फर्श पर रख दिया। दरबारी चकित थे — ""यह क्या कर रहे हैं?"" हनुमान बोले: ""मैं देख रहा हूँ — क्या इसमें राम हैं? जिसमें राम नहीं, वह मेरे किस काम का?""

एक दरबारी ने व्यंग्य से कहा — ""तो क्या राम तुम्हारे भीतर हैं? दिखाओ।"" बिना एक पल की देरी किए, हनुमान ने अपनी छाती चीर दी। रक्त की जगह वहाँ प्रकाश था — और उस प्रकाश में राम और सीता विराजमान थे।

पूरा दरबार स्तब्ध था। राम के नेत्रों से अश्रु बह रहे थे। सीता माँ मुस्कुरा रही थीं। लक्ष्मण आगे आकर हनुमान से लिपट गए। किसी के मुँह से शब्द नहीं निकल रहे थे। हनुमान की छाती फिर से बंद हो गई — जैसे कुछ हुआ ही नहीं।

राम ने हनुमान का हाथ थामा और कहा — ""हनुमान, तुम मेरी मूर्ति में नहीं, मेरे भक्त के हृदय में रहता हूँ। जहाँ भी तुम्हारे जैसा भक्त होगा — वहाँ मैं सदा निवास करूँगा।"" यह वरदान नहीं था — यह एक सत्य था जो हनुमान ने सिद्ध किया था।

यह कथा सिखाती है कि भक्ति केवल पूजा-पाठ नहीं है। यह एक ऐसी अवस्था है जहाँ प्रिय और प्रेमी के बीच का फर्क मिट जाता है। हनुमान ने राम को बाहर नहीं खोजा — राम उनके भीतर थे। और वह दिन उनके जीवन का सबसे महान क्षण नहीं था — क्योंकि उनके लिए हर क्षण वैसा ही था।"
विश्वरूप दर्शन,"कुरुक्षेत्र की रणभूमि पर दोनों सेनाएँ आमने-सामने थीं। अर्जुन ने अपने रथ को बीच में रुकवाया और देखा — सामने कौरव सेना में उनके गुरु, पितामह, भाई-बंधु। उनके हाथ थरथराने लगे। धनुष गिर गया। वे बोले — ""कृष्ण, मैं नहीं लड़ सकता।""

श्रीकृष्ण ने अर्जुन को ज्ञान दिया — आत्मा अमर है, कर्तव्य ही धर्म है। पर अर्जुन अभी भी संशय में थे। तब अर्जुन ने कहा — ""कृष्ण, यदि आप सच में ईश्वर हैं — तो अपना वास्तविक स्वरूप दिखाइए।"" यह एक साहसिक प्रार्थना थी — जो बहुत कम लोग करते हैं।

कृष्ण ने अर्जुन को दिव्य दृष्टि दी। और जो अर्जुन ने देखा वह वर्णन से परे था — हज़ारों सूर्यों का प्रकाश, समस्त ब्रह्मांड एक रूप में समाहित, देवता उनमें प्रवेश करते हुए, समय का प्रवाह। उनके मुख से शब्द नहीं निकले — केवल भय और विस्मय।

""कृष्ण, यह रूप मुझसे सहन नहीं होता। कृपया अपने सौम्य रूप में लौट आइए।"" कृष्ण मुस्कुराए और अपने साधारण रूप में आ गए — वही सखा, वही सारथि। उन्होंने कहा: ""अर्जुन, यह रूप देवता भी तपस्या से नहीं देख पाते। तुमने देखा — क्योंकि तुम मेरे भक्त हो।""

विश्वरूप दर्शन के बाद अर्जुन का संशय समाप्त हुआ। उन्होंने धनुष उठाया — न क्रोध से, न घृणा से, बल्कि कर्तव्य-बोध से। यह गीता का सार है: जब हम ईश्वर की विशालता देखते हैं, तो हमारी समस्याएँ अपना सही आकार पा लेती हैं। और हम जो करना था वह करने में सक्षम हो जाते हैं।

विश्वरूप देखने के बाद अर्जुन ने कृष्ण से प्रार्थना की — ""अपना मनुष्य-रूप वापस लो।"" कृष्ण मुस्कुराए और सारथी बन गए — वही मीठी मुस्कान, वही शांत नेत्र। अर्जुन ने कहा: ""मैं अब लड़ूँगा।"" कृष्ण ने रथ आगे बढ़ाया। युद्ध का अंत धर्म की विजय थी।

गीता का यह अध्याय — एकादश — आज भी सबसे कठिन और सबसे गहरा माना जाता है। जो कोई इसे पूरी समझ से पढ़ता है, वह अपने क्षुद्र भय से बाहर आ जाता है। क्योंकि जब ब्रह्माण्ड का स्वामी कहता है ""निमित्त मात्र"" — तो आत्मा को पता चल जाता है कि वह अकेली नहीं है।"
पूतना का उद्धार,"कंस को ज्ञात हुआ कि देवकी का आठवाँ पुत्र जन्म ले चुका है और गोकुल में है। उसने अपनी सबसे भयानक दूती — पूतना — को भेजा। पूतना एक राक्षसी थी जो सुंदर स्त्री का रूप धारण कर सकती थी। उसके स्तनों में विष था। वह शिशुओं को दूध पिलाकर मारती थी।

पूतना ने सुंदर स्त्री का रूप धारण किया और गोकुल में प्रवेश किया। यशोदा ने देखा — कितनी सुंदर, कोमल स्त्री है। उसने श्रीकृष्ण को पूतना की गोद में दे दिया। पूतना ने बालक को अपने स्तन से लगाया — और उसके होंठ मुस्कुरा उठे।

बालक कृष्ण ने पूतना का स्तन मुँह में लिया — और साथ ही उसके प्राण भी खींचने लगे। पूतना ने छुड़ाने की कोशिश की, चिल्लाई, पर कृष्ण की पकड़ शिलावत् थी। उसका विशाल असली रूप प्रकट हुआ — और अंत में वह गोकुल के बाहर गिर पड़ी।

गोकुल के लोग भयभीत थे। पर यशोदा ने देखा — कृष्ण पूतना के विशाल शरीर पर खेल रहे थे, हँस रहे थे। नंद बाबा ने ऋषियों को बुलाया। उन्होंने कहा — ""यह शिशु साधारण नहीं है।"" पूतना के शरीर को जलाया गया — और उसका धुआँ सुगंधित था।

यह बात सुनकर सबने पूछा — ""पूतना तो राक्षसी थी, फिर उसका धुआँ सुगंधित क्यों?"" एक वृद्ध ऋषि ने कहा: ""क्योंकि उसने — चाहे विष से ही सही — श्रीकृष्ण को दूध पिलाया। माँ का दर्जा दिया। भगवान ने उसकी माँ की भूमिका स्वीकार की और उसे मुक्ति दे दी।""

यह कथा सिखाती है — ईश्वर की कृपा की कोई सीमा नहीं है। पूतना ने विष से मारने की कोशिश की, पर भगवान ने उसे अपनी माँ माना और मोक्ष दिया। यदि शत्रु को भी मुक्ति मिल सकती है — तो जो सच्चे हृदय से प्रेम करते हैं, उनके लिए क्या कहना।"
गंगा अवतरण की कथा,"राजा भगीरथ के साठ हज़ार पूर्वज ऋषि कपिल के क्रोध से भस्म हो गए थे। उनकी आत्माएँ बिना तर्पण के भटक रही थीं। भगीरथ ने प्रण किया — ""जब तक गंगा को स्वर्ग से पृथ्वी पर नहीं लाता, चैन नहीं।"" उन्होंने ब्रह्मा की कठोर तपस्या की — वर्षों तक।

ब्रह्मा प्रसन्न हुए। उन्होंने कहा — ""गंगा स्वर्ग से उतरेंगी।"" पर एक समस्या थी — गंगा का वेग इतना प्रचंड था कि पृथ्वी उसे सहन नहीं कर सकती थी। वह पृथ्वी को चीर देती। तब ब्रह्मा ने कहा — ""केवल महादेव ही गंगा का वेग थाम सकते हैं।"" भगीरथ ने फिर तपस्या की — इस बार शिव के लिए।

गंगा स्वर्ग से उतरीं — अहंकार से भरी। उन्हें लगा — शिव की जटाओं में उलझकर उन्हें पाताल ले जाएंगी। गंगा का वेग पर्वतों को हिला रहा था। पर शिव के जटाजूट में प्रवेश करते ही — वेग थम गया। गंगा खो गईं जटाओं की भूलभुलैया में। शिव की जटाएँ एक पूरा ब्रह्माण्ड थीं।

भगीरथ ने पुनः प्रार्थना की — ""हे महादेव, गंगा को मुक्त करें।"" शिव ने अपनी जटा से एक छोटी सी धारा मुक्त की। वह धारा हिमालय पर उतरी — और भगीरथ के पीछे चलती रही। भगीरथ रथ पर थे, गंगा उनके पीछे। उन्हें हर बाधा पार करनी थी — यही ""भगीरथ प्रयत्न"" का जन्म था।

अंततः गंगा समुद्र सागर पहुँची और पाताल में उतरी, जहाँ भगीरथ के पूर्वजों की राख थी। गंगाजल का स्पर्श पाते ही साठ हज़ार आत्माएँ मुक्त हो गईं — स्वर्ग में पहुँचीं। भगीरथ ने अपने पूर्वजों को तर्पण दिया। जो काम असंभव था, वह पूरा हुआ — केवल एक व्यक्ति के संकल्प से।

""भगीरथ प्रयत्न"" — यह शब्द आज भी हिंदी में किसी ऐसे कठिन कार्य के लिए प्रयोग होता है जो असाधारण संकल्प से पूरा हो। गंगा आज भी बहती है — करोड़ों लोगों की माँ, मोक्षदायिनी। शिव की जटाओं में वास करके वह पवित्र हुई। भगीरथ की साधना से वह सुलभ हुई। दोनों के बिना यह नहीं होता।"
हनुमान की समुद्र लंघन,"सीता माँ के हरण के बाद वानर सेना समुद्र के किनारे पहुँची। सामने था अथाह समुद्र — जिसे पार किए बिना लंका पहुँचना असंभव था। सब वानर हताश थे। तब वृद्ध जामवंत ने हनुमान की ओर देखा और धीरे से कहा — ""पवनपुत्र, क्या तुम भूल गए अपनी शक्ति को?""

जामवंत के शब्दों ने हनुमान के भीतर सोई हुई शक्ति को जगा दिया। वे खड़े हुए, उनका शरीर बढ़ने लगा — पर्वत जितना विशाल। उनकी गर्जना से आकाश काँप उठा। उन्होंने मन में राम का नाम लिया और महेंद्र पर्वत की चोटी पर चढ़ गए — छलाँग लगाने के लिए।

हनुमान ने छलाँग लगाई। पर्वत धँस गया। समुद्र की लहरें दसों दिशाओं में बिखर गईं। वे आकाश में उड़ रहे थे — बादलों को चीरते हुए, सूर्य को छूते हुए। मार्ग में मैनाक पर्वत ने उन्हें विश्राम का निमंत्रण दिया। हनुमान ने विनम्रता से मना कर दिया — ""जब तक राम का कार्य पूरा न हो, मुझे विश्राम नहीं।""

देवी सुरसा ने समुद्र के बीच हनुमान का मार्ग रोका — ""मैं तुम्हें खाऊँगी।"" हनुमान ने अपना आकार बढ़ाया, सुरसा ने भी अपना मुख बढ़ाया। तब हनुमान अचानक छोटे हो गए और सुरसा के मुख में प्रवेश करके तुरंत बाहर निकल आए। बुद्धिमानी से वे परीक्षा में उत्तीर्ण हुए।

लंका पहुँचकर हनुमान ने रात्रि में अदृश्य होकर नगरी में प्रवेश किया। महल, उद्यान, भवन — सब खोजे। कहीं सीता नहीं मिलीं। तब उन्होंने अशोक वाटिका की ओर कदम बढ़ाए। वहाँ एक वृक्ष के नीचे, राक्षसियों के बीच, श्वेत वस्त्र धारण किए एक दिव्य स्त्री बैठी थीं — उनके नेत्रों में राम की याद थी।

हनुमान ने धीरे से राम कथा सुनानी शुरू की। सीता माँ चौंकीं — यह वानर राम का नाम जानता है? हनुमान ने राम की मुद्रिका उनके सामने रखी। सीता माँ की आँखों से अश्रु बह निकले। ""क्या राम मुझे भूले नहीं?"" हनुमान ने कहा — ""माते, वे एक पल भी आपको नहीं भूले। वे प्रतिदिन आपका नाम लेते हैं।""

सीता माँ ने हनुमान को आशीर्वाद दिया और अपनी चूड़ामणि दी — राम के लिए निशानी। हनुमान ने प्रणाम किया और आकाश में उड़ गए — हृदय में सीता की छवि और होठों पर राम का नाम। यह कथा सिखाती है: जब हम किसी के लिए प्रेम से कार्य करते हैं, तो समुद्र भी बाधा नहीं बनता।"
शिव द्वारा त्रिपुर संहार,"असुर तारकासुर के तीन पुत्र थे — तारकाक्ष, कमलाक्ष, और विद्युन्माली। तीनों ने ब्रह्मा की घोर तपस्या की। वरदान माँगा — ""हमें तीन अविनाशी नगरियाँ दो — स्वर्ण, चाँदी, और लोहे की। और इन्हें केवल एक ही बाण से नष्ट किया जा सके, जब तीनों एक पंक्ति में आएँ।""

त्रिपुर में रहकर तीनों असुरों ने स्वर्ग, पृथ्वी, और पाताल पर अत्याचार शुरू किया। देवता हार गए। वे ब्रह्मा के पास गए — ब्रह्मा ने हाथ खड़े किए। विष्णु के पास गए — विष्णु ने कहा: ""केवल महादेव।"" शिव के पास जब देवगण आए, तो शिव ध्यान में थे। उन्होंने शर्त रखी — ""पहले उन्हें धर्म के मार्ग पर लाने की कोशिश करो।""

विष्णु ने वृद्ध ब्राह्मण का रूप लिया और त्रिपुर में गए — तीनों असुरों को धर्म की ओर मोड़ने की कोशिश की। पर असुर राज बुद्धि खो चुके थे। उन्होंने उपदेश ठुकरा दिया। अब समय आया — शिव का। देवताओं ने मिलकर एक दिव्य रथ बनाया, जिसमें पृथ्वी पहिया थी, सूर्य-चंद्र चक्र थे, मेरु पर्वत धनुष, वासुकी नाग प्रत्यंचा — और बाण था अग्नि का।

हज़ार वर्षों में एक बार — तीनों नगरियाँ एक पंक्ति में आईं। वह क्षण आया। शिव ने रथ पर आरूढ़ होकर धनुष उठाया। पर एक पल के लिए — वे रुके। उनके होठों पर मुस्कान थी। देवता घबराए — ""अब क्यों रुके?"" शिव ने कहा: ""क्षण की प्रतीक्षा करो।"" और उस एक पल में — उन्होंने ध्यान किया।

एक बाण — और त्रिपुर का अस्तित्व समाप्त हो गया। तीनों नगरियाँ एक साथ जलकर राख हो गईं। तीनों असुर भस्म हो गए। देवताओं ने जयकार की। शिव ""त्रिपुरारि"" और ""त्रिपुरांतक"" कहलाए — त्रिपुर को नष्ट करने वाले। पर शिव का भाव उत्सव का नहीं था — वे तुरंत शांत हो गए, जैसे कुछ हुआ ही न हो।

यह कथा सिखाती है: शिव केवल संहारक नहीं — वे सबसे अंत में आते हैं, जब हर दूसरा विकल्प समाप्त हो जाता है। उनका विनाश अहंकार से नहीं, धर्म से होता है। और जो भी नष्ट होता है — वह मुक्ति पाता है। असुरों की मृत्यु भी उनके लिए मोक्ष थी। शिव की संहार-शक्ति अंततः करुणा का ही एक रूप है।"
द्रौपदी की रक्षा,"जुए में पांडव हार चुके थे। द्रौपदी को दांव पर लगाया गया था — और हारे थे। दुर्योधन ने आदेश दिया — द्रौपदी को भरी सभा में खींचकर लाओ। दुशासन ने उनके केश थामे और उन्हें घसीटता हुआ सभा में लाया। यह अपमान से भी बड़ा कुछ था।

द्रौपदी ने सभा में पुकारा — ""क्या कोई मेरी रक्षा करेगा? पितामह? आचार्य?"" कोई नहीं उठा। तब दुशासन ने उनकी साड़ी खींचनी शुरू की। द्रौपदी के हाथ साड़ी पकड़े थे — दोनों हाथों से। उन्होंने पुकारा — ""हे गोविंद! हे द्वारकानाथ!""

द्वारका में कृष्ण किसी कार्य में थे। अचानक रुके — जैसे किसी ने पुकारा। आँखें बंद कीं। फिर मुस्कुराए। हज़ारों मील दूर, कुरुक्षेत्र की सभा में — साड़ी बढ़ती रही। दुशासन खींचता रहा। पर अब साड़ी का कोई अंत नहीं था।

दुशासन थककर गिर पड़ा। वस्त्र का अंत नहीं आया। सभा स्तब्ध थी। द्रौपदी की साड़ी के पहाड़ से दुशासन दब गया। तब द्रौपदी ने आँखें खोलीं। उनके नेत्रों में आँसू थे — पर वे धर्म के आँसू थे, पराजय के नहीं। उन्होंने प्रण किया — ""जब तक दुशासन के रक्त से मेरे केश न धुलें, मैं इन्हें नहीं बाँधूँगी।""

यह कथा सिखाती है — जब मनुष्य की सारी शक्ति समाप्त हो जाए, तब यदि हम दोनों हाथ उठाकर ईश्वर को पुकारें — वे अवश्य आते हैं। द्रौपदी की रक्षा इसलिए नहीं हुई कि वे राजकुमारी थीं। इसलिए हुई क्योंकि उन्होंने स्वयं को पूरी तरह समर्पित कर दिया।

द्रौपदी ने जब पूरे मन से पुकारा — ""हे केशव!"" — तब वस्त्र का सिलसिला शुरू हुआ। दुःशासन थका, वस्त्र का अंत न आया। सभा स्तब्ध थी। भीष्म, द्रोण, कर्ण — सब बैठे रहे। इतिहास में यह वह क्षण था जब न्याय की परीक्षा हुई — और मनुष्य असफल रहे। केवल भगवान उत्तीर्ण हुए।

द्रौपदी ने कसम खाई — जब तक दुःशासन का रक्त उसके केशों में न लगे, वह अपने बाल न बाँधेगी। यह प्रतिज्ञा महाभारत युद्ध की नींव बनी। पर इस कथा का सबसे बड़ा सबक यही है: जब भी हम पूर्ण समर्पण के साथ कृष्ण को पुकारते हैं — वे आते हैं। अदृश्य रूप में, पर निश्चित रूप में।"
कृष्ण-सुदामा की मित्रता,"सुदामा एक गरीब ब्राह्मण थे — कृष्ण के बचपन के मित्र, गुरु संदीपनी के आश्रम के साथी। वर्षों बीत गए। कृष्ण द्वारका के राजा बन गए। सुदामा अपनी झोपड़ी में पत्नी और बच्चों के साथ निर्धनता में जी रहे थे। एक दिन पत्नी ने कहा — ""कृष्ण तुम्हारे मित्र हैं — एक बार मिलने जाओ।""

सुदामा के मन में संकोच था — ""मैं एक राजा के पास कैसे जाऊँ? और खाली हाथ?"" पत्नी ने पड़ोसियों से माँगकर थोड़े से चावल के पोहे बाँधे — ""यही ले जाओ।"" सुदामा ने वह पोटली अपनी बगल में छुपा ली और द्वारका की ओर चले। रास्ते भर सोचते रहे — ""कृष्ण मुझे पहचानेंगे भी?""

सुदामा महल के द्वार पर पहुँचे। द्वारपालों ने उनका नाम पूछा। जैसे ही ""सुदामा"" कहा — भीतर से दौड़ते हुए स्वयं कृष्ण आए। नंगे पाँव, आँखों में अश्रु। उन्होंने सुदामा को गले लगाया जैसे युग की प्रतीक्षा टूट गई हो।

कृष्ण ने सुदामा को अपने महल में बैठाया, उनके पाँव धोए, रुक्मिणी को बुलाया। उन्होंने सुदामा की पोटली देखी — पर कुछ नहीं पूछा। खुद ही उसे खोला। पोहे निकले। कृष्ण के नेत्र चमक उठे। उन्होंने मुट्ठी भर पोहे उठाए और खाने लगे — आनंद से।

सुदामा अपनी बात नहीं कह सके — कभी माँगा नहीं। घर लौटे, मन में सोचते रहे — ""मैंने कुछ माँगा नहीं, कृष्ण ने कुछ दिया नहीं।"" पर घर पहुँचे तो — झोपड़ी की जगह महल था। पत्नी और बच्चे रेशमी वस्त्रों में। सुदामा की आँखों से अश्रु बह निकले। उन्होंने समझा — कृष्ण ने सब दे दिया, बिना माँगे।

सुदामा जब द्वारका से चले, तो उन्हें याद आया — उन्होंने कुछ माँगा ही नहीं। वे रास्ते भर सोचते रहे — ""क्यों नहीं माँगा? कृष्ण ने भी कुछ दिया नहीं।"" पर जब वे अपनी टूटी झोपड़ी के पास पहुँचे — वहाँ महल था। उनकी पत्नी रेशम में थी, बच्चे हँस रहे थे। सुदामा की आँखें भर आईं।

सुदामा ने कभी धन का अहंकार नहीं किया — उन्होंने जो मिला, उसे ईश्वर की देन मानकर स्वीकार किया। और इस कथा का सार यही है: कृष्ण धन से नहीं, प्रेम से खरीदे जाते हैं। जो मित्र के पास खाली हाथ जाता है — केवल मिलने के लिए — उसे कृष्ण खाली हाथ नहीं लौटाते।"
शिव का हलाहल विष पान,"सृष्टि के आरंभ में देवताओं और असुरों ने मिलकर क्षीरसागर का मंथन किया — अमृत प्राप्त करने के लिए। मंदराचल पर्वत मथानी बना, वासुकी नाग रस्सी। मंथन शुरू हुआ — घड़ी-घड़ी हिलते समुद्र से अद्भुत वस्तुएँ निकलने लगीं। पर सबसे पहले जो निकला — वह अमृत नहीं, विष था।

हलाहल विष इतना भयंकर था कि उसकी गंध मात्र से देवता और असुर मूर्छित होने लगे। उसकी एक बूँद से संसार का अंत हो सकता था। देवगण घबराए, असुर भागे। ब्रह्मा जी ने कहा — ""इसे रोकने वाला एकमात्र महादेव ही हो सकता है।"" सब मिलकर कैलाश की ओर दौड़े।

देवी पार्वती के साथ कैलाश पर विराजमान शिव ने सबकी प्रार्थना सुनी। उनके नेत्रों में करुणा थी। वे जानते थे — यह कार्य केवल वे ही कर सकते हैं, और इसकी कीमत चुकानी होगी। पार्वती जी ने उनका हाथ थामा — उनकी आँखों में प्रश्न था। शिव मुस्कुराए — ""लोकसंग्रह के लिए, देवी।"" और वे उठ खड़े हुए।

शिव ने हलाहल विष को अपनी हथेली में लिया। विष भयंकर रूप से जल रहा था — देवता काँप रहे थे। फिर शिव ने उसे अपने मुख में डाला और कण्ठ में रोक लिया — न उगला, न निगला। उनका कण्ठ नीला हो गया। तभी से वे ""नीलकण्ठ"" कहलाए — जिन्होंने संसार का दुख अपने गले में धारण किया।

पार्वती जी ने तत्काल शिव के कण्ठ को अपने दोनों हाथों से थाम लिया — ताकि विष नीचे न उतरे। उनका यह स्पर्श शिव की रक्षा बन गया। जहाँ शक्ति और शिव मिलते हैं — वहाँ विनाश भी रुक जाता है। देवताओं ने प्रणाम किया। अमृत मंथन फिर प्रारंभ हुआ — अब बिना भय के।

यह कथा केवल पौराणिक नहीं है — यह जीवन का सत्य है। हर महान आत्मा को संसार का कुछ दुख अपने भीतर रखना पड़ता है। जो व्यक्ति दूसरों की पीड़ा को अपने हृदय में धारण करके भी मुस्कुराते रहते हैं — वे शिव के अंश हैं। नीलकण्ठ का नाम सुनते ही याद आता है — सबसे बड़ा त्याग, सबसे गहरी करुणा।"
गणेश और समर्पित किसान,"एक गाँव में एक किसान था — गोपाल। गरीब, सरल, पर गणेश का परम भक्त। हर सुबह वह खेत जाने से पहले गणेश मंदिर जाता, एक दूर्वा और एक मोदक चढ़ाता, और कहता: ""गणेश जी, आज का दिन आपके हाथों में।"" फिर काम पर जाता। उसके पड़ोसी उस पर हँसते थे।

एक वर्ष भयंकर सूखा पड़ा। सभी किसानों की फ़सल जल गई। पर गोपाल के खेत में एक छोटे से स्रोत से पानी आता रहा जिसे किसी ने कभी नहीं देखा था। उसकी फ़सल बची। पड़ोसियों ने सोचा — भाग्य। पर गोपाल जानता था।

दूसरे वर्ष एक व्यापारी गाँव से गुज़रा। उसने गोपाल की फ़सल देखी और बड़ी रकम का प्रस्ताव किया। गोपाल ने उचित मूल्य माँगा — न अधिक, न कम। व्यापारी ने मान लिया। उस धन से गोपाल ने गाँव में एक छोटा कुआँ खुदवाया — सबके लिए।

वर्षों बाद गोपाल का एकमात्र पुत्र बीमार पड़ गया। वैद्य ने हाथ खड़े किए। गोपाल मंदिर गया। इस बार उसके पास दूर्वा भी नहीं थी। वह खाली हाथ गया, सिर झुकाया, और बोला: ""गणेश जी, आप जानते हैं।"" उस रात उसके बेटे को किसी अज्ञात वनस्पति से बनी दवाई मिली — एक अजनबी ने दी।

तीन दिन में बेटा ठीक हो गया। जब गोपाल उस अजनबी को धन्यवाद देने गया — वह जा चुका था। किसी ने उसे देखा था, किसी ने नहीं। गोपाल मंदिर गया। उसने कुछ नहीं माँगा, कुछ नहीं कहा। बस बैठा रहा — गणेश जी के पास। लंबे समय तक।

गोपाल की कथा किसी ग्रंथ में नहीं है। पर हर गाँव में एक गोपाल है। गणेश जी की भक्ति में कोई बड़ा कर्मकांड नहीं चाहिए — केवल प्रतिदिन का स्मरण, केवल हृदय का विश्वास, केवल यह भाव: ""आज का दिन आपके हाथों में।"" वे विघ्नहर्ता हैं — पर उन तक पहुँचने का मार्ग बड़ा सरल है।"
दुर्गा और शुंभ-निशुंभ का अहंकार,"दो भाई — शुंभ और निशुंभ — घोर तपस्या और रणनीति से असुर जगत में उठे। उन्होंने देवताओं को समझा, उनकी कमज़ोरियाँ पहचानीं, और जब आक्रमण किया — इंद्र पकड़ा गया। देवता तीसरी बार बेघर हुए। वे हिमालय गए और देवी को पुकारा। पार्वती के शरीर से एक सुनहरी देवी प्रकट हुईं — अंबिका। यही देवी थीं, नए रूप में। शुंभ ने सुना और दूत भेजा: मुझसे विवाह करो।

देवी का जवाब अपमान नहीं था — चुनौती थी। उन्होंने कहा: जो मुझे युद्ध में हरा दे, उसी से विवाह करूँगी। शुंभ क्रोधित हुआ। उसने धूम्रलोचन को भेजा साठ हज़ार सेना के साथ। देवी ने एक साँस में सारी सेना राख कर दी। फिर चंड-मुंड गए। फिर रक्तबीज। एक-एक करके सब गिरे। शुंभ को अब समझ आया — उसे स्वयं जाना होगा।

निशुंभ पहले गिरा। उसके गिरते ही शुंभ का क्रोध चरम पर पहुँचा। वह आकाश में उड़ा और सीधे देवी पर टूट पड़ा — पर्वत फेंके, दिव्यास्त्र चलाए। देवी ने हर अस्त्र का उत्तर दिया। आकाश बिजली और अग्नि का रंगमंच बन गया। वह हँसती हुई, नाचती हुई, हर वार को पार करती रहीं। फिर शुंभ का एक प्रहार लगा। देवगण चुप हो गए। पर उन्होंने केवल एक बार सिर हिलाया — और हँसी लौट आई, और गहरी।

युद्ध का अंतिम चरण। शुंभ ने एक आखिरी चाल चली — सभी देवियों को वापस बुला लिया देवी के शरीर में। अब केवल एक देवी अकेली खड़ी थी। ""अब अकेले लड़ो!"" वह चीखा। देवी ने शांत दृष्टि से देखा। ""वे मुझसे अलग कब थीं?"" उन्होंने पूछा। ""काली, योद्धा देवियाँ, सेनाएँ — सब मैं ही थी। एक ही है। हमेशा केवल एक।"" फिर उन्होंने त्रिशूल उठाया।

शुंभ आगे बढ़ा। देवी ने त्रिशूल से प्रहार किया, वह गिरा। जैसे ही वह उठने लगा, देवी ने छलाँग लगाई और भाला छाती में उतार दिया। अंतिम साँस में शुंभ ने पूछा: ""तुमने अकेले जीता? पर देवों के अस्त्र, देवियाँ, सेनाएँ — यह अकेला कैसे हुआ?"" देवी पास झुकीं। ""क्योंकि सब उसी एक शक्ति के रूप हैं जो सर्वत्र है। जिस क्षण तुमने शक्ति को अपनी व्यक्तिगत शक्ति मानी — तुम हार चुके थे।""

शुंभ की पराजय सबसे गहरी दार्शनिक विजय थी। वह बुरा था इसलिए नहीं मारा गया — बल्कि इसलिए कि उसने वह आत्मिक भूल की जो सबसे घातक है: शक्ति को व्यक्तिगत मानना। देवी महात्म्य का सार यही है: सारी शक्ति एक ही स्रोत से बहती है। सूरज अपनी रोशनी नहीं बनाता — वह चैनल है। गर्व बुरा नहीं है क्योंकि वह अप्रिय है — बुरा है क्योंकि वह झूठ है।"
अर्धनारीश्वर - दिव्य मिलन,"एक बार ऋषि भृंगी ने निर्णय किया कि वे केवल शिव की परिक्रमा करेंगे — पार्वती की नहीं। उनका मत था कि पुरुष तत्त्व श्रेष्ठ है। उन्होंने मधुमक्खी का रूप लिया और शिव के चारों ओर केवल उनकी परिक्रमा की — पार्वती को छोड़कर। पार्वती रुष्ट हुईं।

पार्वती ने शिव को अपनी ओर खींचा और उनके आधे शरीर में समा गईं। शिव का आधा भाग शिव रहा — जटा, तीसरा नेत्र, सर्प। और आधा  भाग पार्वती — केश, आभूषण, सौंदर्य। वे अर्धनारीश्वर बन गए — आधे नर, आधी नारी। भृंगी ने परिक्रमा जारी रखी — पर अब वे केवल शिव वाले आधे की परिक्रमा नहीं कर सकते थे।

पार्वती ने अपनी शक्ति वापस ली — केवल भृंगी से। भृंगी में जो भी स्त्री-तत्त्व था — रक्त, मांस, अस्थि-मज्जा — वह चला गया। भृंगी केवल हड्डियों का ढाँचा रह गए। वे खड़े भी न हो सके। तब उन्हें समझ आई — उनके शरीर का आधार ही माता से था।

अर्धनारीश्वर रूप का दार्शनिक अर्थ गहरा है। शिव = चेतना (पुरुष तत्त्व)। पार्वती = शक्ति (प्रकृति तत्त्व)। दोनों के बिना सृष्टि असंभव है। चेतना बिना शक्ति के निर्जीव है। शक्ति बिना चेतना के अंधी है। जब दोनों मिलते हैं — सृष्टि होती है, जीवन होता है।

पार्वती ने भृंगी को क्षमा किया। उन्हें तीसरा पैर दिया — स्थिरता के लिए। भृंगी ने तब पूरी परिक्रमा की — शिव और पार्वती दोनों की। उनकी भक्ति अब पूर्ण थी। यह कथा सिखाती है कि सच्ची भक्ति में दोनों तत्त्वों का सम्मान है — न केवल एक का।

अर्धनारीश्वर की मूर्ति आज भी हर शिव मंदिर में मिलती है। यह केवल धार्मिक प्रतीक नहीं — यह हमारे भीतर की पूर्णता का संदेश है। हर मनुष्य में शिव और शक्ति दोनों हैं — तर्क और अनुभूति, स्थिरता और गतिशीलता, ज्ञान और प्रेम। जब हम अपने भीतर दोनों को स्वीकारते हैं — तब हम अर्धनारीश्वर की पूजा सच्चे अर्थों में करते हैं।"
नंदी - परम भक्त की कथा,"नंदी का जन्म ऋषि शिलाद के तपस्या-फल के रूप में हुआ था। शिलाद निःसंतान थे और उन्होंने शिव से पुत्र माँगा जो मृत्यु के भय से मुक्त हो। एक दिन जब वे खेत जोत रहे थे, तो भूमि से एक बालक निकला — दिव्य, तेजस्वी। यही नंदी थे।

नंदी बड़े हुए — बुद्धिमान, शक्तिशाली, पराक्रमी। पर एक दिन देवताओं के वैद्य मित्र-वरुण ने उनके पिता शिलाद को बताया कि नंदी की आयु बहुत कम है — वे अल्पायु हैं। शिलाद रो पड़े। नंदी ने यह सुना और मुस्कुराए। ""पिताजी, रोइए मत। जो भी समय है, मैं उसे शिव की भक्ति में लगाऊँगा।""

नंदी ने शिव वन में जाकर घोर तपस्या की। एकाग्र मन, अनवरत जप, निश्छल प्रेम। उनकी भक्ति में कोई माँग नहीं थी — न लंबी आयु, न शक्ति, न वरदान। केवल एक इच्छा: ""शिव के चरणों में रहना।"" उनकी साधना से कैलाश कंपित हो उठा।

शिव प्रकट हुए — नंदी के सामने। नंदी ने आँखें खोलीं और जो देखा उसे शब्दों में नहीं बाँधा जा सकता। शिव ने कहा: ""नंदी, तुम्हारी भक्ति अद्वितीय है। माँगो — क्या चाहते हो?"" नंदी ने कहा: ""प्रभु, केवल यही — कि आपके द्वार पर सदा खड़ा रहूँ। आपका द्वारपाल बनूँ।"" शिव के नेत्रों में अश्रु थे।

शिव ने नंदी को आशीर्वाद दिया — उन्हें अमर, अजर, और वृषभ स्वरूप प्रदान किया। नंदी कैलाश के द्वारपाल बने — शिव के सबसे प्रिय गण। वे केवल द्वारपाल नहीं — शिव के परम मित्र, परम भक्त, परम सेवक बने। आज भी हर शिव मंदिर में नंदी शिवलिंग की ओर मुख किए बैठे हैं।

जब भी आप किसी शिव मंदिर जाएँ — पहले नंदी के कान में अपनी इच्छा कहें। परंपरा है कि नंदी शिव के सबसे विश्वासपात्र हैं — आपकी बात शिव तक पहुँचाते हैं। नंदी का जीवन सिखाता है: जब हम बिना शर्त के प्रेम करते हैं — तो भगवान खुद हमारे जीवन को अमर बना देते हैं।"
रास लीला — प्रेम का दिव्य नृत्य,"शरद पूर्णिमा की रात — वर्ष की सबसे उज्ज्वल रात। यमुना के तट पर चाँदनी बिछी थी। कृष्ण ने बाँसुरी उठाई और एक ऐसी धुन बजाई जो केवल प्रेमी हृदय सुन सकता था। गोपियाँ अपने-अपने घरों में थीं — कुछ सो रही थीं, कुछ काम कर रही थीं। पर उस धुन ने सबको खींच लिया।

जब गोपियाँ यमुना तट पहुँचीं, उन्होंने कृष्ण को देखा — चाँदनी में, मुस्कुराते हुए। कृष्ण ने उनसे कहा — ""जाओ, घर लौट जाओ। तुम्हारे धर्म यहाँ नहीं हैं।"" पर गोपियाँ बोलीं — ""प्रभु, जब आपकी बाँसुरी बुलाती है, तो घर और धर्म सब आप ही हो जाते हैं।""

रास लीला आरंभ हुई। कृष्ण ने एक अद्भुत चमत्कार किया — प्रत्येक गोपी को लगा कि कृष्ण केवल उनके साथ नृत्य कर रहे हैं। सबके साथ, फिर भी प्रत्येक के साथ अकेले। वृत्त बना, संगीत था, चाँदनी थी — और वह रात समय से बाहर थी।

जब अभिमान आया — जब कुछ गोपियों ने सोचा ""हम धन्य हैं, हमसे बड़ा भक्त कौन?"" — कृष्ण अदृश्य हो गए। रास टूट गया। गोपियाँ रोने लगीं, खोजने लगीं। तब उन्हें समझ आया — कृष्ण की उपस्थिति अहंकार के साथ नहीं रहती। जैसे ही अहं गया, कृष्ण लौटे।

रास लीला का गहरा अर्थ है — यह भौतिक प्रेम नहीं, आत्मा का ईश्वर से मिलन है। गोपियाँ जीवात्माएँ हैं, कृष्ण परमात्मा हैं। यह नृत्य वह अवस्था है जब जीव अपने अहंकार को, अपनी अलगता को भूलकर परमात्मा में समाहित हो जाता है। शरद पूर्णिमा की वह रात आज भी हर ध्यान में जीवित है।

रास लीला केवल एक नृत्य नहीं — यह आत्मा और परमात्मा के मिलन का रूपक है। गोपियाँ जीवात्माएँ हैं। कृष्ण परमात्मा हैं। रात्रि संसार की माया है। बंसी की ध्वनि ईश्वर की पुकार है। और यमुना तट वह स्थान है जहाँ आत्मा अपने स्रोत से मिलती है। प्रत्येक आत्मा को यह पुकार सुनाई देती है — कोई-कोई उठता है।

रास लीला वृंदावन की घटना भले हो — पर उसकी अनुभूति हर युग में, हर देश में होती है। जब भी कोई आत्मा संसार की बाधाओं को पार करके ईश्वर की ओर बढ़ती है — वहाँ रास होता है। मीरा ने रास किया। तुलसीदास ने रास किया। जब भी आप मंदिर में खड़े होते हैं और कुछ पलों के लिए सब भूल जाते हैं — आप रास में होते हैं।"
काली का जन्म,"महिषासुर के वध के बाद असुरों ने हार नहीं मानी। चंड और मुंड नाम के दो असुर उठे। देवताओं ने पुनः देवी को पुकारा। देवी के भ्रू-मध्य से काली प्रकट हुईं — कालिमा जैसी काली, खप्परों की माला पहने, लाल जीभ लपलपाती, एक हाथ में खड्ग, दूसरे में कटा हुआ सिर। जहाँ दुर्गा राजसी थीं, काली अदम्य थीं। वे क्रोध से नहीं जन्मीं — वे आवश्यकता से जन्मीं।

काली ने चंड-मुंड की सेना को तूफान की तरह बहा दिया। जब वे स्वयं आए, काली ने दोनों के बाल पकड़े और एक ही झटके में सिर काट दिए। उन्हें दुर्गा के चरणों में रख दिया। इसी से उनका नाम चामुंडा पड़ा। पर युद्ध अभी खत्म नहीं हुआ था। सबसे भयंकर असुर अभी बाकी था — रक्तबीज। उसके रक्त की हर बूँद जो धरती पर गिरती, हज़ार रक्तबीज जन्म लेते। वह सदियों से अजेय था।

देवताओं ने सारे अस्त्र चलाए। हर घाव से दस और रक्तबीज जन्मे। रणक्षेत्र हज़ारों रक्तबीजों से भर गया। देवता पीछे हटने लगे। तब दुर्गा ने काली को देखा। ""मुँह खोलो,"" उन्होंने कहा। काली ने मुँह खोला — आकाश जितना विशाल — और दुर्गा ने देवताओं को घाव देते रहने को कहा। पर अब हर बूँद रक्त, धरती पर गिरने से पहले, काली की जीभ पर आ गिरी। कोई नया असुर नहीं जन्मा।

रक्तबीज क्रोधित हुआ — उसकी शक्ति घट रही थी। उसने गदा चलाई, चीखा, भागा। पर काली अब उसकी पहुँच से परे थीं। जब उसकी अंतिम बूँद पी ली गई और हज़ार रूप ढह गए, काली अकेली रणक्षेत्र में खड़ी थीं। फिर वे नाचने लगीं। उनके पैरों से पृथ्वी हिल उठी। देवता देखते रहे — पर भय भी था। नृत्य तेज़ होता जा रहा था, खतरनाक होता जा रहा था।

काली का नृत्य प्रलय की ताण्डव बनता जा रहा था। धरती दरकने लगी, समुद्र उफनने लगे। देवता शिव के पास भागे। शिव काली के मार्ग में लेट गए। नृत्य के आवेश में काली का पैर शिव की छाती पर पड़ा। वह रुक गईं। नीचे देखा — पति थे। उनकी जीभ लज्जा से भीतर चली गई। विनाश का नृत्य थम गया। यहीं से वह चित्र बना — काली शिव पर खड़ी — प्रभुत्व का नहीं, प्रेम का प्रतीक।

काली की पूजा पूरे भारत में होती है — विशेषकर बंगाल, असम, केरल में। वे खोपड़ियाँ पहनती हैं क्योंकि उन्होंने मृत्यु को जीत लिया है। उनकी जीभ लाल है क्योंकि उन्होंने असुरों का रक्त पिया — ताकि आपको न पीना पड़े। वे शिव पर इसलिए खड़ी हैं क्योंकि शक्ति के बिना शिव शव हैं। सबसे भयंकर प्रेम भी प्रेम है। सबसे भयावह रक्षक भी माँ है। यही काली हैं। यही सत्य है।"
नवरात्रि — देवी की नौ रातें,"नवरात्रि से पहले एक प्रार्थना थी। ऋषि मार्कण्डेय ने गुरु से पूछा: अच्छे लोगों की पूजा के बावजूद संसार दुखी क्यों है? गुरु ने कहा: क्योंकि हम सही समय पर सही शक्ति नहीं पुकारते। शक्ति एक नहीं है — नौ हैं। एक ही दिव्य माँ के नौ चेहरे, हर एक अलग प्रकार की शक्ति का प्रतीक। इसीलिए नवरात्रि है — मनोरंजन का पर्व नहीं, एक पाठशाला है। नौ रातें। नौ शिक्षक। नौ सबक।

पहली रात: शैलपुत्री — पर्वत की पुत्री। वे जड़ों की शिक्षिका हैं। उठने से पहले जानो — तुम कहाँ खड़े हो। दूसरी रात: ब्रह्मचारिणी — साधिका। वे नंगे पैर चलती हैं, माला और कमंडल लिए। वे सिखाती हैं: ज्ञान दिया नहीं जाता — अर्जित किया जाता है। वे वह रूप हैं जो तब भी चलती रहीं जब सब कुछ रुकने को कहता था।

तीसरी रात: चंद्रघंटा — आधा चंद्रमा धारण किए, युद्ध के लिए तैयार। वे साहस सिखाती हैं। चौथी रात: कूष्मांडा — ब्रह्मांड की रचयित्री। उनकी मुस्कान से सृष्टि बनी। वे सिखाती हैं: आनंद रचना की शक्ति है। पाँचवीं रात: स्कंदमाता — कार्तिकेय की माँ। वे शिशु को और अस्त्र को एक साथ थामती हैं — क्योंकि सबसे शक्तिशाली योद्धा भी सबसे कोमल माता होती है।

छठी रात: कात्यायनी — सबसे उग्र योद्धा रूप। वे सिखाती हैं: न्यायोचित क्रोध भी धर्म है। सातवीं रात: कालरात्रि — सबसे काली। काले शरीर, बिखरे केश, अग्नि श्वास — वे अज्ञान की विनाशिका हैं। वे सिखाती हैं: कभी-कभी अंधेरे में उतरना पड़ता है — भागने के लिए नहीं, बल्कि इतना परिचित होने के लिए कि वह शक्ति खो दे।

आठवीं रात: महागौरी — परम शुद्ध, बर्फ जैसी श्वेत। पार्वती की तपस्या के बाद शिव ने गंगा में स्नान कराया — सारा अंधकार छँट गया। वे सिखाती हैं: चाहे कितना अंधकार चला हो — प्रकाश हमेशा वापस आ सकता है। नवीं रात: सिद्धिदात्री — अठारह सिद्धियों की दात्री। वे सिखाती हैं: सारी साधना का अंतिम फल है — देने की क्षमता। शक्ति को रोकने के लिए नहीं, दूसरों का स्रोत बनने के लिए।

दसवें दिन — विजयदशमी — हम विजय मनाते हैं। राम की नहीं, दुर्गा की नहीं — भीतर की विजय। नौ सबक, नौ शक्तियाँ जागृत। नवरात्रि शुरू करने वाला और समाप्त करने वाला व्यक्ति एक नहीं होता। क्योंकि नौ रातों में नौ शिक्षकों ने पूछा — क्या तुम जड़ हो? क्या तुम साहसी हो? क्या तुम लौट सकते हो प्रकाश में? यदि हाँ — तो विजयदशमी तुम्हारी है।"
देवी पूजा का उद्गम,"महिषासुर से बहुत पहले, एक प्रथम विनम्रता थी। इंद्र अपने स्वर्गलोक में बैठे थे — गर्वित, विजयी। एक युद्ध जीतकर लौटे थे। अप्सराएँ नाच रही थीं। तभी एक घास का तिनका सभा में आ तैरा — सोने की हवा में हरा, सरल। ""इसे जला दो,"" इंद्र ने अग्नि को आदेश दिया। अग्नि आगे बढ़े — और तिनका नहीं जला। फिर प्रयास किया। कुछ नहीं। ब्रह्मांड में कुछ बदल गया था। कोई उपस्थित था जिसके सामने सारी शक्तियाँ अर्थहीन हो गई थीं।

वायु को भेजा गया। वह पर्वत हिला सकते थे। उन्होंने तिनके पर पूरी शक्ति से वायु चलाई — तिनका धीरे से हिला, जैसे हँस रहा हो। इंद्र स्वयं उठे — देवराज, वज्रधारी। हाथ बढ़ाया — और तिनका अदृश्य हो गया। उसकी जगह एक स्त्री थी — दीप्तिमान, शांत, उनकी आँखों में प्रेम और विनोद। ""तुम कौन हो?"" इंद्र ने पूछा। उन्होंने मुस्कुराया। फिर अदृश्य हो गईं — केवल सुगंध छोड़कर।

देवता ब्रह्मा के पास गए। ब्रह्मा ने आँखें बंद कीं, फिर खोलीं — आश्चर्य से भरी। ""वे उमा थीं,"" उन्होंने कहा। ""हिमालय की पुत्री। शक्ति स्वयं। जो जीत आज तुम्हारी लगी — वह उनकी थी। हर युद्ध में वे अदृश्य लड़ीं। जो बिजली इंद्र ने चलाई — उसमें उनकी शक्ति थी।"" देवता स्तब्ध हो गए। जितना गर्व था, टूट गया — जैसे टूटे बर्तन से पानी।

इंद्र और देवताओं ने एक निर्णय लिया: वे उन्हें ठीक से खोजेंगे। लेन-देन के लिए नहीं — बल्कि उस बच्चे की तरह जो माँ को पहचान जाए। वे हिमालय गए। उमा ध्यान में बैठी थीं। उन्होंने फूल, फल, प्रार्थनाएँ अर्पित कीं — अपूर्ण, हार्दिक। उमा ने आँखें खोलीं। ""तुम्हारे पास मैं हमेशा से थी,"" उन्होंने कहा। ""तुम जानते नहीं थे। अब जानते हो — इस ज्ञान से क्या करोगे?""

उस दिन से देवताओं ने एक प्रथा बनाई: किसी भी कार्य से पहले — किसी युद्ध से, किसी महान उद्यम से — पहले शक्ति का आह्वान। यही कारण है कि हर हिंदू पूजा में देवी का आह्वान होता है। इसलिए नहीं कि वे पूजा माँगती हैं — बल्कि इसलिए कि आह्वान का कार्य ही आह्वानकर्ता को बदल देता है। जब आप अहंकार से पहले एक बड़ी शक्ति को स्वीकार करते हैं — आप बेहतर माध्यम बन जाते हैं।

यही देवी पूजा का उद्गम है — भय में नहीं, लेन-देन में नहीं — बल्कि उस क्षण में जब सृष्टि के सबसे शक्तिशाली प्राणियों ने कहा: हम अकेले नहीं कर सकते। शरणागति — पूर्ण समर्पण — यह पहला और सबसे उन्नत आराधना का कार्य है। देवी को फूल नहीं चाहिए — उन्हें आपका सत्य चाहिए।"
सती और आत्मसम्मान की अग्नि,"सती दक्ष की सबसे प्रिय पुत्री थीं — दीप्तिमान, भक्त, पिता के दरबार का गौरव। पर उन्हें शिव से प्रेम हो गया — उस तपस्वी से जो श्मशान में विचरते थे, जटाजूट, भस्मलिप्त, जिनके पास कुछ नहीं था। दक्ष घबरा गए। उनके मन में शिव उनसे नीचे थे। पर सती का प्रेम अटल था। उन्होंने तपस्या की, शिव से विवाह हुआ। फिर दक्ष ने एक महायज्ञ की घोषणा की — सृष्टि के हर महत्वपूर्ण प्राणी को आमंत्रित किया। शिव को छोड़कर।

सती को यज्ञ का पता चला। वे जाना चाहती थीं — बचपन का घर, बहनें, परिचित संस्कार। शिव ने धीरे से कहा: ""हमें आमंत्रित नहीं किया। जाना ठीक नहीं।"" पर सती अटल थीं। वे गईं — अकेली। उम्मीद थी — प्रेम अहंकार पर जीतेगा। वे यज्ञस्थल पर पहुँचीं। हर अतिथि ने प्रणाम किया। दक्ष ने नहीं। उन्होंने शिव के बारे में, सती के चुनाव के बारे में — वे शब्द कहे जो कोई पिता नहीं कहता।

सती यज्ञस्थल के बीच खड़ी थीं। भीतर कुछ बदल गया — दुःख नहीं, क्रोध नहीं — एक ऐसी स्पष्टता जो लगभग शांत थी। उन्होंने समझा: यह शरीर — दक्ष के वंश से जन्मा — उस स्थान पर नहीं रह सकता जहाँ शिव का अपमान हो। रहना मौन स्वीकृति होती। उन्होंने पिता को अंतिम बार देखा। ""मुझे आपका नाम लेने में लज्जा आती है,"" उन्होंने शांति से कहा। ""यह शरीर — आपके वंश का — लौटाती हूँ।"" और वे पवित्र अग्नि की ओर चलीं।

सती यज्ञाग्नि में उतरीं और जली नहीं — विलीन हो गईं। अग्नि ने उन्हें सहर्ष स्वीकार किया। यज्ञस्थल पर सन्नाटा छा गया। दक्ष ने देखा — जहाँ पुत्री खड़ी थी। वे बहस जीत गए थे। पुत्री को तोड़ दिया था। और इसमें एक ऐसे परिणाम को जगा दिया था जिसकी कल्पना भी नहीं थी। समाचार कैलाश पहुँचा। और शिव का शोक ताण्डव बन गया।

शिव का शोक-ताण्डव सृष्टि को नष्ट करने लगा। विष्णु ने सुदर्शन चक्र से सती के शरीर को विभक्त किया — 51 टुकड़े, 51 स्थानों पर गिरे। हर स्थान पर शक्तिपीठ बना। सती का शरीर दक्ष को लौट गया, पर उनकी शक्ति पूरे भारत में बिखर गई। वे नष्ट नहीं हुई थीं — वे धरती बन गई थीं। हर शक्तिपीठ याद दिलाता है: जिसे चुप कराया जाए, वह गायब नहीं होती। वह वह भूमि बन जाती है जिस पर तुम चलते हो।

सती का पुनर्जन्म पार्वती के रूप में हुआ — हिमालय की पुत्री। वर्षों की तपस्या से उन्होंने शिव को पुनः पाया। प्रेम — जो अहंकार से बिछड़ा था — भक्ति से मिला। पर सती की कथा का गहरा सबक यह है: वे कमज़ोरी से नहीं गईं। उन्होंने उस स्थान से जाना चुना जहाँ उनका सत्य सम्मानित नहीं था। वह चुनाव — जो पराजय लगा — 51 शक्तिपीठों की नींव बना। कभी-कभी सबसे उन्नत आत्मिक कार्य यही है: जहाँ देखा न जाए, वहाँ न रहना।"
हनुमान और राम सेतु,"लंका पर चढ़ाई का समय आ गया था। राम की विशाल वानर सेना समुद्र के तट पर खड़ी थी। सामने था सौ योजन का अथाह समुद्र। राम तीन दिन और रात समुद्र देव की प्रतीक्षा में बैठे रहे — पर समुद्र नहीं हिला।

राम ने अग्नि बाण उठाया — पृथ्वी काँपी, समुद्र की लहरें पीछे हटीं। समुद्र देव प्रकट हुए: ""प्रभु, वानर नल और नील के हाथों से फेंका पत्थर जल पर तैरेगा। पुल बनाइए — मैं उसे थामूँगा।""

नल-नील के नेतृत्व में लाखों वानरों ने पर्वत उखाड़े, शिलाएँ लाए। हनुमान ने प्रत्येक पत्थर पर ""राम"" लिखा — और वे जल पर तैरने लगे। पाँच दिन-रात अथक परिश्रम से सौ योजन लंबा सेतु बन गया।

पाँचवें दिन की सुबह — सेतु पूर्ण था। सौ योजन लंबा, दस योजन चौड़ा — लहरों पर अडिग। देवता आकाश से देख रहे थे। ब्रह्मा जी बोले: ""यह मेरी सृष्टि का सबसे बड़ा चमत्कार है — पर इसे बनाने वाले मैं नहीं, इनकी भक्ति है।""

राम सबसे पहले सेतु पर चले — हनुमान उनके बाईं ओर, सतर्क और कृतज्ञ। उनके पीछे लक्ष्मण, सुग्रीव, और फिर पूरी सेना। समुद्र की लहरें शांत थीं — जैसे सागर स्वयं राम के चरण स्पर्श की प्रतीक्षा में हो।

यह सेतु आज भी ""राम सेतु"" कहलाता है। इस कथा का सार है — जब लाखों हाथ एक उद्देश्य से उठें और हर पत्थर पर भगवान का नाम हो, तो समुद्र पर पुल बन जाता है। आपके जीवन के किसी भी असंभव सागर पर — बस हर कदम पर उनका नाम लिखते जाइए।"
